work_log_id,ticket_id,agent_id,work_date,handling_minutes
WL0000001,TKT000001,AGT004,2025-10-01,59
WL0000002,TKT000002,AGT013,2025-10-01,60
WL0000003,TKT000002,AGT015,2025-10-01,33
WL0000004,TKT000003,AGT015,2025-10-01,66
WL0000005,TKT000004,AGT015,2025-10-01,88
WL0000006,TKT000005,AGT008,2025-10-01,93
WL0000007,TKT000006,AGT017,2025-10-01,25
WL0000008,TKT000007,AGT015,2025-10-01,56
WL0000009,TKT000008,AGT016,2025-10-01,88
WL0000010,TKT000009,AGT008,2025-10-01,52
WL0000011,TKT000010,AGT016,2025-10-01,41
WL0000012,TKT000011,AGT002,2025-10-01,77
WL0000014,TKT000013,AGT013,2025-10-01,57
WL0000015,TKT000013,AGT015,2025-10-01,31
WL0000016,TKT000014,AGT008,2025-10-01,74
WL0000017,TKT000015,AGT008,2025-10-01,98
WL0000018,TKT000016,AGT002,2025-10-01,98
WL0000019,TKT000017,AGT007,2025-10-01,94
WL0000020,TKT000018,AGT014,2025-10-01,63
WL0000021,TKT000019,AGT015,2025-10-01,80
WL0000022,TKT000019,AGT016,2025-10-01,147
WL0000023,TKT000020,AGT002,2025-10-01,83
WL0000024,TKT000021,AGT007,2025-10-01,48
WL0000025,TKT000022,AGT007,2025-10-01,134
WL0000026,TKT000023,AGT015,2025-10-01,18
WL0000027,TKT000024,AGT016,2025-10-01,163
WL0000028,TKT000025,AGT007,2025-10-01,111
WL0000029,TKT000026,AGT004,2025-10-01,75
WL0000030,TKT000027,AGT013,2025-10-01,67
WL0000031,TKT000027,AGT015,2025-10-01,108
WL0000032,TKT000028,AGT014,2025-10-01,59
WL0000033,TKT000028,AGT016,2025-10-01,41
WL0000034,TKT000029,AGT001,2025-10-01,71
WL0000035,TKT000030,AGT013,2025-10-01,45
WL0000036,TKT000031,AGT009,2025-10-01,19
WL0000037,TKT000031,AGT010,2025-10-01,33
WL0000038,TKT000032,AGT014,2025-10-01,37
WL0000039,TKT000033,AGT004,2025-10-01,99
WL0000040,TKT000034,AGT017,2025-10-01,50
WL0000041,TKT000035,AGT014,2025-10-01,54
WL0000042,TKT000036,AGT014,2025-10-01,37
WL0000043,TKT000036,AGT017,2025-10-01,68
WL0000044,TKT000037,AGT010,2025-10-01,51
WL0000045,TKT000038,AGT007,2025-10-01,54
WL0000046,TKT000038,AGT010,2025-10-01,103
WL0000047,TKT000039,AGT014,2025-10-01,202
WL0000048,TKT000040,AGT009,2025-10-01,52
WL0000049,TKT000040,AGT010,2025-10-01,94
WL0000050,TKT000041,AGT004,2025-10-01,15
WL0000051,TKT000042,AGT017,2025-10-01,22
WL0000052,TKT000043,AGT013,2025-10-01,53
WL0000053,TKT000043,AGT017,2025-10-01,29
WL0000054,TKT000044,AGT002,2025-10-01,73
WL0000055,TKT000045,AGT013,2025-10-01,58
WL0000056,TKT000045,AGT014,2025-10-01,28
WL0000057,TKT000046,AGT009,2025-10-02,89
WL0000058,TKT000047,AGT005,2025-10-02,26
WL0000059,TKT000048,AGT001,2025-10-02,33
WL0000060,TKT000049,AGT017,2025-10-02,75
WL0000061,TKT000050,AGT013,2025-10-02,15
WL0000062,TKT000050,AGT017,2025-10-02,26
WL0000063,TKT000051,AGT013,2025-10-02,9
WL0000064,TKT000051,AGT017,2025-10-02,16
WL0000065,TKT000052,AGT007,2025-10-02,18
WL0000066,TKT000052,AGT009,2025-10-02,32
WL0000067,TKT000053,AGT005,2025-10-02,22
WL0000068,TKT000054,AGT004,2025-10-02,24
WL0000069,TKT000055,AGT013,2025-10-02,60
WL0000070,TKT000056,AGT008,2025-10-02,169
WL0000071,TKT000057,AGT003,2025-10-02,41
WL0000072,TKT000058,AGT016,2025-10-02,68
WL0000073,TKT000059,AGT007,2025-10-02,265
WL0000074,TKT000060,AGT017,2025-10-02,31
WL0000075,TKT000061,AGT004,2025-10-02,72
WL0000076,TKT000062,AGT007,2025-10-02,93
WL0000077,TKT000063,AGT009,2025-10-02,148
WL0000078,TKT000064,AGT016,2025-10-02,78
WL0000079,TKT000065,AGT013,2025-10-02,44
WL0000080,TKT000066,AGT007,2025-10-02,67
WL0000081,TKT000067,AGT001,2025-10-02,38
WL0000082,TKT000067,AGT004,2025-10-02,69
WL0000083,TKT000068,AGT005,2025-10-02,52
WL0000084,TKT000069,AGT007,2025-10-02,7
WL0000085,TKT000069,AGT009,2025-10-02,23
WL0000086,TKT000070,AGT013,2025-10-02,86
WL0000087,TKT000071,AGT013,2025-10-02,58
WL0000088,TKT000072,AGT008,2025-10-02,52
WL0000089,TKT000072,AGT009,2025-10-02,96
WL0000090,TKT000073,AGT013,2025-10-02,11
WL0000091,TKT000073,AGT016,2025-10-02,20
WL0000092,TKT000074,AGT016,2025-10-02,35
WL0000094,TKT000076,AGT004,2025-10-02,14
WL0000095,TKT000076,AGT005,2025-10-02,24
WL0000096,TKT000077,AGT017,2025-10-02,150
WL0000097,TKT000078,AGT013,2025-10-02,24
WL0000098,TKT000079,AGT003,2025-10-02,59
WL0000099,TKT000080,AGT016,2025-10-02,25
WL0000100,TKT000081,AGT017,2025-10-02,57
WL0000101,TKT000082,AGT016,2025-10-02,52
WL0000102,TKT000083,AGT004,2025-10-02,50
WL0000103,TKT000084,AGT008,2025-10-02,122
WL0000104,TKT000084,AGT009,2025-10-02,50
WL0000105,TKT000085,AGT001,2025-10-02,51
WL0000106,TKT000085,AGT008,2025-10-02,137
WL0000107,TKT000086,AGT013,2025-10-02,178
WL0000108,TKT000087,AGT001,2025-10-02,82
WL0000109,TKT000088,AGT005,2025-10-02,82
WL0000110,TKT000089,AGT013,2025-10-02,25
WL0000111,TKT000089,AGT016,2025-10-02,9
WL0000112,TKT000089,AGT017,2025-10-02,95
WL0000113,TKT000090,AGT005,2025-10-02,11
WL0000114,TKT000090,AGT016,2025-10-02,19
WL0000115,TKT000091,AGT016,2025-10-02,136
WL0000116,TKT000092,AGT003,2025-10-02,272
WL0000117,TKT000093,AGT003,2025-10-02,70
WL0000118,TKT000094,AGT013,2025-10-03,73
WL0000119,TKT000095,AGT001,2025-10-03,37
WL0000120,TKT000095,AGT002,2025-10-03,20
WL0000121,TKT000096,AGT015,2025-10-03,75
WL0000122,TKT000097,AGT011,2025-10-03,85
WL0000123,TKT000098,AGT004,2025-10-03,18
WL0000124,TKT000099,AGT013,2025-10-03,46
WL0000125,TKT000100,AGT015,2025-10-03,24
WL0000126,TKT000101,AGT007,2025-10-03,41
WL0000127,TKT000102,AGT015,2025-10-03,31
WL0000128,TKT000103,AGT002,2025-10-03,37
WL0000129,TKT000104,AGT013,2025-10-03,39
WL0000130,TKT000105,AGT015,2025-10-03,74
WL0000131,TKT000106,AGT013,2025-10-03,116
WL0000132,TKT000107,AGT017,2025-10-03,24
WL0000133,TKT000108,AGT013,2025-10-03,27
WL0000134,TKT000109,AGT007,2025-10-03,70
WL0000135,TKT000110,AGT013,2025-10-03,69
WL0000136,TKT000111,AGT015,2025-10-03,52
WL0000137,TKT000112,AGT013,2025-10-03,110
WL0000138,TKT000112,AGT017,2025-10-03,122
WL0000139,TKT000113,AGT004,2025-10-03,49
WL0000140,TKT000114,AGT011,2025-10-03,130
WL0000141,TKT000115,AGT007,2025-10-03,86
WL0000142,TKT000116,AGT017,2025-10-03,23
WL0000143,TKT000117,AGT007,2025-10-03,35
WL0000144,TKT000117,AGT011,2025-10-03,20
WL0000145,TKT000118,AGT011,2025-10-03,78
WL0000146,TKT000119,AGT017,2025-10-03,53
WL0000147,TKT000120,AGT011,2025-10-03,32
WL0000148,TKT000121,AGT017,2025-10-03,37
WL0000149,TKT000122,AGT011,2025-10-03,68
WL0000150,TKT000123,AGT010,2025-10-03,92
WL0000151,TKT000124,AGT004,2025-10-03,69
WL0000152,TKT000125,AGT007,2025-10-03,28
WL0000153,TKT000126,AGT017,2025-10-03,58
WL0000154,TKT000127,AGT004,2025-10-03,39
WL0000155,TKT000127,AGT005,2025-10-03,21
WL0000156,TKT000128,AGT015,2025-10-03,43
WL0000157,TKT000129,AGT010,2025-10-03,125
WL0000158,TKT000130,AGT004,2025-10-03,87
WL0000159,TKT000131,AGT015,2025-10-03,37
WL0000160,TKT000132,AGT002,2025-10-03,85
WL0000161,TKT000133,AGT007,2025-10-03,35
WL0000162,TKT000133,AGT010,2025-10-03,19
WL0000163,TKT000134,AGT010,2025-10-03,6
WL0000164,TKT000134,AGT011,2025-10-03,67
WL0000165,TKT000135,AGT010,2025-10-03,189
WL0000166,TKT000136,AGT017,2025-10-03,103
WL0000167,TKT000137,AGT015,2025-10-03,31
WL0000168,TKT000138,AGT007,2025-10-03,61
WL0000169,TKT000139,AGT015,2025-10-03,30
WL0000170,TKT000140,AGT001,2025-10-03,24
WL0000171,TKT000140,AGT002,2025-10-03,13
WL0000172,TKT000141,AGT015,2025-10-03,62
WL0000173,TKT000142,AGT010,2025-10-03,4
WL0000174,TKT000142,AGT015,2025-10-03,21
WL0000175,TKT000142,AGT017,2025-10-03,30
WL0000176,TKT000143,AGT004,2025-10-03,36
WL0000177,TKT000144,AGT001,2025-10-03,58
WL0000178,TKT000145,AGT001,2025-10-03,16
WL0000179,TKT000145,AGT002,2025-10-03,27
WL0000180,TKT000146,AGT003,2025-10-04,48
WL0000181,TKT000147,AGT001,2025-10-04,15
WL0000182,TKT000147,AGT002,2025-10-04,26
WL0000183,TKT000148,AGT008,2025-10-04,132
WL0000184,TKT000149,AGT010,2025-10-04,50
WL0000185,TKT000150,AGT015,2025-10-04,63
WL0000186,TKT000151,AGT015,2025-10-04,87
WL0000187,TKT000152,AGT001,2025-10-04,38
WL0000188,TKT000153,AGT013,2025-10-04,61
WL0000189,TKT000154,AGT013,2025-10-04,53
WL0000190,TKT000154,AGT015,2025-10-04,29
WL0000191,TKT000155,AGT013,2025-10-04,42
WL0000192,TKT000156,AGT009,2025-10-04,245
WL0000193,TKT000157,AGT010,2025-10-04,77
WL0000194,TKT000158,AGT003,2025-10-04,41
WL0000195,TKT000159,AGT003,2025-10-04,68
WL0000196,TKT000160,AGT008,2025-10-04,44
WL0000197,TKT000160,AGT011,2025-10-04,24
WL0000199,TKT000162,AGT015,2025-10-04,48
WL0000200,TKT000163,AGT011,2025-10-04,159
WL0000201,TKT000164,AGT011,2025-10-04,167
WL0000202,TKT000165,AGT002,2025-10-04,55
WL0000203,TKT000166,AGT013,2025-10-04,26
WL0000204,TKT000167,AGT013,2025-10-04,76
WL0000205,TKT000168,AGT015,2025-10-04,98
WL0000206,TKT000169,AGT011,2025-10-05,102
WL0000207,TKT000170,AGT004,2025-10-05,52
WL0000208,TKT000171,AGT007,2025-10-05,199
WL0000209,TKT000172,AGT011,2025-10-05,162
WL0000210,TKT000173,AGT014,2025-10-05,91
WL0000211,TKT000174,AGT011,2025-10-05,112
WL0000212,TKT000175,AGT015,2025-10-05,25
WL0000213,TKT000176,AGT007,2025-10-05,42
WL0000214,TKT000177,AGT007,2025-10-05,153
WL0000215,TKT000178,AGT016,2025-10-05,168
WL0000216,TKT000179,AGT004,2025-10-05,82
WL0000217,TKT000180,AGT005,2025-10-05,101
WL0000218,TKT000181,AGT004,2025-10-05,78
WL0000219,TKT000182,AGT005,2025-10-05,17
WL0000222,TKT000184,AGT005,2025-10-05,81
WL0000223,TKT000185,AGT004,2025-10-05,67
WL0000224,TKT000186,AGT001,2025-10-05,72
WL0000225,TKT000187,AGT017,2025-10-05,43
WL0000226,TKT000188,AGT017,2025-10-05,53
WL0000227,TKT000189,AGT015,2025-10-05,52
WL0000228,TKT000190,AGT005,2025-10-05,148
WL0000229,TKT000191,AGT017,2025-10-05,113
WL0000230,TKT000192,AGT014,2025-10-05,83
WL0000231,TKT000193,AGT004,2025-10-06,58
WL0000232,TKT000194,AGT009,2025-10-06,85
WL0000233,TKT000195,AGT004,2025-10-06,127
WL0000234,TKT000196,AGT010,2025-10-06,51
WL0000235,TKT000197,AGT014,2025-10-06,35
WL0000236,TKT000198,AGT003,2025-10-06,80
WL0000237,TKT000199,AGT014,2025-10-06,62
WL0000238,TKT000200,AGT003,2025-10-06,45
WL0000239,TKT000201,AGT004,2025-10-06,30
WL0000240,TKT000202,AGT017,2025-10-06,29
WL0000241,TKT000203,AGT004,2025-10-06,54
WL0000242,TKT000204,AGT003,2025-10-06,33
WL0000243,TKT000205,AGT011,2025-10-06,55
WL0000244,TKT000206,AGT004,2025-10-06,42
WL0000245,TKT000207,AGT010,2025-10-06,45
WL0000246,TKT000207,AGT011,2025-10-06,25
WL0000247,TKT000208,AGT004,2025-10-06,74
WL0000248,TKT000209,AGT009,2025-10-06,97
WL0000249,TKT000210,AGT017,2025-10-06,104
WL0000250,TKT000211,AGT014,2025-10-06,98
WL0000251,TKT000212,AGT014,2025-10-06,52
WL0000252,TKT000212,AGT016,2025-10-06,28
WL0000253,TKT000213,AGT004,2025-10-06,55
WL0000254,TKT000214,AGT001,2025-10-06,66
WL0000255,TKT000215,AGT014,2025-10-06,133
WL0000256,TKT000216,AGT017,2025-10-06,116
WL0000257,TKT000217,AGT004,2025-10-06,32
WL0000258,TKT000218,AGT011,2025-10-06,57
WL0000259,TKT000219,AGT001,2025-10-06,88
WL0000260,TKT000219,AGT004,2025-10-06,8
WL0000261,TKT000220,AGT016,2025-10-06,56
WL0000262,TKT000221,AGT009,2025-10-06,45
WL0000263,TKT000221,AGT010,2025-10-06,83
WL0000264,TKT000222,AGT014,2025-10-06,35
WL0000265,TKT000222,AGT017,2025-10-06,19
WL0000266,TKT000223,AGT003,2025-10-06,69
WL0000267,TKT000224,AGT014,2025-10-06,61
WL0000268,TKT000225,AGT009,2025-10-06,124
WL0000269,TKT000226,AGT003,2025-10-06,104
WL0000270,TKT000227,AGT003,2025-10-06,23
WL0000271,TKT000228,AGT014,2025-10-06,4
WL0000272,TKT000228,AGT016,2025-10-06,125
WL0000273,TKT000229,AGT016,2025-10-06,4
WL0000274,TKT000229,AGT017,2025-10-06,212
WL0000275,TKT000230,AGT016,2025-10-06,51
WL0000276,TKT000231,AGT001,2025-10-06,20
WL0000277,TKT000232,AGT007,2025-10-06,61
WL0000278,TKT000232,AGT010,2025-10-06,111
WL0000279,TKT000233,AGT016,2025-10-06,85
WL0000280,TKT000234,AGT001,2025-10-06,44
WL0000281,TKT000235,AGT016,2025-10-06,60
WL0000282,TKT000236,AGT003,2025-10-06,12
WL0000283,TKT000236,AGT016,2025-10-06,41
WL0000284,TKT000237,AGT010,2025-10-06,13
WL0000285,TKT000237,AGT011,2025-10-06,23
WL0000286,TKT000238,AGT001,2025-10-06,105
WL0000287,TKT000239,AGT003,2025-10-06,50
WL0000288,TKT000240,AGT001,2025-10-06,54
WL0000289,TKT000241,AGT007,2025-10-06,103
WL0000290,TKT000242,AGT009,2025-10-06,77
WL0000291,TKT000243,AGT003,2025-10-06,57
WL0000292,TKT000244,AGT016,2025-10-07,62
WL0000293,TKT000245,AGT016,2025-10-07,66
WL0000294,TKT000246,AGT015,2025-10-07,44
WL0000295,TKT000247,AGT016,2025-10-07,92
WL0000296,TKT000248,AGT011,2025-10-07,84
WL0000297,TKT000249,AGT008,2025-10-07,137
WL0000298,TKT000249,AGT010,2025-10-07,74
WL0000299,TKT000250,AGT016,2025-10-07,38
WL0000300,TKT000251,AGT013,2025-10-07,145
WL0000301,TKT000252,AGT008,2025-10-07,228
WL0000302,TKT000253,AGT004,2025-10-07,68
WL0000303,TKT000254,AGT008,2025-10-07,36
WL0000304,TKT000254,AGT011,2025-10-07,20
WL0000305,TKT000255,AGT003,2025-10-07,28
WL0000306,TKT000256,AGT013,2025-10-07,132
WL0000307,TKT000257,AGT003,2025-10-07,30
WL0000308,TKT000257,AGT005,2025-10-07,54
WL0000309,TKT000258,AGT004,2025-10-07,182
WL0000310,TKT000259,AGT001,2025-10-07,70
WL0000311,TKT000259,AGT005,2025-10-07,129
WL0000312,TKT000260,AGT008,2025-10-07,79
WL0000313,TKT000260,AGT011,2025-10-07,15
WL0000314,TKT000261,AGT011,2025-10-07,46
WL0000315,TKT000262,AGT011,2025-10-07,91
WL0000316,TKT000263,AGT001,2025-10-07,31
WL0000317,TKT000263,AGT003,2025-10-07,17
WL0000318,TKT000264,AGT010,2025-10-07,163
WL0000319,TKT000265,AGT013,2025-10-07,26
WL0000320,TKT000265,AGT015,2025-10-07,15
WL0000321,TKT000266,AGT011,2025-10-07,152
WL0000322,TKT000267,AGT014,2025-10-07,16
WL0000323,TKT000268,AGT005,2025-10-07,75
WL0000324,TKT000269,AGT011,2025-10-07,76
WL0000325,TKT000270,AGT015,2025-10-07,88
WL0000326,TKT000271,AGT003,2025-10-07,57
WL0000327,TKT000272,AGT004,2025-10-07,26
WL0000328,TKT000273,AGT014,2025-10-07,50
WL0000329,TKT000274,AGT015,2025-10-07,28
WL0000330,TKT000275,AGT010,2025-10-07,60
WL0000331,TKT000276,AGT014,2025-10-07,138
WL0000332,TKT000277,AGT016,2025-10-07,70
WL0000333,TKT000278,AGT010,2025-10-07,101
WL0000334,TKT000279,AGT004,2025-10-07,22
WL0000335,TKT000279,AGT005,2025-10-07,13
WL0000336,TKT000280,AGT015,2025-10-07,44
WL0000337,TKT000281,AGT010,2025-10-07,52
WL0000338,TKT000281,AGT011,2025-10-07,26
WL0000339,TKT000281,AGT014,2025-10-07,24
WL0000340,TKT000282,AGT004,2025-10-07,132
WL0000341,TKT000283,AGT003,2025-10-07,149
WL0000342,TKT000284,AGT015,2025-10-07,50
WL0000343,TKT000285,AGT014,2025-10-07,27
WL0000344,TKT000286,AGT013,2025-10-07,33
WL0000345,TKT000287,AGT003,2025-10-07,43
WL0000346,TKT000287,AGT004,2025-10-07,50
WL0000347,TKT000288,AGT013,2025-10-07,49
WL0000348,TKT000289,AGT015,2025-10-07,63
WL0000349,TKT000290,AGT013,2025-10-07,92
WL0000350,TKT000291,AGT005,2025-10-07,111
WL0000351,TKT000292,AGT013,2025-10-07,19
WL0000352,TKT000292,AGT015,2025-10-07,148
WL0000353,TKT000293,AGT013,2025-10-07,14
WL0000354,TKT000293,AGT014,2025-10-07,80
WL0000355,TKT000294,AGT005,2025-10-07,77
WL0000356,TKT000295,AGT004,2025-10-08,195
WL0000357,TKT000296,AGT002,2025-10-08,100
WL0000358,TKT000297,AGT014,2025-10-08,21
WL0000359,TKT000297,AGT017,2025-10-08,37
WL0000360,TKT000298,AGT015,2025-10-08,44
WL0000361,TKT000299,AGT002,2025-10-08,29
WL0000362,TKT000299,AGT004,2025-10-08,53
WL0000363,TKT000300,AGT002,2025-10-08,150
WL0000364,TKT000301,AGT007,2025-10-08,44
WL0000365,TKT000301,AGT011,2025-10-08,80
WL0000366,TKT000302,AGT007,2025-10-08,34
WL0000367,TKT000303,AGT007,2025-10-08,81
WL0000368,TKT000304,AGT017,2025-10-08,80
WL0000369,TKT000305,AGT014,2025-10-08,204
WL0000370,TKT000306,AGT014,2025-10-08,99
WL0000371,TKT000307,AGT008,2025-10-08,55
WL0000372,TKT000307,AGT011,2025-10-08,101
WL0000373,TKT000308,AGT008,2025-10-08,60
WL0000374,TKT000308,AGT011,2025-10-08,109
WL0000375,TKT000309,AGT014,2025-10-08,61
WL0000376,TKT000310,AGT017,2025-10-08,62
WL0000377,TKT000311,AGT017,2025-10-08,26
WL0000378,TKT000312,AGT008,2025-10-08,156
WL0000379,TKT000313,AGT016,2025-10-08,24
WL0000380,TKT000314,AGT002,2025-10-08,54
WL0000381,TKT000315,AGT011,2025-10-08,84
WL0000382,TKT000316,AGT017,2025-10-08,37
WL0000383,TKT000317,AGT017,2025-10-08,68
WL0000384,TKT000318,AGT007,2025-10-08,43
WL0000385,TKT000318,AGT008,2025-10-08,24
WL0000386,TKT000319,AGT002,2025-10-08,113
WL0000387,TKT000320,AGT002,2025-10-08,23
WL0000388,TKT000321,AGT016,2025-10-08,56
WL0000389,TKT000322,AGT001,2025-10-08,14
WL0000390,TKT000322,AGT004,2025-10-08,26
WL0000391,TKT000323,AGT007,2025-10-08,80
WL0000392,TKT000323,AGT010,2025-10-08,146
WL0000393,TKT000324,AGT015,2025-10-08,45
WL0000394,TKT000325,AGT008,2025-10-08,76
WL0000395,TKT000326,AGT016,2025-10-08,31
WL0000396,TKT000327,AGT008,2025-10-08,69
WL0000397,TKT000327,AGT011,2025-10-08,38
WL0000398,TKT000328,AGT015,2025-10-08,32
WL0000399,TKT000329,AGT007,2025-10-08,99
WL0000401,TKT000331,AGT010,2025-10-08,57
WL0000402,TKT000331,AGT011,2025-10-08,3
WL0000403,TKT000332,AGT001,2025-10-08,37
WL0000404,TKT000333,AGT001,2025-10-08,79
WL0000405,TKT000333,AGT002,2025-10-08,11
WL0000406,TKT000333,AGT004,2025-10-08,33
WL0000407,TKT000334,AGT017,2025-10-08,54
WL0000408,TKT000335,AGT004,2025-10-08,68
WL0000409,TKT000336,AGT007,2025-10-09,115
WL0000410,TKT000336,AGT010,2025-10-09,62
WL0000411,TKT000337,AGT009,2025-10-09,146
WL0000412,TKT000337,AGT011,2025-10-09,79
WL0000413,TKT000338,AGT003,2025-10-09,58
WL0000414,TKT000339,AGT003,2025-10-09,61
WL0000415,TKT000340,AGT004,2025-10-09,110
WL0000416,TKT000341,AGT005,2025-10-09,86
WL0000418,TKT000343,AGT003,2025-10-09,30
WL0000419,TKT000344,AGT014,2025-10-09,42
WL0000420,TKT000345,AGT007,2025-10-09,71
WL0000421,TKT000346,AGT011,2025-10-09,79
WL0000422,TKT000347,AGT004,2025-10-09,95
WL0000423,TKT000348,AGT014,2025-10-09,49
WL0000424,TKT000349,AGT004,2025-10-09,72
WL0000426,TKT000350,AGT014,2025-10-09,20
WL0000427,TKT000351,AGT014,2025-10-09,54
WL0000428,TKT000352,AGT014,2025-10-09,195
WL0000429,TKT000352,AGT016,2025-10-09,106
WL0000430,TKT000353,AGT002,2025-10-09,57
WL0000431,TKT000353,AGT004,2025-10-09,31
WL0000432,TKT000354,AGT003,2025-10-09,68
WL0000433,TKT000355,AGT014,2025-10-09,82
WL0000435,TKT000357,AGT009,2025-10-09,31
WL0000436,TKT000358,AGT004,2025-10-09,34
WL0000438,TKT000359,AGT014,2025-10-09,38
WL0000439,TKT000360,AGT010,2025-10-09,207
WL0000441,TKT000362,AGT005,2025-10-09,44
WL0000442,TKT000363,AGT005,2025-10-09,98
WL0000443,TKT000364,AGT004,2025-10-09,61
WL0000444,TKT000365,AGT004,2025-10-09,72
WL0000445,TKT000366,AGT002,2025-10-09,73
WL0000446,TKT000366,AGT004,2025-10-09,35
WL0000447,TKT000367,AGT011,2025-10-09,58
WL0000448,TKT000368,AGT002,2025-10-09,50
WL0000451,TKT000370,AGT016,2025-10-09,7
WL0000453,TKT000372,AGT007,2025-10-09,43
WL0000454,TKT000372,AGT011,2025-10-09,79
WL0000455,TKT000373,AGT016,2025-10-09,56
WL0000457,TKT000374,AGT016,2025-10-09,35
WL0000458,TKT000375,AGT007,2025-10-09,109
WL0000459,TKT000376,AGT005,2025-10-09,131
WL0000460,TKT000377,AGT016,2025-10-09,38
WL0000461,TKT000378,AGT002,2025-10-09,115
WL0000462,TKT000379,AGT009,2025-10-09,114
WL0000463,TKT000380,AGT003,2025-10-09,48
WL0000465,TKT000381,AGT016,2025-10-09,25
WL0000466,TKT000382,AGT017,2025-10-10,52
WL0000467,TKT000383,AGT007,2025-10-10,55
WL0000468,TKT000384,AGT014,2025-10-10,86
WL0000469,TKT000385,AGT014,2025-10-10,78
WL0000470,TKT000386,AGT013,2025-10-10,8
WL0000471,TKT000386,AGT015,2025-10-10,14
WL0000472,TKT000387,AGT004,2025-10-10,39
WL0000473,TKT000388,AGT011,2025-10-10,23
WL0000474,TKT000389,AGT001,2025-10-10,112
WL0000475,TKT000390,AGT016,2025-10-10,89
WL0000476,TKT000391,AGT013,2025-10-10,51
WL0000477,TKT000391,AGT014,2025-10-10,93
WL0000478,TKT000392,AGT003,2025-10-10,151
WL0000479,TKT000393,AGT007,2025-10-10,139
WL0000480,TKT000393,AGT010,2025-10-10,76
WL0000481,TKT000394,AGT013,2025-10-10,64
WL0000482,TKT000395,AGT014,2025-10-10,82
WL0000483,TKT000396,AGT017,2025-10-10,21
WL0000484,TKT000397,AGT011,2025-10-10,72
WL0000485,TKT000398,AGT016,2025-10-10,29
WL0000486,TKT000399,AGT016,2025-10-10,108
WL0000487,TKT000400,AGT001,2025-10-10,72
WL0000488,TKT000401,AGT010,2025-10-10,104
WL0000489,TKT000402,AGT009,2025-10-10,79
WL0000490,TKT000403,AGT017,2025-10-10,60
WL0000491,TKT000404,AGT014,2025-10-10,111
WL0000492,TKT000404,AGT016,2025-10-10,15
WL0000493,TKT000405,AGT017,2025-10-10,58
WL0000494,TKT000406,AGT015,2025-10-10,17
WL0000495,TKT000406,AGT016,2025-10-10,10
WL0000496,TKT000407,AGT009,2025-10-10,78
WL0000497,TKT000408,AGT013,2025-10-10,61
WL0000498,TKT000409,AGT015,2025-10-10,48
WL0000499,TKT000409,AGT016,2025-10-10,87
WL0000500,TKT000410,AGT016,2025-10-10,56
WL0000501,TKT000411,AGT007,2025-10-10,53
WL0000502,TKT000411,AGT010,2025-10-10,98
WL0000503,TKT000412,AGT002,2025-10-10,46
WL0000504,TKT000413,AGT005,2025-10-10,14
WL0000505,TKT000414,AGT013,2025-10-10,70
WL0000506,TKT000415,AGT010,2025-10-10,62
WL0000507,TKT000416,AGT010,2025-10-10,41
WL0000508,TKT000417,AGT009,2025-10-10,201
WL0000509,TKT000418,AGT016,2025-10-10,39
WL0000510,TKT000419,AGT007,2025-10-10,196
WL0000511,TKT000419,AGT010,2025-10-10,99
WL0000512,TKT000420,AGT003,2025-10-10,161
WL0000513,TKT000421,AGT004,2025-10-10,46
WL0000514,TKT000422,AGT013,2025-10-10,52
WL0000515,TKT000423,AGT004,2025-10-10,31
WL0000516,TKT000424,AGT011,2025-10-10,83
WL0000517,TKT000425,AGT013,2025-10-10,36
WL0000518,TKT000426,AGT013,2025-10-10,35
WL0000519,TKT000426,AGT016,2025-10-10,47
WL0000520,TKT000427,AGT001,2025-10-10,122
WL0000521,TKT000428,AGT017,2025-10-10,57
WL0000522,TKT000429,AGT001,2025-10-10,71
WL0000523,TKT000430,AGT004,2025-10-10,38
WL0000524,TKT000431,AGT010,2025-10-11,254
WL0000525,TKT000432,AGT015,2025-10-11,49
WL0000526,TKT000433,AGT008,2025-10-11,103
WL0000527,TKT000434,AGT001,2025-10-11,166
WL0000528,TKT000435,AGT015,2025-10-11,96
WL0000529,TKT000436,AGT015,2025-10-11,56
WL0000530,TKT000437,AGT002,2025-10-11,112
WL0000531,TKT000438,AGT015,2025-10-11,95
WL0000532,TKT000439,AGT017,2025-10-11,112
WL0000533,TKT000440,AGT010,2025-10-11,120
WL0000534,TKT000441,AGT001,2025-10-11,54
WL0000535,TKT000441,AGT002,2025-10-11,30
WL0000536,TKT000442,AGT011,2025-10-11,70
WL0000537,TKT000443,AGT017,2025-10-11,42
WL0000538,TKT000444,AGT001,2025-10-11,12
WL0000539,TKT000444,AGT002,2025-10-11,22
WL0000540,TKT000445,AGT008,2025-10-11,31
WL0000541,TKT000445,AGT011,2025-10-11,56
WL0000542,TKT000446,AGT015,2025-10-11,38
WL0000543,TKT000446,AGT017,2025-10-11,21
WL0000544,TKT000447,AGT015,2025-10-11,116
WL0000545,TKT000447,AGT017,2025-10-11,56
WL0000546,TKT000448,AGT017,2025-10-11,25
WL0000547,TKT000449,AGT001,2025-10-11,34
WL0000548,TKT000449,AGT002,2025-10-11,19
WL0000549,TKT000450,AGT011,2025-10-11,92
WL0000550,TKT000451,AGT008,2025-10-11,75
WL0000551,TKT000452,AGT017,2025-10-11,96
WL0000552,TKT000453,AGT017,2025-10-11,74
WL0000553,TKT000454,AGT010,2025-10-11,46
WL0000554,TKT000455,AGT017,2025-10-11,21
WL0000555,TKT000456,AGT002,2025-10-11,21
WL0000556,TKT000457,AGT017,2025-10-11,24
WL0000557,TKT000458,AGT008,2025-10-11,29
WL0000558,TKT000458,AGT011,2025-10-11,53
WL0000559,TKT000459,AGT015,2025-10-12,32
WL0000560,TKT000460,AGT010,2025-10-12,77
WL0000561,TKT000461,AGT008,2025-10-12,126
WL0000562,TKT000462,AGT002,2025-10-12,13
WL0000563,TKT000462,AGT004,2025-10-12,7
WL0000564,TKT000463,AGT010,2025-10-12,98
WL0000565,TKT000464,AGT004,2025-10-12,73
WL0000566,TKT000465,AGT007,2025-10-12,96
WL0000567,TKT000466,AGT016,2025-10-12,25
WL0000568,TKT000467,AGT016,2025-10-12,123
WL0000569,TKT000468,AGT015,2025-10-12,54
WL0000570,TKT000469,AGT016,2025-10-12,36
WL0000571,TKT000470,AGT004,2025-10-12,87
WL0000572,TKT000471,AGT015,2025-10-12,20
WL0000573,TKT000471,AGT016,2025-10-12,36
WL0000574,TKT000472,AGT015,2025-10-12,102
WL0000575,TKT000473,AGT008,2025-10-12,241
WL0000576,TKT000474,AGT003,2025-10-13,138
WL0000577,TKT000474,AGT005,2025-10-13,75
WL0000578,TKT000475,AGT014,2025-10-13,107
WL0000579,TKT000476,AGT002,2025-10-13,50
WL0000580,TKT000477,AGT005,2025-10-13,98
WL0000581,TKT000478,AGT007,2025-10-13,41
WL0000582,TKT000478,AGT008,2025-10-13,75
WL0000583,TKT000479,AGT008,2025-10-13,127
WL0000584,TKT000480,AGT009,2025-10-13,60
WL0000585,TKT000481,AGT014,2025-10-13,93
WL0000586,TKT000482,AGT011,2025-10-13,71
WL0000587,TKT000483,AGT005,2025-10-13,24
WL0000588,TKT000484,AGT016,2025-10-13,127
WL0000589,TKT000485,AGT014,2025-10-13,75
WL0000590,TKT000486,AGT013,2025-10-13,53
WL0000591,TKT000487,AGT008,2025-10-13,36
WL0000592,TKT000488,AGT008,2025-10-13,73
WL0000593,TKT000488,AGT009,2025-10-13,40
WL0000594,TKT000489,AGT016,2025-10-13,69
WL0000595,TKT000490,AGT007,2025-10-13,31
WL0000596,TKT000490,AGT009,2025-10-13,57
WL0000597,TKT000491,AGT003,2025-10-13,22
WL0000598,TKT000491,AGT005,2025-10-13,12
WL0000599,TKT000492,AGT008,2025-10-13,92
WL0000600,TKT000492,AGT011,2025-10-13,51
WL0000601,TKT000493,AGT013,2025-10-13,12
WL0000602,TKT000493,AGT016,2025-10-13,7
WL0000603,TKT000494,AGT008,2025-10-13,52
WL0000604,TKT000494,AGT011,2025-10-13,94
WL0000605,TKT000495,AGT011,2025-10-13,84
WL0000606,TKT000496,AGT007,2025-10-13,82
WL0000607,TKT000497,AGT014,2025-10-13,71
WL0000608,TKT000498,AGT008,2025-10-13,25
WL0000609,TKT000498,AGT009,2025-10-13,123
WL0000610,TKT000499,AGT014,2025-10-13,98
WL0000611,TKT000500,AGT007,2025-10-13,32
WL0000612,TKT000500,AGT009,2025-10-13,200
WL0000613,TKT000501,AGT014,2025-10-13,55
WL0000614,TKT000502,AGT007,2025-10-13,29
WL0000615,TKT000503,AGT007,2025-10-13,75
WL0000616,TKT000504,AGT011,2025-10-13,121
WL0000617,TKT000505,AGT007,2025-10-13,21
WL0000618,TKT000505,AGT011,2025-10-13,59
WL0000619,TKT000506,AGT013,2025-10-13,71
WL0000620,TKT000506,AGT014,2025-10-13,11
WL0000621,TKT000507,AGT002,2025-10-13,34
WL0000623,TKT000509,AGT002,2025-10-13,123
WL0000624,TKT000509,AGT007,2025-10-13,93
WL0000625,TKT000510,AGT013,2025-10-13,31
WL0000626,TKT000510,AGT016,2025-10-13,17
WL0000627,TKT000511,AGT001,2025-10-13,18
WL0000628,TKT000511,AGT005,2025-10-13,10
WL0000629,TKT000512,AGT013,2025-10-13,70
WL0000630,TKT000513,AGT013,2025-10-13,122
WL0000631,TKT000514,AGT013,2025-10-13,64
WL0000632,TKT000515,AGT016,2025-10-13,49
WL0000633,TKT000516,AGT002,2025-10-13,49
WL0000634,TKT000517,AGT001,2025-10-13,22
WL0000635,TKT000518,AGT016,2025-10-14,71
WL0000636,TKT000519,AGT010,2025-10-14,303
WL0000637,TKT000520,AGT008,2025-10-14,283
WL0000638,TKT000520,AGT011,2025-10-14,153
WL0000639,TKT000521,AGT002,2025-10-14,20
WL0000640,TKT000521,AGT005,2025-10-14,11
WL0000641,TKT000522,AGT017,2025-10-14,37
WL0000642,TKT000523,AGT017,2025-10-14,84
WL0000643,TKT000524,AGT002,2025-10-14,17
WL0000644,TKT000524,AGT004,2025-10-14,31
WL0000645,TKT000525,AGT008,2025-10-14,64
WL0000646,TKT000526,AGT005,2025-10-14,38
WL0000647,TKT000527,AGT008,2025-10-14,103
WL0000648,TKT000527,AGT010,2025-10-14,35
WL0000649,TKT000528,AGT002,2025-10-14,12
WL0000650,TKT000528,AGT003,2025-10-14,22
WL0000651,TKT000529,AGT003,2025-10-14,42
WL0000652,TKT000530,AGT013,2025-10-14,76
WL0000653,TKT000531,AGT014,2025-10-14,187
WL0000654,TKT000532,AGT017,2025-10-14,81
WL0000655,TKT000533,AGT010,2025-10-14,72
WL0000656,TKT000534,AGT007,2025-10-14,98
WL0000657,TKT000535,AGT003,2025-10-14,57
WL0000658,TKT000536,AGT011,2025-10-14,100
WL0000659,TKT000537,AGT011,2025-10-14,51
WL0000660,TKT000538,AGT011,2025-10-14,126
WL0000661,TKT000539,AGT013,2025-10-14,97
WL0000662,TKT000540,AGT014,2025-10-14,53
WL0000663,TKT000541,AGT001,2025-10-14,40
WL0000664,TKT000542,AGT005,2025-10-14,58
WL0000665,TKT000543,AGT014,2025-10-14,31
WL0000666,TKT000544,AGT010,2025-10-14,44
WL0000667,TKT000544,AGT011,2025-10-14,50
WL0000668,TKT000545,AGT013,2025-10-14,56
WL0000669,TKT000545,AGT017,2025-10-14,104
WL0000670,TKT000546,AGT004,2025-10-14,61
WL0000671,TKT000547,AGT004,2025-10-14,42
WL0000672,TKT000548,AGT007,2025-10-14,101
WL0000673,TKT000548,AGT010,2025-10-14,26
WL0000674,TKT000549,AGT016,2025-10-14,59
WL0000675,TKT000550,AGT013,2025-10-14,59
WL0000677,TKT000552,AGT004,2025-10-14,29
WL0000678,TKT000553,AGT007,2025-10-14,145
WL0000679,TKT000553,AGT014,2025-10-14,119
WL0000680,TKT000554,AGT004,2025-10-14,96
WL0000681,TKT000555,AGT001,2025-10-14,71
WL0000682,TKT000556,AGT014,2025-10-14,27
WL0000683,TKT000556,AGT016,2025-10-14,16
WL0000685,TKT000558,AGT002,2025-10-15,19
WL0000686,TKT000558,AGT004,2025-10-15,34
WL0000687,TKT000559,AGT004,2025-10-15,53
WL0000689,TKT000561,AGT008,2025-10-15,305
WL0000690,TKT000561,AGT010,2025-10-15,165
WL0000691,TKT000562,AGT014,2025-10-15,82
WL0000692,TKT000563,AGT016,2025-10-15,19
WL0000693,TKT000563,AGT017,2025-10-15,35
WL0000694,TKT000564,AGT015,2025-10-15,57
WL0000695,TKT000564,AGT017,2025-10-15,32
WL0000696,TKT000565,AGT016,2025-10-15,78
WL0000697,TKT000566,AGT014,2025-10-15,21
WL0000698,TKT000566,AGT015,2025-10-15,37
WL0000700,TKT000568,AGT001,2025-10-15,50
WL0000702,TKT000570,AGT001,2025-10-15,76
WL0000703,TKT000571,AGT017,2025-10-15,70
WL0000704,TKT000572,AGT004,2025-10-15,28
WL0000705,TKT000573,AGT016,2025-10-15,82
WL0000706,TKT000574,AGT008,2025-10-15,84
WL0000707,TKT000575,AGT001,2025-10-15,118
WL0000708,TKT000576,AGT016,2025-10-15,148
WL0000710,TKT000578,AGT015,2025-10-15,56
WL0000711,TKT000579,AGT008,2025-10-15,91
WL0000712,TKT000579,AGT009,2025-10-15,175
WL0000713,TKT000580,AGT004,2025-10-15,222
WL0000714,TKT000581,AGT015,2025-10-15,44
WL0000715,TKT000582,AGT016,2025-10-15,133
WL0000716,TKT000583,AGT014,2025-10-15,118
WL0000717,TKT000584,AGT015,2025-10-15,69
WL0000718,TKT000585,AGT014,2025-10-15,40
WL0000719,TKT000586,AGT002,2025-10-15,20
WL0000721,TKT000587,AGT015,2025-10-15,58
WL0000722,TKT000588,AGT004,2025-10-15,27
WL0000723,TKT000589,AGT014,2025-10-15,46
WL0000724,TKT000590,AGT010,2025-10-15,71
WL0000725,TKT000591,AGT017,2025-10-15,137
WL0000726,TKT000592,AGT009,2025-10-15,199
WL0000729,TKT000594,AGT007,2025-10-15,311
WL0000730,TKT000595,AGT007,2025-10-15,118
WL0000732,TKT000597,AGT014,2025-10-15,3
WL0000733,TKT000597,AGT017,2025-10-15,86
WL0000734,TKT000598,AGT014,2025-10-15,39
WL0000735,TKT000599,AGT014,2025-10-15,11
WL0000736,TKT000599,AGT016,2025-10-15,50
WL0000739,TKT000601,AGT002,2025-10-15,38
WL0000740,TKT000602,AGT004,2025-10-15,16
WL0000742,TKT000603,AGT009,2025-10-15,50
WL0000743,TKT000604,AGT010,2025-10-15,56
WL0000744,TKT000605,AGT002,2025-10-15,29
WL0000745,TKT000606,AGT002,2025-10-15,92
WL0000746,TKT000607,AGT001,2025-10-15,16
WL0000747,TKT000607,AGT010,2025-10-15,27
WL0000748,TKT000608,AGT010,2025-10-15,72
WL0000749,TKT000609,AGT008,2025-10-16,58
WL0000750,TKT000610,AGT004,2025-10-16,40
WL0000751,TKT000611,AGT003,2025-10-16,72
WL0000752,TKT000612,AGT015,2025-10-16,22
WL0000753,TKT000612,AGT016,2025-10-16,13
WL0000754,TKT000613,AGT007,2025-10-16,103
WL0000755,TKT000613,AGT011,2025-10-16,56
WL0000756,TKT000614,AGT003,2025-10-16,97
WL0000757,TKT000615,AGT015,2025-10-16,107
WL0000758,TKT000616,AGT015,2025-10-16,34
WL0000759,TKT000617,AGT002,2025-10-16,32
WL0000760,TKT000618,AGT002,2025-10-16,81
WL0000761,TKT000619,AGT003,2025-10-16,28
WL0000762,TKT000620,AGT013,2025-10-16,57
WL0000763,TKT000621,AGT016,2025-10-16,127
WL0000764,TKT000622,AGT007,2025-10-16,57
WL0000765,TKT000622,AGT011,2025-10-16,104
WL0000766,TKT000623,AGT007,2025-10-16,109
WL0000767,TKT000624,AGT004,2025-10-16,22
WL0000768,TKT000625,AGT005,2025-10-16,25
WL0000770,TKT000627,AGT002,2025-10-16,39
WL0000771,TKT000627,AGT003,2025-10-16,21
WL0000772,TKT000628,AGT011,2025-10-16,73
WL0000773,TKT000629,AGT005,2025-10-16,69
WL0000774,TKT000630,AGT002,2025-10-16,54
WL0000775,TKT000631,AGT013,2025-10-16,58
WL0000776,TKT000632,AGT017,2025-10-16,51
WL0000777,TKT000633,AGT016,2025-10-16,58
WL0000778,TKT000634,AGT008,2025-10-16,200
WL0000779,TKT000635,AGT008,2025-10-16,110
WL0000780,TKT000635,AGT009,2025-10-16,32
WL0000781,TKT000636,AGT009,2025-10-16,240
WL0000782,TKT000637,AGT011,2025-10-16,180
WL0000783,TKT000638,AGT004,2025-10-16,36
WL0000784,TKT000639,AGT017,2025-10-16,31
WL0000785,TKT000640,AGT007,2025-10-16,64
WL0000786,TKT000641,AGT015,2025-10-16,88
WL0000787,TKT000642,AGT015,2025-10-16,77
WL0000788,TKT000643,AGT017,2025-10-16,18
WL0000789,TKT000644,AGT008,2025-10-17,65
WL0000790,TKT000645,AGT007,2025-10-17,107
WL0000791,TKT000646,AGT001,2025-10-17,83
WL0000792,TKT000647,AGT013,2025-10-17,42
WL0000793,TKT000648,AGT015,2025-10-17,47
WL0000794,TKT000649,AGT003,2025-10-17,26
WL0000795,TKT000649,AGT004,2025-10-17,47
WL0000797,TKT000651,AGT008,2025-10-17,94
WL0000798,TKT000652,AGT014,2025-10-17,37
WL0000799,TKT000653,AGT017,2025-10-17,19
WL0000800,TKT000654,AGT004,2025-10-17,68
WL0000801,TKT000655,AGT001,2025-10-17,23
WL0000802,TKT000656,AGT015,2025-10-17,48
WL0000803,TKT000657,AGT008,2025-10-17,64
WL0000804,TKT000658,AGT014,2025-10-17,81
WL0000805,TKT000659,AGT003,2025-10-17,35
WL0000806,TKT000659,AGT004,2025-10-17,63
WL0000807,TKT000660,AGT008,2025-10-17,96
WL0000810,TKT000662,AGT004,2025-10-17,38
WL0000811,TKT000663,AGT008,2025-10-17,161
WL0000814,TKT000665,AGT004,2025-10-17,79
WL0000815,TKT000665,AGT005,2025-10-17,43
WL0000816,TKT000666,AGT007,2025-10-17,75
WL0000817,TKT000667,AGT007,2025-10-17,9
WL0000819,TKT000668,AGT013,2025-10-17,72
WL0000820,TKT000669,AGT015,2025-10-17,86
WL0000821,TKT000670,AGT007,2025-10-17,60
WL0000822,TKT000671,AGT007,2025-10-17,119
WL0000823,TKT000672,AGT004,2025-10-17,27
WL0000824,TKT000673,AGT001,2025-10-17,119
WL0000825,TKT000674,AGT003,2025-10-17,64
WL0000826,TKT000675,AGT001,2025-10-17,26
WL0000827,TKT000676,AGT015,2025-10-17,71
WL0000828,TKT000677,AGT013,2025-10-17,106
WL0000829,TKT000678,AGT007,2025-10-17,101
WL0000830,TKT000679,AGT003,2025-10-17,49
WL0000831,TKT000679,AGT007,2025-10-17,39
WL0000832,TKT000680,AGT015,2025-10-17,48
WL0000833,TKT000681,AGT013,2025-10-17,38
WL0000834,TKT000682,AGT013,2025-10-17,42
WL0000835,TKT000682,AGT017,2025-10-17,24
WL0000836,TKT000683,AGT001,2025-10-17,55
WL0000837,TKT000684,AGT015,2025-10-17,37
WL0000838,TKT000685,AGT015,2025-10-17,64
WL0000839,TKT000686,AGT013,2025-10-17,110
WL0000840,TKT000687,AGT003,2025-10-17,86
WL0000841,TKT000688,AGT001,2025-10-17,114
WL0000842,TKT000688,AGT017,2025-10-17,5
WL0000843,TKT000689,AGT009,2025-10-18,190
WL0000844,TKT000690,AGT009,2025-10-18,33
WL0000845,TKT000690,AGT011,2025-10-18,60
WL0000846,TKT000691,AGT014,2025-10-18,40
WL0000847,TKT000692,AGT015,2025-10-18,44
WL0000848,TKT000692,AGT016,2025-10-18,24
WL0000849,TKT000693,AGT009,2025-10-18,91
WL0000850,TKT000694,AGT014,2025-10-18,35
WL0000851,TKT000695,AGT009,2025-10-18,166
WL0000852,TKT000695,AGT011,2025-10-18,83
WL0000853,TKT000696,AGT002,2025-10-18,81
WL0000854,TKT000697,AGT017,2025-10-18,70
WL0000855,TKT000698,AGT016,2025-10-18,79
WL0000856,TKT000699,AGT005,2025-10-18,43
WL0000857,TKT000700,AGT011,2025-10-18,64
WL0000858,TKT000701,AGT001,2025-10-18,50
WL0000859,TKT000702,AGT004,2025-10-18,65
WL0000860,TKT000703,AGT011,2025-10-18,87
WL0000861,TKT000704,AGT011,2025-10-18,59
WL0000862,TKT000705,AGT001,2025-10-18,33
WL0000863,TKT000706,AGT001,2025-10-18,315
WL0000864,TKT000707,AGT015,2025-10-18,35
WL0000865,TKT000708,AGT015,2025-10-18,112
WL0000866,TKT000709,AGT002,2025-10-18,26
WL0000867,TKT000709,AGT005,2025-10-18,15
WL0000868,TKT000710,AGT005,2025-10-18,37
WL0000869,TKT000711,AGT015,2025-10-18,54
WL0000870,TKT000712,AGT004,2025-10-18,55
WL0000871,TKT000713,AGT002,2025-10-18,69
WL0000872,TKT000714,AGT011,2025-10-18,61
WL0000873,TKT000715,AGT011,2025-10-18,36
WL0000874,TKT000715,AGT017,2025-10-18,216
WL0000875,TKT000716,AGT016,2025-10-18,32
WL0000876,TKT000716,AGT017,2025-10-18,57
WL0000877,TKT000717,AGT001,2025-10-18,26
WL0000878,TKT000717,AGT004,2025-10-18,15
WL0000879,TKT000718,AGT004,2025-10-18,37
WL0000880,TKT000719,AGT015,2025-10-18,39
WL0000881,TKT000719,AGT016,2025-10-18,21
WL0000882,TKT000720,AGT014,2025-10-18,49
WL0000883,TKT000721,AGT014,2025-10-18,98
WL0000884,TKT000722,AGT017,2025-10-18,25
WL0000885,TKT000723,AGT005,2025-10-19,117
WL0000886,TKT000724,AGT013,2025-10-19,73
WL0000887,TKT000725,AGT009,2025-10-19,97
WL0000888,TKT000726,AGT013,2025-10-19,65
WL0000889,TKT000727,AGT004,2025-10-19,50
WL0000890,TKT000728,AGT001,2025-10-19,26
WL0000891,TKT000729,AGT007,2025-10-19,20
WL0000892,TKT000729,AGT009,2025-10-19,35
WL0000893,TKT000730,AGT014,2025-10-19,93
WL0000894,TKT000731,AGT002,2025-10-19,63
WL0000895,TKT000732,AGT007,2025-10-19,56
WL0000896,TKT000733,AGT001,2025-10-19,38
WL0000897,TKT000734,AGT013,2025-10-19,58
WL0000898,TKT000735,AGT017,2025-10-19,21
WL0000899,TKT000736,AGT013,2025-10-19,96
WL0000900,TKT000737,AGT007,2025-10-19,42
WL0000901,TKT000737,AGT009,2025-10-19,77
WL0000902,TKT000738,AGT013,2025-10-19,14
WL0000903,TKT000738,AGT015,2025-10-19,24
WL0000904,TKT000739,AGT014,2025-10-19,39
WL0000905,TKT000740,AGT013,2025-10-19,105
WL0000906,TKT000741,AGT007,2025-10-19,132
WL0000907,TKT000742,AGT009,2025-10-19,153
WL0000908,TKT000743,AGT014,2025-10-19,16
WL0000909,TKT000743,AGT017,2025-10-19,10
WL0000910,TKT000744,AGT007,2025-10-19,181
WL0000911,TKT000745,AGT005,2025-10-19,42
WL0000912,TKT000746,AGT017,2025-10-19,128
WL0000913,TKT000747,AGT017,2025-10-19,23
WL0000914,TKT000748,AGT009,2025-10-19,115
WL0000915,TKT000749,AGT001,2025-10-19,82
WL0000916,TKT000749,AGT007,2025-10-19,49
WL0000917,TKT000749,AGT009,2025-10-19,33
WL0000918,TKT000750,AGT013,2025-10-20,41
WL0000919,TKT000751,AGT007,2025-10-20,67
WL0000920,TKT000751,AGT011,2025-10-20,37
WL0000921,TKT000752,AGT013,2025-10-20,100
WL0000922,TKT000752,AGT015,2025-10-20,54
WL0000923,TKT000753,AGT011,2025-10-20,29
WL0000924,TKT000754,AGT015,2025-10-20,25
WL0000925,TKT000755,AGT008,2025-10-20,79
WL0000926,TKT000756,AGT001,2025-10-20,29
WL0000927,TKT000756,AGT004,2025-10-20,16
WL0000928,TKT000757,AGT017,2025-10-20,58
WL0000929,TKT000758,AGT001,2025-10-20,35
WL0000930,TKT000759,AGT004,2025-10-20,28
WL0000931,TKT000760,AGT013,2025-10-20,64
WL0000932,TKT000761,AGT014,2025-10-20,82
WL0000933,TKT000762,AGT013,2025-10-20,82
WL0000934,TKT000763,AGT002,2025-10-20,57
WL0000935,TKT000764,AGT011,2025-10-20,104
WL0000936,TKT000765,AGT017,2025-10-20,43
WL0000937,TKT000766,AGT014,2025-10-20,31
WL0000938,TKT000767,AGT013,2025-10-20,26
WL0000939,TKT000768,AGT017,2025-10-20,33
WL0000940,TKT000769,AGT002,2025-10-20,98
WL0000941,TKT000770,AGT017,2025-10-20,114
WL0000942,TKT000771,AGT014,2025-10-20,25
WL0000943,TKT000772,AGT008,2025-10-20,132
WL0000944,TKT000773,AGT015,2025-10-20,26
WL0000945,TKT000773,AGT016,2025-10-20,14
WL0000946,TKT000774,AGT016,2025-10-20,88
WL0000947,TKT000775,AGT017,2025-10-20,87
WL0000948,TKT000776,AGT015,2025-10-20,60
WL0000949,TKT000777,AGT003,2025-10-20,46
WL0000950,TKT000778,AGT008,2025-10-20,135
WL0000951,TKT000779,AGT003,2025-10-20,81
WL0000953,TKT000781,AGT007,2025-10-20,62
WL0000954,TKT000781,AGT011,2025-10-20,34
WL0000955,TKT000782,AGT011,2025-10-20,34
WL0000956,TKT000783,AGT013,2025-10-20,77
WL0000957,TKT000783,AGT016,2025-10-20,20
WL0000958,TKT000784,AGT007,2025-10-20,65
WL0000959,TKT000785,AGT003,2025-10-20,98
WL0000960,TKT000786,AGT014,2025-10-20,67
WL0000961,TKT000787,AGT011,2025-10-20,149
WL0000962,TKT000788,AGT004,2025-10-20,58
WL0000963,TKT000789,AGT015,2025-10-20,87
WL0000964,TKT000790,AGT008,2025-10-20,35
WL0000966,TKT000792,AGT014,2025-10-20,55
WL0000967,TKT000793,AGT015,2025-10-20,49
WL0000968,TKT000794,AGT003,2025-10-20,32
WL0000969,TKT000795,AGT007,2025-10-20,25
WL0000970,TKT000795,AGT008,2025-10-20,99
WL0000971,TKT000796,AGT003,2025-10-20,35
WL0000972,TKT000797,AGT017,2025-10-20,24
WL0000973,TKT000798,AGT017,2025-10-20,89
WL0000974,TKT000799,AGT007,2025-10-20,113
WL0000975,TKT000799,AGT011,2025-10-20,61
WL0000976,TKT000800,AGT004,2025-10-20,19
WL0000977,TKT000801,AGT007,2025-10-20,45
WL0000978,TKT000801,AGT011,2025-10-20,32
WL0000979,TKT000802,AGT003,2025-10-20,158
WL0000980,TKT000802,AGT004,2025-10-20,6
WL0000981,TKT000803,AGT001,2025-10-20,69
WL0000982,TKT000804,AGT007,2025-10-20,39
WL0000983,TKT000805,AGT014,2025-10-20,48
WL0000984,TKT000806,AGT007,2025-10-20,63
WL0000985,TKT000807,AGT015,2025-10-20,33
WL0000986,TKT000808,AGT017,2025-10-20,27
WL0000987,TKT000809,AGT001,2025-10-20,40
WL0000988,TKT000810,AGT004,2025-10-20,134
WL0000989,TKT000811,AGT001,2025-10-20,42
WL0000990,TKT000812,AGT014,2025-10-20,52
WL0000991,TKT000812,AGT016,2025-10-20,46
WL0000992,TKT000813,AGT004,2025-10-20,183
WL0000993,TKT000813,AGT007,2025-10-20,1
WL0000994,TKT000814,AGT001,2025-10-20,60
WL0000995,TKT000815,AGT001,2025-10-21,135
WL0000996,TKT000816,AGT009,2025-10-21,103
WL0000997,TKT000817,AGT008,2025-10-21,145
WL0000998,TKT000818,AGT007,2025-10-21,118
WL0000999,TKT000819,AGT009,2025-10-21,81
WL0001000,TKT000820,AGT017,2025-10-21,96
WL0001001,TKT000821,AGT009,2025-10-21,59
WL0001002,TKT000822,AGT014,2025-10-21,73
WL0001003,TKT000823,AGT011,2025-10-21,145
WL0001004,TKT000824,AGT010,2025-10-21,78
WL0001005,TKT000825,AGT007,2025-10-21,40
WL0001006,TKT000826,AGT004,2025-10-21,19
WL0001007,TKT000827,AGT016,2025-10-21,53
WL0001008,TKT000828,AGT004,2025-10-21,26
WL0001009,TKT000829,AGT008,2025-10-21,197
WL0001010,TKT000830,AGT005,2025-10-21,39
WL0001011,TKT000831,AGT017,2025-10-21,47
WL0001012,TKT000832,AGT017,2025-10-21,40
WL0001013,TKT000833,AGT009,2025-10-21,131
WL0001014,TKT000834,AGT007,2025-10-21,164
WL0001015,TKT000835,AGT002,2025-10-21,218
WL0001016,TKT000836,AGT010,2025-10-21,59
WL0001017,TKT000837,AGT016,2025-10-21,90
WL0001018,TKT000838,AGT014,2025-10-21,78
WL0001019,TKT000839,AGT015,2025-10-21,17
WL0001020,TKT000840,AGT015,2025-10-21,27
WL0001021,TKT000840,AGT017,2025-10-21,15
WL0001022,TKT000841,AGT003,2025-10-21,81
WL0001023,TKT000842,AGT004,2025-10-21,43
WL0001024,TKT000843,AGT008,2025-10-21,115
WL0001025,TKT000844,AGT010,2025-10-21,67
WL0001026,TKT000845,AGT015,2025-10-21,23
WL0001027,TKT000846,AGT005,2025-10-21,95
WL0001028,TKT000847,AGT001,2025-10-21,52
WL0001029,TKT000848,AGT005,2025-10-21,76
WL0001030,TKT000849,AGT007,2025-10-21,47
WL0001031,TKT000849,AGT008,2025-10-21,23
WL0001032,TKT000850,AGT001,2025-10-21,100
WL0001033,TKT000851,AGT015,2025-10-21,118
WL0001034,TKT000852,AGT016,2025-10-21,168
WL0001035,TKT000853,AGT015,2025-10-21,37
WL0001036,TKT000854,AGT002,2025-10-21,45
WL0001037,TKT000855,AGT007,2025-10-21,81
WL0001038,TKT000855,AGT011,2025-10-21,7
WL0001039,TKT000856,AGT013,2025-10-21,48
WL0001040,TKT000857,AGT002,2025-10-21,187
WL0001041,TKT000857,AGT003,2025-10-21,26
WL0001043,TKT000859,AGT005,2025-10-21,57
WL0001044,TKT000860,AGT009,2025-10-21,31
WL0001045,TKT000860,AGT010,2025-10-21,57
WL0001046,TKT000861,AGT010,2025-10-21,60
WL0001047,TKT000862,AGT003,2025-10-21,64
WL0001048,TKT000863,AGT016,2025-10-21,161
WL0001049,TKT000864,AGT014,2025-10-21,11
WL0001050,TKT000864,AGT015,2025-10-21,20
WL0001051,TKT000865,AGT015,2025-10-21,131
WL0001052,TKT000865,AGT016,2025-10-21,8
WL0001053,TKT000866,AGT009,2025-10-21,75
WL0001054,TKT000866,AGT011,2025-10-21,13
WL0001055,TKT000867,AGT014,2025-10-21,39
WL0001056,TKT000868,AGT005,2025-10-21,95
WL0001057,TKT000869,AGT004,2025-10-22,23
WL0001058,TKT000869,AGT005,2025-10-22,42
WL0001059,TKT000870,AGT001,2025-10-22,109
WL0001060,TKT000871,AGT003,2025-10-22,37
WL0001061,TKT000872,AGT011,2025-10-22,73
WL0001062,TKT000873,AGT014,2025-10-22,221
WL0001063,TKT000874,AGT015,2025-10-22,63
WL0001064,TKT000875,AGT008,2025-10-22,74
WL0001065,TKT000876,AGT008,2025-10-22,45
WL0001066,TKT000877,AGT010,2025-10-22,94
WL0001067,TKT000878,AGT013,2025-10-22,61
WL0001068,TKT000878,AGT015,2025-10-22,33
WL0001069,TKT000879,AGT016,2025-10-22,29
WL0001070,TKT000880,AGT008,2025-10-22,194
WL0001071,TKT000881,AGT001,2025-10-22,42
WL0001072,TKT000882,AGT010,2025-10-22,114
WL0001073,TKT000883,AGT003,2025-10-22,85
WL0001074,TKT000884,AGT001,2025-10-22,42
WL0001075,TKT000885,AGT005,2025-10-22,29
WL0001076,TKT000886,AGT004,2025-10-22,88
WL0001077,TKT000887,AGT001,2025-10-22,86
WL0001078,TKT000888,AGT016,2025-10-22,62
WL0001079,TKT000888,AGT017,2025-10-22,34
WL0001080,TKT000889,AGT011,2025-10-22,67
WL0001081,TKT000890,AGT011,2025-10-22,116
WL0001082,TKT000891,AGT013,2025-10-22,58
WL0001083,TKT000892,AGT013,2025-10-22,57
WL0001084,TKT000893,AGT014,2025-10-22,51
WL0001085,TKT000894,AGT005,2025-10-22,88
WL0001088,TKT000896,AGT017,2025-10-22,48
WL0001089,TKT000897,AGT001,2025-10-22,32
WL0001090,TKT000897,AGT004,2025-10-22,18
WL0001091,TKT000898,AGT004,2025-10-22,6
WL0001092,TKT000898,AGT005,2025-10-22,11
WL0001093,TKT000899,AGT010,2025-10-22,64
WL0001094,TKT000900,AGT003,2025-10-22,147
WL0001095,TKT000901,AGT010,2025-10-22,43
WL0001096,TKT000901,AGT011,2025-10-22,34
WL0001097,TKT000902,AGT013,2025-10-22,45
WL0001098,TKT000903,AGT017,2025-10-22,32
WL0001099,TKT000904,AGT009,2025-10-22,40
WL0001100,TKT000904,AGT011,2025-10-22,72
WL0001101,TKT000905,AGT016,2025-10-22,39
WL0001102,TKT000905,AGT017,2025-10-22,21
WL0001103,TKT000906,AGT004,2025-10-23,53
WL0001104,TKT000907,AGT004,2025-10-23,51
WL0001105,TKT000908,AGT005,2025-10-23,42
WL0001106,TKT000909,AGT008,2025-10-23,161
WL0001107,TKT000909,AGT011,2025-10-23,88
WL0001108,TKT000910,AGT003,2025-10-23,26
WL0001109,TKT000910,AGT004,2025-10-23,47
WL0001110,TKT000911,AGT015,2025-10-23,101
WL0001111,TKT000912,AGT007,2025-10-23,60
WL0001112,TKT000913,AGT003,2025-10-23,57
WL0001113,TKT000914,AGT008,2025-10-23,120
WL0001114,TKT000915,AGT014,2025-10-23,115
WL0001115,TKT000916,AGT005,2025-10-23,74
WL0001116,TKT000917,AGT004,2025-10-23,94
WL0001117,TKT000918,AGT003,2025-10-23,112
WL0001118,TKT000919,AGT017,2025-10-23,76
WL0001119,TKT000920,AGT003,2025-10-23,36
WL0001120,TKT000921,AGT003,2025-10-23,44
WL0001121,TKT000922,AGT007,2025-10-23,123
WL0001122,TKT000923,AGT004,2025-10-23,115
WL0001123,TKT000924,AGT009,2025-10-23,39
WL0001124,TKT000925,AGT017,2025-10-23,91
WL0001125,TKT000926,AGT017,2025-10-23,33
WL0001126,TKT000927,AGT003,2025-10-23,22
WL0001127,TKT000927,AGT004,2025-10-23,13
WL0001128,TKT000928,AGT004,2025-10-23,22
WL0001129,TKT000929,AGT013,2025-10-23,52
WL0001130,TKT000930,AGT008,2025-10-23,35
WL0001131,TKT000930,AGT011,2025-10-23,65
WL0001132,TKT000931,AGT003,2025-10-23,24
WL0001133,TKT000932,AGT015,2025-10-23,39
WL0001134,TKT000933,AGT013,2025-10-23,103
WL0001135,TKT000934,AGT016,2025-10-23,86
WL0001136,TKT000935,AGT007,2025-10-23,107
WL0001137,TKT000935,AGT009,2025-10-23,59
WL0001138,TKT000936,AGT013,2025-10-23,11
WL0001139,TKT000936,AGT015,2025-10-23,20
WL0001140,TKT000937,AGT003,2025-10-23,154
WL0001141,TKT000937,AGT004,2025-10-23,85
WL0001142,TKT000938,AGT003,2025-10-23,5
WL0001143,TKT000938,AGT005,2025-10-23,54
WL0001144,TKT000939,AGT005,2025-10-23,45
WL0001145,TKT000940,AGT005,2025-10-23,96
WL0001146,TKT000941,AGT005,2025-10-23,78
WL0001147,TKT000942,AGT007,2025-10-23,51
WL0001148,TKT000942,AGT011,2025-10-23,28
WL0001149,TKT000943,AGT013,2025-10-23,73
WL0001150,TKT000943,AGT014,2025-10-23,40
WL0001151,TKT000944,AGT008,2025-10-23,89
WL0001152,TKT000945,AGT008,2025-10-23,15
WL0001153,TKT000945,AGT011,2025-10-23,288
WL0001154,TKT000946,AGT009,2025-10-23,103
WL0001155,TKT000946,AGT011,2025-10-23,11
WL0001156,TKT000947,AGT013,2025-10-23,66
WL0001157,TKT000948,AGT007,2025-10-23,139
WL0001158,TKT000948,AGT009,2025-10-23,57
WL0001159,TKT000949,AGT009,2025-10-23,91
WL0001160,TKT000950,AGT015,2025-10-23,59
WL0001161,TKT000951,AGT005,2025-10-23,91
WL0001162,TKT000951,AGT016,2025-10-23,230
WL0001163,TKT000952,AGT017,2025-10-23,85
WL0001164,TKT000953,AGT009,2025-10-23,120
WL0001165,TKT000954,AGT013,2025-10-23,24
WL0001166,TKT000954,AGT016,2025-10-23,44
WL0001167,TKT000955,AGT009,2025-10-23,11
WL0001168,TKT000955,AGT015,2025-10-23,108
WL0001169,TKT000956,AGT008,2025-10-24,72
WL0001170,TKT000957,AGT010,2025-10-24,77
WL0001171,TKT000958,AGT005,2025-10-24,41
WL0001172,TKT000959,AGT002,2025-10-24,81
WL0001173,TKT000960,AGT017,2025-10-24,37
WL0001174,TKT000961,AGT014,2025-10-24,44
WL0001175,TKT000961,AGT015,2025-10-24,25
WL0001176,TKT000962,AGT003,2025-10-24,90
WL0001177,TKT000963,AGT003,2025-10-24,56
WL0001178,TKT000964,AGT014,2025-10-24,63
WL0001179,TKT000965,AGT002,2025-10-24,68
WL0001180,TKT000966,AGT005,2025-10-24,29
WL0001181,TKT000967,AGT004,2025-10-24,24
WL0001182,TKT000968,AGT010,2025-10-24,69
WL0001183,TKT000969,AGT008,2025-10-24,139
WL0001184,TKT000970,AGT010,2025-10-24,47
WL0001185,TKT000971,AGT003,2025-10-24,71
WL0001186,TKT000972,AGT003,2025-10-24,25
WL0001187,TKT000973,AGT014,2025-10-24,348
WL0001188,TKT000974,AGT016,2025-10-24,55
WL0001189,TKT000974,AGT017,2025-10-24,101
WL0001190,TKT000975,AGT009,2025-10-24,159
WL0001191,TKT000976,AGT002,2025-10-24,44
WL0001192,TKT000976,AGT003,2025-10-24,24
WL0001193,TKT000977,AGT010,2025-10-24,100
WL0001194,TKT000978,AGT003,2025-10-24,198
WL0001195,TKT000979,AGT013,2025-10-24,63
WL0001196,TKT000980,AGT001,2025-10-24,20
WL0001197,TKT000981,AGT016,2025-10-24,67
WL0001198,TKT000982,AGT003,2025-10-24,16
WL0001199,TKT000982,AGT004,2025-10-24,47
WL0001200,TKT000983,AGT009,2025-10-24,185
WL0001201,TKT000984,AGT017,2025-10-24,37
WL0001202,TKT000985,AGT008,2025-10-24,204
WL0001203,TKT000986,AGT017,2025-10-24,63
WL0001204,TKT000987,AGT005,2025-10-24,65
WL0001205,TKT000988,AGT015,2025-10-24,57
WL0001206,TKT000989,AGT008,2025-10-24,65
WL0001207,TKT000989,AGT010,2025-10-24,7
WL0001208,TKT000990,AGT001,2025-10-24,43
WL0001209,TKT000990,AGT002,2025-10-24,24
WL0001210,TKT000991,AGT013,2025-10-24,22
WL0001211,TKT000991,AGT016,2025-10-24,40
WL0001212,TKT000992,AGT004,2025-10-24,79
WL0001213,TKT000993,AGT011,2025-10-24,48
WL0001214,TKT000994,AGT001,2025-10-24,7
WL0001215,TKT000994,AGT002,2025-10-24,12
WL0001216,TKT000995,AGT001,2025-10-25,125
WL0001217,TKT000996,AGT007,2025-10-25,170
WL0001218,TKT000997,AGT015,2025-10-25,186
WL0001219,TKT000998,AGT001,2025-10-25,31
WL0001220,TKT000998,AGT003,2025-10-25,57
WL0001221,TKT000999,AGT003,2025-10-25,115
WL0001222,TKT001000,AGT017,2025-10-25,94
WL0001223,TKT001001,AGT009,2025-10-25,270
WL0001224,TKT001002,AGT015,2025-10-25,28
WL0001225,TKT001003,AGT007,2025-10-25,94
WL0001226,TKT001004,AGT009,2025-10-25,185
WL0001227,TKT001005,AGT017,2025-10-25,112
WL0001228,TKT001006,AGT003,2025-10-25,63
WL0001229,TKT001007,AGT001,2025-10-25,60
WL0001230,TKT001007,AGT003,2025-10-25,33
WL0001231,TKT001008,AGT007,2025-10-25,60
WL0001232,TKT001008,AGT009,2025-10-25,25
WL0001233,TKT001009,AGT015,2025-10-25,50
WL0001234,TKT001010,AGT015,2025-10-25,14
WL0001235,TKT001011,AGT001,2025-10-25,85
WL0001236,TKT001012,AGT015,2025-10-25,55
WL0001237,TKT001013,AGT007,2025-10-25,74
WL0001238,TKT001014,AGT007,2025-10-25,82
WL0001239,TKT001014,AGT015,2025-10-25,18
WL0001240,TKT001015,AGT001,2025-10-25,24
WL0001241,TKT001016,AGT001,2025-10-25,155
WL0001242,TKT001016,AGT003,2025-10-25,15
WL0001243,TKT001017,AGT015,2025-10-25,16
WL0001244,TKT001017,AGT017,2025-10-25,28
WL0001245,TKT001018,AGT017,2025-10-25,102
WL0001246,TKT001019,AGT003,2025-10-25,37
WL0001247,TKT001019,AGT015,2025-10-25,68
WL0001248,TKT001020,AGT015,2025-10-25,45
WL0001249,TKT001020,AGT017,2025-10-25,40
WL0001250,TKT001021,AGT003,2025-10-25,160
WL0001251,TKT001021,AGT017,2025-10-25,73
WL0001252,TKT001022,AGT011,2025-10-26,139
WL0001253,TKT001023,AGT002,2025-10-26,105
WL0001254,TKT001024,AGT015,2025-10-26,66
WL0001255,TKT001025,AGT002,2025-10-26,107
WL0001256,TKT001026,AGT015,2025-10-26,44
WL0001257,TKT001027,AGT008,2025-10-26,107
WL0001258,TKT001028,AGT011,2025-10-26,56
WL0001259,TKT001029,AGT008,2025-10-26,77
WL0001260,TKT001030,AGT008,2025-10-26,48
WL0001261,TKT001030,AGT011,2025-10-26,87
WL0001262,TKT001031,AGT015,2025-10-26,33
WL0001263,TKT001032,AGT013,2025-10-26,6
WL0001264,TKT001032,AGT015,2025-10-26,10
WL0001265,TKT001033,AGT005,2025-10-26,103
WL0001267,TKT001035,AGT013,2025-10-26,161
WL0001268,TKT001036,AGT013,2025-10-26,39
WL0001269,TKT001037,AGT015,2025-10-26,50
WL0001270,TKT001038,AGT008,2025-10-26,223
WL0001271,TKT001039,AGT005,2025-10-26,61
WL0001272,TKT001040,AGT015,2025-10-26,10
WL0001273,TKT001041,AGT005,2025-10-26,62
WL0001274,TKT001042,AGT008,2025-10-26,55
WL0001275,TKT001042,AGT011,2025-10-26,11
WL0001276,TKT001043,AGT015,2025-10-26,40
WL0001277,TKT001044,AGT015,2025-10-26,58
WL0001278,TKT001045,AGT015,2025-10-26,107
WL0001279,TKT001046,AGT005,2025-10-26,89
WL0001280,TKT001047,AGT005,2025-10-26,42
WL0001281,TKT001048,AGT013,2025-10-26,64
WL0001282,TKT001049,AGT002,2025-10-26,96
WL0001283,TKT001050,AGT013,2025-10-26,75
WL0001284,TKT001051,AGT002,2025-10-26,69
WL0001285,TKT001051,AGT011,2025-10-26,187
WL0001286,TKT001052,AGT015,2025-10-26,44
WL0001287,TKT001053,AGT011,2025-10-27,74
WL0001288,TKT001054,AGT005,2025-10-27,111
WL0001289,TKT001055,AGT015,2025-10-27,48
WL0001290,TKT001056,AGT007,2025-10-27,66
WL0001291,TKT001057,AGT014,2025-10-27,73
WL0001292,TKT001058,AGT013,2025-10-27,54
WL0001294,TKT001060,AGT004,2025-10-27,7
WL0001295,TKT001060,AGT005,2025-10-27,12
WL0001296,TKT001061,AGT008,2025-10-27,82
WL0001298,TKT001063,AGT011,2025-10-27,121
WL0001299,TKT001064,AGT008,2025-10-27,63
WL0001301,TKT001066,AGT002,2025-10-27,74
WL0001302,TKT001066,AGT004,2025-10-27,40
WL0001303,TKT001067,AGT004,2025-10-27,159
WL0001304,TKT001068,AGT002,2025-10-27,30
WL0001305,TKT001068,AGT004,2025-10-27,55
WL0001306,TKT001069,AGT013,2025-10-27,106
WL0001307,TKT001070,AGT005,2025-10-27,94
WL0001309,TKT001072,AGT004,2025-10-27,67
WL0001310,TKT001073,AGT015,2025-10-27,28
WL0001312,TKT001075,AGT013,2025-10-27,78
WL0001313,TKT001076,AGT015,2025-10-27,66
WL0001314,TKT001077,AGT008,2025-10-27,38
WL0001315,TKT001078,AGT002,2025-10-27,58
WL0001316,TKT001078,AGT005,2025-10-27,106
WL0001317,TKT001079,AGT015,2025-10-27,25
WL0001318,TKT001080,AGT016,2025-10-27,32
WL0001319,TKT001081,AGT016,2025-10-27,25
WL0001320,TKT001082,AGT014,2025-10-27,141
WL0001321,TKT001083,AGT002,2025-10-27,56
WL0001322,TKT001084,AGT004,2025-10-27,152
WL0001323,TKT001084,AGT005,2025-10-27,26
WL0001324,TKT001085,AGT005,2025-10-27,75
WL0001325,TKT001086,AGT011,2025-10-27,78
WL0001326,TKT001087,AGT005,2025-10-27,34
WL0001327,TKT001088,AGT011,2025-10-27,198
WL0001328,TKT001089,AGT015,2025-10-27,80
WL0001329,TKT001090,AGT002,2025-10-27,16
WL0001330,TKT001090,AGT005,2025-10-27,52
WL0001332,TKT001091,AGT011,2025-10-27,39
WL0001333,TKT001092,AGT002,2025-10-27,50
WL0001334,TKT001093,AGT002,2025-10-27,54
WL0001336,TKT001095,AGT002,2025-10-27,112
WL0001337,TKT001095,AGT017,2025-10-27,76
WL0001338,TKT001096,AGT013,2025-10-27,96
WL0001339,TKT001097,AGT008,2025-10-27,53
WL0001340,TKT001098,AGT008,2025-10-27,171
WL0001342,TKT001099,AGT015,2025-10-27,44
WL0001343,TKT001100,AGT015,2025-10-27,37
WL0001344,TKT001100,AGT016,2025-10-27,68
WL0001345,TKT001101,AGT014,2025-10-27,44
WL0001346,TKT001102,AGT015,2025-10-27,39
WL0001347,TKT001103,AGT017,2025-10-27,102
WL0001348,TKT001104,AGT007,2025-10-27,12
WL0001350,TKT001105,AGT015,2025-10-27,38
WL0001351,TKT001105,AGT016,2025-10-27,142
WL0001352,TKT001106,AGT016,2025-10-27,152
WL0001353,TKT001107,AGT014,2025-10-28,69
WL0001354,TKT001108,AGT017,2025-10-28,56
WL0001355,TKT001109,AGT009,2025-10-28,225
WL0001356,TKT001110,AGT008,2025-10-28,90
WL0001357,TKT001111,AGT016,2025-10-28,59
WL0001358,TKT001112,AGT014,2025-10-28,33
WL0001359,TKT001113,AGT001,2025-10-28,48
WL0001360,TKT001114,AGT014,2025-10-28,91
WL0001361,TKT001115,AGT014,2025-10-28,58
WL0001362,TKT001115,AGT017,2025-10-28,32
WL0001363,TKT001116,AGT014,2025-10-28,90
WL0001364,TKT001117,AGT002,2025-10-28,34
WL0001365,TKT001118,AGT004,2025-10-28,61
WL0001366,TKT001119,AGT009,2025-10-28,114
WL0001367,TKT001120,AGT003,2025-10-28,151
WL0001368,TKT001121,AGT017,2025-10-28,94
WL0001369,TKT001122,AGT007,2025-10-28,203
WL0001372,TKT001124,AGT009,2025-10-28,50
WL0001373,TKT001125,AGT017,2025-10-28,38
WL0001374,TKT001126,AGT017,2025-10-28,72
WL0001375,TKT001127,AGT009,2025-10-28,68
WL0001376,TKT001128,AGT001,2025-10-28,90
WL0001377,TKT001129,AGT016,2025-10-28,149
WL0001378,TKT001130,AGT007,2025-10-28,65
WL0001379,TKT001131,AGT004,2025-10-28,67
WL0001380,TKT001132,AGT005,2025-10-28,50
WL0001381,TKT001133,AGT014,2025-10-28,37
WL0001382,TKT001134,AGT007,2025-10-28,123
WL0001383,TKT001135,AGT016,2025-10-28,163
WL0001384,TKT001136,AGT016,2025-10-28,79
WL0001385,TKT001136,AGT017,2025-10-28,5
WL0001386,TKT001137,AGT003,2025-10-28,36
WL0001387,TKT001138,AGT005,2025-10-28,45
WL0001388,TKT001139,AGT003,2025-10-28,52
WL0001389,TKT001140,AGT003,2025-10-28,36
WL0001390,TKT001140,AGT004,2025-10-28,66
WL0001391,TKT001141,AGT017,2025-10-28,36
WL0001392,TKT001142,AGT001,2025-10-28,71
WL0001393,TKT001143,AGT005,2025-10-28,126
WL0001394,TKT001144,AGT014,2025-10-28,82
WL0001395,TKT001145,AGT017,2025-10-28,19
WL0001396,TKT001146,AGT004,2025-10-28,63
WL0001397,TKT001146,AGT014,2025-10-28,20
WL0001398,TKT001146,AGT017,2025-10-28,128
WL0001399,TKT001147,AGT001,2025-10-28,72
WL0001400,TKT001148,AGT008,2025-10-28,86
WL0001401,TKT001149,AGT003,2025-10-28,25
WL0001402,TKT001150,AGT007,2025-10-28,89
WL0001403,TKT001151,AGT008,2025-10-28,83
WL0001404,TKT001152,AGT008,2025-10-28,191
WL0001405,TKT001153,AGT002,2025-10-28,76
WL0001406,TKT001153,AGT008,2025-10-28,30
WL0001407,TKT001153,AGT009,2025-10-28,23
WL0001408,TKT001154,AGT004,2025-10-28,57
WL0001409,TKT001155,AGT003,2025-10-28,55
WL0001410,TKT001156,AGT001,2025-10-28,117
WL0001411,TKT001157,AGT003,2025-10-28,103
WL0001412,TKT001158,AGT005,2025-10-28,40
WL0001413,TKT001159,AGT003,2025-10-28,22
WL0001414,TKT001159,AGT004,2025-10-28,63
WL0001415,TKT001160,AGT004,2025-10-28,55
WL0001416,TKT001161,AGT001,2025-10-28,34
WL0001417,TKT001161,AGT005,2025-10-28,61
WL0001418,TKT001162,AGT005,2025-10-28,50
WL0001419,TKT001163,AGT001,2025-10-28,38
WL0001420,TKT001163,AGT002,2025-10-28,26
WL0001421,TKT001163,AGT004,2025-10-28,2
WL0001422,TKT001164,AGT011,2025-10-29,126
WL0001423,TKT001165,AGT014,2025-10-29,45
WL0001424,TKT001166,AGT014,2025-10-29,27
WL0001425,TKT001166,AGT015,2025-10-29,48
WL0001426,TKT001167,AGT005,2025-10-29,79
WL0001427,TKT001168,AGT009,2025-10-29,104
WL0001428,TKT001168,AGT011,2025-10-29,56
WL0001429,TKT001169,AGT004,2025-10-29,76
WL0001430,TKT001169,AGT005,2025-10-29,42
WL0001431,TKT001170,AGT015,2025-10-29,75
WL0001432,TKT001171,AGT009,2025-10-29,29
WL0001433,TKT001172,AGT015,2025-10-29,54
WL0001434,TKT001173,AGT015,2025-10-29,103
WL0001435,TKT001174,AGT004,2025-10-29,26
WL0001436,TKT001175,AGT015,2025-10-29,170
WL0001437,TKT001176,AGT013,2025-10-29,65
WL0001438,TKT001176,AGT015,2025-10-29,30
WL0001439,TKT001177,AGT013,2025-10-29,28
WL0001440,TKT001178,AGT009,2025-10-29,72
WL0001441,TKT001179,AGT003,2025-10-29,63
WL0001442,TKT001180,AGT014,2025-10-29,60
WL0001443,TKT001181,AGT002,2025-10-29,44
WL0001444,TKT001182,AGT005,2025-10-29,78
WL0001445,TKT001183,AGT014,2025-10-29,18
WL0001446,TKT001184,AGT013,2025-10-29,116
WL0001447,TKT001185,AGT009,2025-10-29,89
WL0001448,TKT001185,AGT010,2025-10-29,164
WL0001449,TKT001186,AGT013,2025-10-29,38
WL0001450,TKT001187,AGT005,2025-10-29,95
WL0001451,TKT001188,AGT013,2025-10-29,80
WL0001452,TKT001189,AGT005,2025-10-29,30
WL0001453,TKT001190,AGT001,2025-10-29,65
WL0001454,TKT001191,AGT004,2025-10-29,23
WL0001455,TKT001191,AGT005,2025-10-29,42
WL0001456,TKT001192,AGT013,2025-10-29,22
WL0001457,TKT001193,AGT013,2025-10-29,42
WL0001458,TKT001194,AGT008,2025-10-29,76
WL0001459,TKT001194,AGT009,2025-10-29,41
WL0001460,TKT001195,AGT007,2025-10-29,39
WL0001461,TKT001195,AGT011,2025-10-29,21
WL0001462,TKT001196,AGT007,2025-10-29,25
WL0001463,TKT001196,AGT010,2025-10-29,44
WL0001464,TKT001197,AGT013,2025-10-29,11
WL0001465,TKT001197,AGT014,2025-10-29,18
WL0001466,TKT001198,AGT014,2025-10-29,63
WL0001467,TKT001199,AGT013,2025-10-29,44
WL0001468,TKT001200,AGT013,2025-10-29,34
WL0001469,TKT001200,AGT014,2025-10-29,7
WL0001470,TKT001201,AGT008,2025-10-29,65
WL0001471,TKT001201,AGT011,2025-10-29,118
WL0001472,TKT001202,AGT014,2025-10-29,40
WL0001473,TKT001203,AGT005,2025-10-29,52
WL0001474,TKT001204,AGT014,2025-10-29,36
WL0001475,TKT001205,AGT008,2025-10-29,42
WL0001476,TKT001205,AGT009,2025-10-29,24
WL0001477,TKT001206,AGT014,2025-10-29,52
WL0001478,TKT001207,AGT014,2025-10-29,55
WL0001479,TKT001208,AGT014,2025-10-29,54
WL0001480,TKT001209,AGT004,2025-10-29,17
WL0001481,TKT001210,AGT008,2025-10-29,178
WL0001482,TKT001211,AGT008,2025-10-29,50
WL0001483,TKT001211,AGT014,2025-10-29,35
WL0001484,TKT001212,AGT001,2025-10-29,95
WL0001485,TKT001213,AGT004,2025-10-29,57
WL0001486,TKT001214,AGT007,2025-10-29,55
WL0001487,TKT001215,AGT004,2025-10-29,47
WL0001488,TKT001216,AGT011,2025-10-29,77
WL0001489,TKT001217,AGT010,2025-10-29,97
WL0001490,TKT001218,AGT010,2025-10-29,80
WL0001491,TKT001219,AGT005,2025-10-29,15
WL0001492,TKT001219,AGT010,2025-10-29,27
WL0001494,TKT001221,AGT002,2025-10-29,94
WL0001495,TKT001222,AGT003,2025-10-29,150
WL0001496,TKT001223,AGT004,2025-10-29,71
WL0001497,TKT001224,AGT003,2025-10-30,59
WL0001498,TKT001225,AGT017,2025-10-30,74
WL0001499,TKT001226,AGT005,2025-10-30,32
WL0001500,TKT001227,AGT013,2025-10-30,54
WL0001501,TKT001228,AGT017,2025-10-30,73
WL0001502,TKT001229,AGT017,2025-10-30,71
WL0001503,TKT001230,AGT008,2025-10-30,107
WL0001504,TKT001231,AGT010,2025-10-30,81
WL0001505,TKT001232,AGT016,2025-10-30,26
WL0001506,TKT001232,AGT017,2025-10-30,14
WL0001507,TKT001233,AGT003,2025-10-30,62
WL0001509,TKT001235,AGT002,2025-10-30,56
WL0001510,TKT001236,AGT015,2025-10-30,98
WL0001511,TKT001237,AGT002,2025-10-30,136
WL0001512,TKT001238,AGT010,2025-10-30,14
WL0001513,TKT001238,AGT011,2025-10-30,25
WL0001514,TKT001239,AGT017,2025-10-30,33
WL0001515,TKT001240,AGT009,2025-10-30,60
WL0001516,TKT001241,AGT005,2025-10-30,278
WL0001517,TKT001242,AGT011,2025-10-30,59
WL0001518,TKT001243,AGT011,2025-10-30,113
WL0001519,TKT001244,AGT016,2025-10-30,43
WL0001520,TKT001245,AGT008,2025-10-30,83
WL0001521,TKT001246,AGT009,2025-10-30,72
WL0001522,TKT001247,AGT015,2025-10-30,170
WL0001523,TKT001248,AGT004,2025-10-30,37
WL0001524,TKT001249,AGT005,2025-10-30,19
WL0001525,TKT001250,AGT015,2025-10-30,48
WL0001526,TKT001251,AGT011,2025-10-30,64
WL0001527,TKT001252,AGT003,2025-10-30,41
WL0001528,TKT001253,AGT015,2025-10-30,112
WL0001529,TKT001254,AGT002,2025-10-30,40
WL0001530,TKT001255,AGT007,2025-10-30,33
WL0001531,TKT001255,AGT010,2025-10-30,59
WL0001532,TKT001256,AGT011,2025-10-30,175
WL0001533,TKT001257,AGT002,2025-10-30,9
WL0001534,TKT001257,AGT004,2025-10-30,15
WL0001535,TKT001258,AGT002,2025-10-30,28
WL0001536,TKT001258,AGT005,2025-10-30,51
WL0001537,TKT001259,AGT009,2025-10-30,111
WL0001538,TKT001260,AGT009,2025-10-30,217
WL0001539,TKT001261,AGT013,2025-10-30,30
WL0001540,TKT001262,AGT003,2025-10-30,13
WL0001541,TKT001262,AGT005,2025-10-30,100
WL0001542,TKT001263,AGT013,2025-10-30,11
WL0001543,TKT001263,AGT015,2025-10-30,52
WL0001544,TKT001264,AGT003,2025-10-30,44
WL0001545,TKT001265,AGT013,2025-10-30,36
WL0001546,TKT001266,AGT016,2025-10-30,159
WL0001547,TKT001267,AGT013,2025-10-30,47
WL0001548,TKT001267,AGT017,2025-10-30,26
WL0001549,TKT001268,AGT013,2025-10-30,102
WL0001550,TKT001269,AGT013,2025-10-30,79
WL0001551,TKT001270,AGT008,2025-10-30,185
WL0001552,TKT001270,AGT010,2025-10-30,32
WL0001553,TKT001271,AGT013,2025-10-30,121
WL0001554,TKT001271,AGT017,2025-10-30,25
WL0001555,TKT001272,AGT016,2025-10-30,3
WL0001556,TKT001272,AGT017,2025-10-30,134
WL0001557,TKT001273,AGT016,2025-10-30,50
WL0001558,TKT001274,AGT016,2025-10-30,105
WL0001559,TKT001275,AGT002,2025-10-30,201
WL0001560,TKT001276,AGT004,2025-10-30,117
WL0001561,TKT001277,AGT016,2025-10-30,51
WL0001562,TKT001278,AGT016,2025-10-30,37
WL0001563,TKT001279,AGT003,2025-10-30,55
WL0001564,TKT001280,AGT015,2025-10-31,14
WL0001565,TKT001280,AGT017,2025-10-31,24
WL0001566,TKT001281,AGT009,2025-10-31,137
WL0001567,TKT001282,AGT015,2025-10-31,24
WL0001568,TKT001283,AGT005,2025-10-31,88
WL0001569,TKT001284,AGT014,2025-10-31,59
WL0001570,TKT001285,AGT014,2025-10-31,13
WL0001571,TKT001285,AGT015,2025-10-31,22
WL0001572,TKT001286,AGT001,2025-10-31,61
WL0001573,TKT001286,AGT002,2025-10-31,111
WL0001574,TKT001287,AGT007,2025-10-31,83
WL0001575,TKT001288,AGT001,2025-10-31,141
WL0001576,TKT001289,AGT007,2025-10-31,64
WL0001577,TKT001289,AGT009,2025-10-31,117
WL0001578,TKT001290,AGT001,2025-10-31,15
WL0001579,TKT001291,AGT015,2025-10-31,68
WL0001580,TKT001292,AGT005,2025-10-31,51
WL0001581,TKT001293,AGT005,2025-10-31,67
WL0001582,TKT001294,AGT007,2025-10-31,120
WL0001583,TKT001295,AGT017,2025-10-31,16
WL0001584,TKT001296,AGT017,2025-10-31,30
WL0001585,TKT001297,AGT002,2025-10-31,24
WL0001586,TKT001297,AGT005,2025-10-31,43
WL0001587,TKT001298,AGT017,2025-10-31,89
WL0001588,TKT001299,AGT002,2025-10-31,49
WL0001589,TKT001299,AGT005,2025-10-31,89
WL0001590,TKT001300,AGT014,2025-10-31,25
WL0001591,TKT001300,AGT015,2025-10-31,44
WL0001592,TKT001301,AGT008,2025-10-31,66
WL0001593,TKT001302,AGT015,2025-10-31,36
WL0001594,TKT001303,AGT007,2025-10-31,143
WL0001595,TKT001304,AGT009,2025-10-31,35
WL0001596,TKT001305,AGT009,2025-10-31,96
WL0001597,TKT001306,AGT007,2025-10-31,70
WL0001598,TKT001306,AGT008,2025-10-31,31
WL0001599,TKT001306,AGT009,2025-10-31,95
WL0001600,TKT001307,AGT014,2025-10-31,114
WL0001601,TKT001308,AGT014,2025-10-31,169
WL0001602,TKT001309,AGT015,2025-10-31,57
WL0001603,TKT001309,AGT017,2025-10-31,31
WL0001604,TKT001310,AGT014,2025-10-31,100
WL0001605,TKT001310,AGT017,2025-10-31,11
WL0001606,TKT001311,AGT015,2025-10-31,102
WL0001607,TKT001312,AGT002,2025-10-31,22
WL0001608,TKT001312,AGT005,2025-10-31,39
WL0001609,TKT001313,AGT008,2025-10-31,119
WL0001610,TKT001314,AGT002,2025-10-31,53
WL0001611,TKT001315,AGT017,2025-10-31,82
WL0001612,TKT001316,AGT017,2025-10-31,72
WL0001613,TKT001317,AGT004,2025-10-31,28
WL0001614,TKT001318,AGT001,2025-10-31,82
WL0001615,TKT001319,AGT017,2025-10-31,112
WL0001616,TKT001320,AGT015,2025-10-31,55
WL0001617,TKT001321,AGT015,2025-10-31,20
WL0001618,TKT001321,AGT017,2025-10-31,13
WL0001619,TKT001322,AGT001,2025-10-31,15
WL0001620,TKT001322,AGT004,2025-10-31,26
WL0001621,TKT001323,AGT002,2025-10-31,17
WL0001622,TKT001323,AGT005,2025-10-31,103
WL0001623,TKT001324,AGT008,2025-10-31,73
WL0001624,TKT001325,AGT001,2025-10-31,13
WL0001625,TKT001325,AGT002,2025-10-31,8
WL0001626,TKT001326,AGT015,2025-10-31,17
WL0001627,TKT001327,AGT015,2025-10-31,18
WL0001628,TKT001328,AGT008,2025-10-31,15
WL0001629,TKT001328,AGT015,2025-10-31,33
WL0001630,TKT001329,AGT008,2025-10-31,56
WL0001631,TKT001330,AGT001,2025-10-31,74
WL0001632,TKT001330,AGT002,2025-10-31,41
WL0001633,TKT001331,AGT008,2025-10-31,64
WL0001634,TKT001332,AGT001,2025-10-31,4
WL0001635,TKT001332,AGT008,2025-10-31,56
WL0001636,TKT001333,AGT001,2025-10-31,75
WL0001637,TKT001333,AGT004,2025-10-31,8
WL0001638,TKT001334,AGT004,2025-10-31,148
WL0001639,TKT001335,AGT002,2025-10-31,71
WL0001640,TKT001336,AGT004,2025-10-31,28
WL0001641,TKT001337,AGT002,2025-10-31,90
WL0001642,TKT001338,AGT002,2025-10-31,24
WL0001643,TKT001338,AGT004,2025-10-31,127
WL0001644,TKT001339,AGT015,2025-11-01,70
WL0001645,TKT001339,AGT016,2025-11-01,39
WL0001646,TKT001340,AGT001,2025-11-01,40
WL0001647,TKT001341,AGT001,2025-11-01,66
WL0001648,TKT001342,AGT013,2025-11-01,117
WL0001649,TKT001343,AGT013,2025-11-01,157
WL0001650,TKT001344,AGT016,2025-11-01,76
WL0001651,TKT001345,AGT013,2025-11-01,50
WL0001652,TKT001346,AGT013,2025-11-01,33
WL0001653,TKT001346,AGT015,2025-11-01,61
WL0001654,TKT001347,AGT010,2025-11-01,85
WL0001655,TKT001347,AGT011,2025-11-01,46
WL0001656,TKT001348,AGT011,2025-11-01,90
WL0001657,TKT001349,AGT010,2025-11-01,19
WL0001658,TKT001349,AGT011,2025-11-01,35
WL0001659,TKT001350,AGT003,2025-11-01,63
WL0001660,TKT001351,AGT016,2025-11-01,45
WL0001661,TKT001352,AGT002,2025-11-01,155
WL0001662,TKT001353,AGT013,2025-11-01,50
WL0001663,TKT001354,AGT001,2025-11-01,105
WL0001664,TKT001355,AGT010,2025-11-01,193
WL0001665,TKT001356,AGT001,2025-11-01,67
WL0001666,TKT001357,AGT003,2025-11-01,71
WL0001667,TKT001358,AGT015,2025-11-01,29
WL0001668,TKT001359,AGT003,2025-11-01,53
WL0001669,TKT001360,AGT013,2025-11-01,38
WL0001670,TKT001361,AGT013,2025-11-01,35
WL0001671,TKT001361,AGT015,2025-11-01,111
WL0001672,TKT001361,AGT016,2025-11-01,25
WL0001673,TKT001362,AGT003,2025-11-01,39
WL0001674,TKT001363,AGT015,2025-11-01,40
WL0001675,TKT001364,AGT015,2025-11-01,56
WL0001676,TKT001365,AGT002,2025-11-02,18
WL0001677,TKT001365,AGT003,2025-11-02,11
WL0001678,TKT001366,AGT007,2025-11-02,50
WL0001679,TKT001367,AGT007,2025-11-02,58
WL0001680,TKT001367,AGT009,2025-11-02,32
WL0001681,TKT001368,AGT003,2025-11-02,43
WL0001682,TKT001369,AGT007,2025-11-02,41
WL0001683,TKT001370,AGT014,2025-11-02,78
WL0001684,TKT001371,AGT011,2025-11-02,26
WL0001685,TKT001372,AGT014,2025-11-02,13
WL0001686,TKT001372,AGT016,2025-11-02,23
WL0001687,TKT001373,AGT003,2025-11-02,25
WL0001688,TKT001374,AGT007,2025-11-02,155
WL0001689,TKT001374,AGT011,2025-11-02,84
WL0001691,TKT001376,AGT002,2025-11-02,60
WL0001692,TKT001377,AGT003,2025-11-02,34
WL0001693,TKT001378,AGT011,2025-11-02,78
WL0001694,TKT001379,AGT011,2025-11-02,206
WL0001695,TKT001380,AGT002,2025-11-02,72
WL0001696,TKT001381,AGT014,2025-11-02,70
WL0001697,TKT001382,AGT016,2025-11-02,105
WL0001698,TKT001383,AGT009,2025-11-02,166
WL0001699,TKT001384,AGT015,2025-11-03,56
WL0001700,TKT001385,AGT003,2025-11-03,53
WL0001701,TKT001386,AGT010,2025-11-03,71
WL0001702,TKT001387,AGT011,2025-11-03,66
WL0001703,TKT001388,AGT003,2025-11-03,49
WL0001704,TKT001389,AGT013,2025-11-03,83
WL0001705,TKT001390,AGT016,2025-11-03,56
WL0001706,TKT001391,AGT001,2025-11-03,33
WL0001707,TKT001392,AGT001,2025-11-03,50
WL0001708,TKT001393,AGT015,2025-11-03,33
WL0001709,TKT001394,AGT001,2025-11-03,20
WL0001710,TKT001395,AGT004,2025-11-03,66
WL0001711,TKT001396,AGT003,2025-11-03,63
WL0001712,TKT001396,AGT005,2025-11-03,34
WL0001713,TKT001397,AGT007,2025-11-03,107
WL0001714,TKT001398,AGT003,2025-11-03,90
WL0001715,TKT001399,AGT004,2025-11-03,37
WL0001716,TKT001400,AGT009,2025-11-03,81
WL0001717,TKT001400,AGT011,2025-11-03,148
WL0001718,TKT001401,AGT007,2025-11-03,163
WL0001719,TKT001402,AGT004,2025-11-03,96
WL0001720,TKT001403,AGT016,2025-11-03,23
WL0001721,TKT001404,AGT013,2025-11-03,40
WL0001722,TKT001404,AGT016,2025-11-03,22
WL0001723,TKT001405,AGT016,2025-11-03,75
WL0001724,TKT001406,AGT009,2025-11-03,60
WL0001725,TKT001407,AGT003,2025-11-03,54
WL0001726,TKT001408,AGT009,2025-11-03,66
WL0001727,TKT001408,AGT010,2025-11-03,37
WL0001728,TKT001409,AGT003,2025-11-03,56
WL0001729,TKT001410,AGT009,2025-11-03,132
WL0001730,TKT001411,AGT009,2025-11-03,75
WL0001731,TKT001411,AGT010,2025-11-03,41
WL0001732,TKT001412,AGT010,2025-11-03,55
WL0001733,TKT001413,AGT001,2025-11-03,49
WL0001734,TKT001413,AGT004,2025-11-03,27
WL0001735,TKT001414,AGT008,2025-11-03,96
WL0001736,TKT001415,AGT003,2025-11-03,93
WL0001737,TKT001416,AGT013,2025-11-03,17
WL0001738,TKT001416,AGT014,2025-11-03,10
WL0001739,TKT001417,AGT003,2025-11-03,22
WL0001740,TKT001417,AGT004,2025-11-03,67
WL0001741,TKT001418,AGT015,2025-11-03,81
WL0001742,TKT001419,AGT014,2025-11-03,41
WL0001743,TKT001420,AGT014,2025-11-03,42
WL0001744,TKT001421,AGT004,2025-11-03,50
WL0001745,TKT001422,AGT015,2025-11-03,119
WL0001746,TKT001423,AGT013,2025-11-03,72
WL0001747,TKT001424,AGT005,2025-11-03,77
WL0001748,TKT001425,AGT014,2025-11-03,82
WL0001749,TKT001426,AGT015,2025-11-03,56
WL0001750,TKT001426,AGT016,2025-11-03,31
WL0001751,TKT001427,AGT010,2025-11-03,57
WL0001752,TKT001428,AGT013,2025-11-03,90
WL0001753,TKT001429,AGT013,2025-11-03,27
WL0001754,TKT001430,AGT001,2025-11-03,86
WL0001755,TKT001431,AGT015,2025-11-03,58
WL0001756,TKT001432,AGT013,2025-11-03,58
WL0001757,TKT001433,AGT001,2025-11-03,31
WL0001758,TKT001433,AGT004,2025-11-03,17
WL0001759,TKT001434,AGT010,2025-11-03,72
WL0001760,TKT001435,AGT014,2025-11-03,44
WL0001761,TKT001436,AGT008,2025-11-04,83
WL0001762,TKT001436,AGT009,2025-11-04,45
WL0001763,TKT001437,AGT002,2025-11-04,16
WL0001764,TKT001437,AGT003,2025-11-04,29
WL0001765,TKT001438,AGT017,2025-11-04,155
WL0001766,TKT001439,AGT007,2025-11-04,127
WL0001767,TKT001440,AGT002,2025-11-04,41
WL0001768,TKT001441,AGT005,2025-11-04,43
WL0001769,TKT001442,AGT017,2025-11-04,110
WL0001770,TKT001443,AGT003,2025-11-04,24
WL0001771,TKT001444,AGT016,2025-11-04,55
WL0001772,TKT001444,AGT017,2025-11-04,215
WL0001773,TKT001445,AGT003,2025-11-04,43
WL0001774,TKT001446,AGT015,2025-11-04,56
WL0001775,TKT001447,AGT004,2025-11-04,83
WL0001776,TKT001448,AGT015,2025-11-04,13
WL0001777,TKT001448,AGT016,2025-11-04,23
WL0001778,TKT001449,AGT016,2025-11-04,95
WL0001779,TKT001450,AGT015,2025-11-04,121
WL0001780,TKT001451,AGT015,2025-11-04,88
WL0001781,TKT001452,AGT001,2025-11-04,41
WL0001782,TKT001452,AGT002,2025-11-04,23
WL0001783,TKT001453,AGT008,2025-11-04,175
WL0001784,TKT001454,AGT001,2025-11-04,43
WL0001785,TKT001455,AGT009,2025-11-04,179
WL0001786,TKT001456,AGT002,2025-11-04,54
WL0001787,TKT001457,AGT007,2025-11-04,21
WL0001788,TKT001457,AGT008,2025-11-04,37
WL0001789,TKT001458,AGT016,2025-11-04,43
WL0001790,TKT001459,AGT009,2025-11-04,132
WL0001791,TKT001460,AGT015,2025-11-04,46
WL0001792,TKT001461,AGT016,2025-11-04,75
WL0001793,TKT001462,AGT015,2025-11-04,156
WL0001794,TKT001462,AGT016,2025-11-04,2
WL0001795,TKT001463,AGT016,2025-11-04,124
WL0001796,TKT001464,AGT016,2025-11-04,59
WL0001797,TKT001465,AGT007,2025-11-04,49
WL0001798,TKT001465,AGT016,2025-11-04,4
WL0001799,TKT001466,AGT007,2025-11-04,36
WL0001801,TKT001468,AGT003,2025-11-04,41
WL0001802,TKT001469,AGT003,2025-11-04,49
WL0001803,TKT001470,AGT008,2025-11-04,125
WL0001804,TKT001470,AGT010,2025-11-04,48
WL0001805,TKT001471,AGT005,2025-11-04,81
WL0001806,TKT001472,AGT007,2025-11-04,32
WL0001807,TKT001473,AGT005,2025-11-04,44
WL0001808,TKT001474,AGT001,2025-11-04,7
WL0001809,TKT001474,AGT005,2025-11-04,13
WL0001810,TKT001475,AGT003,2025-11-04,76
WL0001811,TKT001476,AGT007,2025-11-04,98
WL0001812,TKT001477,AGT003,2025-11-04,27
WL0001813,TKT001478,AGT007,2025-11-04,42
WL0001814,TKT001478,AGT010,2025-11-04,78
WL0001815,TKT001479,AGT005,2025-11-04,47
WL0001816,TKT001480,AGT010,2025-11-04,54
WL0001817,TKT001481,AGT001,2025-11-04,69
WL0001818,TKT001482,AGT004,2025-11-04,59
WL0001819,TKT001483,AGT007,2025-11-04,45
WL0001820,TKT001483,AGT009,2025-11-04,41
WL0001821,TKT001484,AGT010,2025-11-04,77
WL0001822,TKT001485,AGT009,2025-11-04,70
WL0001823,TKT001485,AGT010,2025-11-04,39
WL0001824,TKT001486,AGT003,2025-11-04,31
WL0001825,TKT001486,AGT004,2025-11-04,55
WL0001826,TKT001487,AGT003,2025-11-04,19
WL0001827,TKT001487,AGT004,2025-11-04,33
WL0001828,TKT001488,AGT001,2025-11-04,29
WL0001829,TKT001489,AGT003,2025-11-04,63
WL0001830,TKT001490,AGT003,2025-11-04,47
WL0001831,TKT001491,AGT003,2025-11-04,31
WL0001832,TKT001491,AGT004,2025-11-04,43
WL0001833,TKT001492,AGT001,2025-11-04,22
WL0001834,TKT001493,AGT010,2025-11-04,59
WL0001835,TKT001494,AGT010,2025-11-04,79
WL0001836,TKT001495,AGT005,2025-11-04,74
WL0001837,TKT001496,AGT002,2025-11-04,44
WL0001838,TKT001497,AGT002,2025-11-04,39
WL0001839,TKT001498,AGT001,2025-11-04,34
WL0001840,TKT001499,AGT005,2025-11-04,42
WL0001841,TKT001500,AGT001,2025-11-04,62
WL0001842,TKT001501,AGT001,2025-11-04,43
WL0001843,TKT001501,AGT005,2025-11-04,16
WL0001844,TKT001502,AGT009,2025-11-04,42
WL0001845,TKT001502,AGT010,2025-11-04,46
WL0001846,TKT001503,AGT008,2025-11-05,46
WL0001847,TKT001503,AGT011,2025-11-05,84
WL0001848,TKT001504,AGT008,2025-11-05,65
WL0001849,TKT001505,AGT017,2025-11-05,38
WL0001850,TKT001506,AGT017,2025-11-05,37
WL0001851,TKT001507,AGT017,2025-11-05,131
WL0001852,TKT001508,AGT016,2025-11-05,66
WL0001853,TKT001509,AGT013,2025-11-05,148
WL0001854,TKT001510,AGT017,2025-11-05,16
WL0001855,TKT001511,AGT017,2025-11-05,78
WL0001856,TKT001512,AGT014,2025-11-05,66
WL0001857,TKT001513,AGT004,2025-11-05,121
WL0001858,TKT001514,AGT007,2025-11-05,137
WL0001859,TKT001515,AGT014,2025-11-05,85
WL0001860,TKT001515,AGT017,2025-11-05,47
WL0001861,TKT001516,AGT004,2025-11-05,92
WL0001862,TKT001517,AGT009,2025-11-05,38
WL0001863,TKT001518,AGT003,2025-11-05,125
WL0001864,TKT001519,AGT010,2025-11-05,119
WL0001865,TKT001520,AGT007,2025-11-05,157
WL0001866,TKT001520,AGT010,2025-11-05,86
WL0001867,TKT001521,AGT013,2025-11-05,106
WL0001868,TKT001522,AGT013,2025-11-05,16
WL0001869,TKT001522,AGT016,2025-11-05,27
WL0001870,TKT001523,AGT014,2025-11-05,53
WL0001871,TKT001523,AGT017,2025-11-05,30
WL0001872,TKT001524,AGT004,2025-11-05,49
WL0001873,TKT001525,AGT009,2025-11-05,124
WL0001874,TKT001526,AGT003,2025-11-05,107
WL0001875,TKT001527,AGT017,2025-11-05,53
WL0001877,TKT001529,AGT014,2025-11-05,39
WL0001878,TKT001530,AGT005,2025-11-05,118
WL0001880,TKT001532,AGT007,2025-11-05,33
WL0001881,TKT001532,AGT010,2025-11-05,61
WL0001882,TKT001533,AGT014,2025-11-05,33
WL0001883,TKT001533,AGT016,2025-11-05,19
WL0001884,TKT001534,AGT007,2025-11-05,85
WL0001885,TKT001535,AGT003,2025-11-05,18
WL0001886,TKT001535,AGT004,2025-11-05,31
WL0001887,TKT001536,AGT003,2025-11-05,68
WL0001888,TKT001537,AGT013,2025-11-05,80
WL0001889,TKT001538,AGT010,2025-11-05,109
WL0001891,TKT001540,AGT014,2025-11-05,8
WL0001892,TKT001540,AGT016,2025-11-05,14
WL0001893,TKT001541,AGT007,2025-11-05,34
WL0001894,TKT001542,AGT014,2025-11-05,25
WL0001895,TKT001542,AGT017,2025-11-05,50
WL0001896,TKT001543,AGT003,2025-11-05,45
WL0001897,TKT001543,AGT005,2025-11-05,81
WL0001898,TKT001544,AGT003,2025-11-05,57
WL0001899,TKT001545,AGT014,2025-11-05,85
WL0001900,TKT001546,AGT004,2025-11-05,81
WL0001901,TKT001547,AGT001,2025-11-05,61
WL0001902,TKT001548,AGT004,2025-11-05,31
WL0001903,TKT001548,AGT005,2025-11-05,57
WL0001904,TKT001549,AGT014,2025-11-05,72
WL0001905,TKT001550,AGT001,2025-11-05,76
WL0001906,TKT001551,AGT013,2025-11-05,56
WL0001907,TKT001552,AGT001,2025-11-05,56
WL0001908,TKT001553,AGT013,2025-11-05,16
WL0001909,TKT001553,AGT014,2025-11-05,14
WL0001910,TKT001553,AGT016,2025-11-05,55
WL0001911,TKT001554,AGT009,2025-11-05,154
WL0001912,TKT001555,AGT013,2025-11-05,25
WL0001913,TKT001556,AGT005,2025-11-05,45
WL0001914,TKT001557,AGT001,2025-11-05,5
WL0001915,TKT001557,AGT003,2025-11-05,60
WL0001916,TKT001558,AGT016,2025-11-05,38
WL0001917,TKT001559,AGT013,2025-11-05,63
WL0001918,TKT001559,AGT016,2025-11-05,9
WL0001919,TKT001560,AGT008,2025-11-06,77
WL0001920,TKT001561,AGT002,2025-11-06,25
WL0001921,TKT001561,AGT003,2025-11-06,14
WL0001922,TKT001562,AGT016,2025-11-06,67
WL0001923,TKT001563,AGT014,2025-11-06,43
WL0001924,TKT001564,AGT017,2025-11-06,87
WL0001925,TKT001565,AGT004,2025-11-06,33
WL0001926,TKT001565,AGT005,2025-11-06,18
WL0001927,TKT001566,AGT014,2025-11-06,59
WL0001928,TKT001567,AGT003,2025-11-06,84
WL0001929,TKT001568,AGT016,2025-11-06,60
WL0001930,TKT001569,AGT014,2025-11-06,90
WL0001931,TKT001570,AGT007,2025-11-06,66
WL0001932,TKT001571,AGT011,2025-11-06,60
WL0001933,TKT001572,AGT005,2025-11-06,70
WL0001934,TKT001573,AGT014,2025-11-06,25
WL0001935,TKT001573,AGT017,2025-11-06,14
WL0001936,TKT001574,AGT002,2025-11-06,79
WL0001937,TKT001575,AGT014,2025-11-06,23
WL0001938,TKT001575,AGT016,2025-11-06,13
WL0001939,TKT001576,AGT007,2025-11-06,90
WL0001940,TKT001577,AGT009,2025-11-06,123
WL0001941,TKT001578,AGT011,2025-11-06,109
WL0001942,TKT001579,AGT014,2025-11-06,35
WL0001943,TKT001580,AGT014,2025-11-06,119
WL0001944,TKT001581,AGT005,2025-11-06,78
WL0001945,TKT001582,AGT009,2025-11-06,104
WL0001946,TKT001583,AGT014,2025-11-06,37
WL0001947,TKT001584,AGT005,2025-11-06,29
WL0001948,TKT001585,AGT014,2025-11-06,79
WL0001949,TKT001585,AGT016,2025-11-06,100
WL0001950,TKT001586,AGT004,2025-11-06,37
WL0001951,TKT001587,AGT002,2025-11-06,128
WL0001952,TKT001588,AGT010,2025-11-06,215
WL0001953,TKT001589,AGT004,2025-11-06,35
WL0001954,TKT001590,AGT009,2025-11-06,66
WL0001955,TKT001591,AGT005,2025-11-06,34
WL0001956,TKT001592,AGT007,2025-11-06,80
WL0001957,TKT001593,AGT004,2025-11-06,29
WL0001958,TKT001594,AGT004,2025-11-06,84
WL0001959,TKT001595,AGT017,2025-11-06,107
WL0001960,TKT001596,AGT011,2025-11-06,76
WL0001961,TKT001597,AGT017,2025-11-06,40
WL0001962,TKT001598,AGT011,2025-11-06,92
WL0001963,TKT001599,AGT016,2025-11-06,64
WL0001964,TKT001600,AGT008,2025-11-06,21
WL0001965,TKT001600,AGT011,2025-11-06,39
WL0001966,TKT001601,AGT009,2025-11-06,81
WL0001967,TKT001602,AGT009,2025-11-06,2
WL0001968,TKT001602,AGT011,2025-11-06,104
WL0001969,TKT001603,AGT004,2025-11-06,16
WL0001970,TKT001604,AGT017,2025-11-06,50
WL0001971,TKT001605,AGT003,2025-11-06,50
WL0001972,TKT001606,AGT011,2025-11-07,86
WL0001973,TKT001607,AGT017,2025-11-07,192
WL0001974,TKT001608,AGT002,2025-11-07,11
WL0001975,TKT001608,AGT005,2025-11-07,19
WL0001976,TKT001609,AGT009,2025-11-07,47
WL0001977,TKT001610,AGT013,2025-11-07,44
WL0001978,TKT001610,AGT016,2025-11-07,25
WL0001979,TKT001611,AGT013,2025-11-07,62
WL0001981,TKT001613,AGT001,2025-11-07,41
WL0001982,TKT001614,AGT017,2025-11-07,40
WL0001983,TKT001615,AGT016,2025-11-07,55
WL0001984,TKT001616,AGT011,2025-11-07,106
WL0001985,TKT001617,AGT015,2025-11-07,51
WL0001986,TKT001618,AGT008,2025-11-07,48
WL0001987,TKT001618,AGT011,2025-11-07,26
WL0001988,TKT001619,AGT009,2025-11-07,38
WL0001989,TKT001620,AGT013,2025-11-07,18
WL0001990,TKT001621,AGT009,2025-11-07,88
WL0001991,TKT001622,AGT009,2025-11-07,64
WL0001992,TKT001623,AGT013,2025-11-07,48
WL0001993,TKT001624,AGT005,2025-11-07,192
WL0001994,TKT001625,AGT015,2025-11-07,76
WL0001995,TKT001625,AGT016,2025-11-07,41
WL0001996,TKT001626,AGT007,2025-11-07,51
WL0001997,TKT001627,AGT016,2025-11-07,47
WL0001998,TKT001628,AGT011,2025-11-07,30
WL0001999,TKT001629,AGT017,2025-11-07,114
WL0002000,TKT001630,AGT001,2025-11-07,100
WL0002001,TKT001631,AGT004,2025-11-07,39
WL0002002,TKT001632,AGT007,2025-11-07,239
WL0002003,TKT001633,AGT008,2025-11-07,123
WL0002004,TKT001634,AGT001,2025-11-07,43
WL0002005,TKT001635,AGT015,2025-11-07,29
WL0002006,TKT001636,AGT013,2025-11-07,30
WL0002007,TKT001637,AGT007,2025-11-07,90
WL0002008,TKT001637,AGT008,2025-11-07,98
WL0002009,TKT001638,AGT015,2025-11-07,55
WL0002010,TKT001639,AGT009,2025-11-07,193
WL0002011,TKT001640,AGT013,2025-11-07,97
WL0002012,TKT001641,AGT016,2025-11-07,29
WL0002013,TKT001642,AGT009,2025-11-07,13
WL0002014,TKT001642,AGT011,2025-11-07,232
WL0002015,TKT001643,AGT005,2025-11-07,118
WL0002016,TKT001644,AGT007,2025-11-07,54
WL0002017,TKT001644,AGT009,2025-11-07,37
WL0002018,TKT001645,AGT013,2025-11-07,73
WL0002019,TKT001646,AGT005,2025-11-07,139
WL0002020,TKT001646,AGT007,2025-11-07,16
WL0002021,TKT001647,AGT015,2025-11-07,39
WL0002022,TKT001648,AGT017,2025-11-07,92
WL0002023,TKT001649,AGT016,2025-11-07,59
WL0002024,TKT001650,AGT016,2025-11-07,56
WL0002025,TKT001651,AGT015,2025-11-07,58
WL0002026,TKT001652,AGT001,2025-11-07,21
WL0002027,TKT001653,AGT007,2025-11-08,90
WL0002028,TKT001653,AGT011,2025-11-08,166
WL0002029,TKT001654,AGT014,2025-11-08,144
WL0002030,TKT001655,AGT014,2025-11-08,71
WL0002031,TKT001656,AGT007,2025-11-08,91
WL0002032,TKT001657,AGT007,2025-11-08,25
WL0002033,TKT001657,AGT011,2025-11-08,44
WL0002034,TKT001658,AGT011,2025-11-08,137
WL0002035,TKT001659,AGT014,2025-11-08,31
WL0002036,TKT001660,AGT014,2025-11-08,77
WL0002037,TKT001661,AGT014,2025-11-08,147
WL0002038,TKT001662,AGT005,2025-11-08,90
WL0002039,TKT001662,AGT014,2025-11-08,10
WL0002040,TKT001663,AGT011,2025-11-08,70
WL0002041,TKT001664,AGT011,2025-11-08,26
WL0002042,TKT001665,AGT005,2025-11-08,59
WL0002043,TKT001665,AGT011,2025-11-08,33
WL0002044,TKT001666,AGT007,2025-11-08,180
WL0002045,TKT001666,AGT011,2025-11-08,4
WL0002046,TKT001667,AGT005,2025-11-08,70
WL0002047,TKT001668,AGT004,2025-11-08,175
WL0002048,TKT001669,AGT001,2025-11-08,47
WL0002049,TKT001670,AGT001,2025-11-08,69
WL0002050,TKT001671,AGT007,2025-11-08,82
WL0002051,TKT001672,AGT001,2025-11-08,55
WL0002052,TKT001673,AGT005,2025-11-08,93
WL0002053,TKT001673,AGT007,2025-11-08,12
WL0002054,TKT001674,AGT004,2025-11-08,31
WL0002055,TKT001674,AGT005,2025-11-08,57
WL0002056,TKT001675,AGT004,2025-11-08,128
WL0002057,TKT001676,AGT004,2025-11-08,47
WL0002058,TKT001677,AGT004,2025-11-08,81
WL0002059,TKT001678,AGT001,2025-11-08,76
WL0002060,TKT001678,AGT005,2025-11-08,42
WL0002061,TKT001679,AGT004,2025-11-08,48
WL0002062,TKT001679,AGT005,2025-11-08,58
WL0002063,TKT001680,AGT001,2025-11-08,71
WL0002064,TKT001680,AGT005,2025-11-08,11
WL0002065,TKT001681,AGT001,2025-11-08,30
WL0002066,TKT001682,AGT001,2025-11-08,24
WL0002067,TKT001683,AGT001,2025-11-08,39
WL0002068,TKT001684,AGT010,2025-11-09,71
WL0002069,TKT001685,AGT001,2025-11-09,16
WL0002070,TKT001685,AGT004,2025-11-09,27
WL0002071,TKT001686,AGT015,2025-11-09,36
WL0002072,TKT001687,AGT011,2025-11-09,65
WL0002073,TKT001688,AGT016,2025-11-09,26
WL0002074,TKT001689,AGT007,2025-11-09,40
WL0002075,TKT001689,AGT008,2025-11-09,72
WL0002076,TKT001690,AGT001,2025-11-09,111
WL0002077,TKT001691,AGT018,2025-11-09,80
WL0002078,TKT001692,AGT015,2025-11-09,70
WL0002079,TKT001693,AGT004,2025-11-09,43
WL0002080,TKT001694,AGT016,2025-11-09,50
WL0002081,TKT001695,AGT008,2025-11-09,71
WL0002082,TKT001695,AGT011,2025-11-09,39
WL0002083,TKT001696,AGT009,2025-11-09,53
WL0002084,TKT001697,AGT015,2025-11-09,28
WL0002085,TKT001698,AGT004,2025-11-09,37
WL0002086,TKT001699,AGT018,2025-11-09,25
WL0002087,TKT001700,AGT008,2025-11-09,87
WL0002088,TKT001700,AGT011,2025-11-09,47
WL0002089,TKT001701,AGT018,2025-11-09,151
WL0002090,TKT001702,AGT002,2025-11-09,53
WL0002091,TKT001703,AGT008,2025-11-09,38
WL0002092,TKT001704,AGT018,2025-11-09,52
WL0002093,TKT001705,AGT007,2025-11-09,46
WL0002094,TKT001706,AGT002,2025-11-09,20
WL0002095,TKT001706,AGT004,2025-11-09,36
WL0002096,TKT001707,AGT015,2025-11-09,48
WL0002097,TKT001708,AGT002,2025-11-09,50
WL0002098,TKT001709,AGT001,2025-11-09,13
WL0002099,TKT001709,AGT002,2025-11-09,24
WL0002100,TKT001710,AGT002,2025-11-10,99
WL0002101,TKT001711,AGT009,2025-11-10,99
WL0002102,TKT001712,AGT013,2025-11-10,103
WL0002103,TKT001712,AGT014,2025-11-10,56
WL0002104,TKT001713,AGT013,2025-11-10,87
WL0002105,TKT001714,AGT014,2025-11-10,109
WL0002106,TKT001715,AGT009,2025-11-10,170
WL0002107,TKT001716,AGT014,2025-11-10,13
WL0002108,TKT001716,AGT016,2025-11-10,23
WL0002109,TKT001717,AGT003,2025-11-10,67
WL0002110,TKT001718,AGT004,2025-11-10,42
WL0002111,TKT001719,AGT015,2025-11-10,94
WL0002112,TKT001720,AGT015,2025-11-10,36
WL0002113,TKT001720,AGT016,2025-11-10,20
WL0002114,TKT001721,AGT004,2025-11-10,67
WL0002115,TKT001722,AGT009,2025-11-10,28
WL0002116,TKT001723,AGT009,2025-11-10,120
WL0002117,TKT001724,AGT015,2025-11-10,82
WL0002118,TKT001725,AGT014,2025-11-10,29
WL0002119,TKT001726,AGT008,2025-11-10,82
WL0002120,TKT001726,AGT009,2025-11-10,45
WL0002121,TKT001727,AGT018,2025-11-10,64
WL0002122,TKT001728,AGT004,2025-11-10,44
WL0002123,TKT001729,AGT013,2025-11-10,128
WL0002124,TKT001730,AGT005,2025-11-10,86
WL0002125,TKT001731,AGT015,2025-11-10,59
WL0002126,TKT001732,AGT013,2025-11-10,162
WL0002127,TKT001732,AGT016,2025-11-10,39
WL0002128,TKT001733,AGT015,2025-11-10,118
WL0002129,TKT001734,AGT015,2025-11-10,31
WL0002130,TKT001734,AGT016,2025-11-10,88
WL0002131,TKT001735,AGT018,2025-11-10,90
WL0002132,TKT001736,AGT007,2025-11-10,52
WL0002133,TKT001736,AGT009,2025-11-10,18
WL0002134,TKT001737,AGT007,2025-11-10,41
WL0002135,TKT001738,AGT014,2025-11-10,72
WL0002136,TKT001739,AGT010,2025-11-10,97
WL0002137,TKT001740,AGT007,2025-11-10,72
WL0002138,TKT001741,AGT004,2025-11-10,59
WL0002139,TKT001742,AGT005,2025-11-10,35
WL0002140,TKT001743,AGT014,2025-11-10,31
WL0002141,TKT001743,AGT018,2025-11-10,55
WL0002142,TKT001744,AGT002,2025-11-10,52
WL0002143,TKT001745,AGT014,2025-11-10,27
WL0002144,TKT001745,AGT016,2025-11-10,15
WL0002145,TKT001746,AGT004,2025-11-10,39
WL0002146,TKT001747,AGT003,2025-11-10,65
WL0002147,TKT001748,AGT018,2025-11-10,87
WL0002148,TKT001749,AGT004,2025-11-10,31
WL0002149,TKT001750,AGT014,2025-11-10,143
WL0002150,TKT001750,AGT016,2025-11-10,106
WL0002151,TKT001751,AGT008,2025-11-10,99
WL0002152,TKT001752,AGT001,2025-11-10,112
WL0002153,TKT001753,AGT008,2025-11-10,35
WL0002154,TKT001754,AGT004,2025-11-10,50
WL0002155,TKT001755,AGT007,2025-11-10,85
WL0002156,TKT001756,AGT005,2025-11-10,105
WL0002157,TKT001757,AGT016,2025-11-10,68
WL0002158,TKT001758,AGT004,2025-11-10,96
WL0002159,TKT001759,AGT007,2025-11-10,92
WL0002160,TKT001760,AGT003,2025-11-10,101
WL0002161,TKT001761,AGT003,2025-11-10,131
WL0002162,TKT001762,AGT018,2025-11-10,39
WL0002163,TKT001763,AGT010,2025-11-10,104
WL0002164,TKT001764,AGT004,2025-11-10,52
WL0002165,TKT001764,AGT005,2025-11-10,90
WL0002166,TKT001765,AGT018,2025-11-10,161
WL0002167,TKT001766,AGT016,2025-11-10,100
WL0002168,TKT001766,AGT018,2025-11-10,14
WL0002169,TKT001767,AGT005,2025-11-10,67
WL0002170,TKT001768,AGT003,2025-11-10,38
WL0002171,TKT001769,AGT001,2025-11-10,89
WL0002172,TKT001770,AGT002,2025-11-10,28
WL0002173,TKT001770,AGT016,2025-11-10,21
WL0002174,TKT001771,AGT002,2025-11-10,83
WL0002175,TKT001772,AGT008,2025-11-10,64
WL0002176,TKT001773,AGT008,2025-11-10,52
WL0002177,TKT001774,AGT003,2025-11-10,56
WL0002178,TKT001775,AGT003,2025-11-10,35
WL0002179,TKT001776,AGT002,2025-11-11,60
WL0002180,TKT001777,AGT015,2025-11-11,63
WL0002181,TKT001777,AGT017,2025-11-11,35
WL0002182,TKT001778,AGT002,2025-11-11,19
WL0002183,TKT001779,AGT017,2025-11-11,42
WL0002184,TKT001780,AGT008,2025-11-11,164
WL0002185,TKT001781,AGT013,2025-11-11,47
WL0002186,TKT001782,AGT008,2025-11-11,149
WL0002187,TKT001783,AGT017,2025-11-11,39
WL0002188,TKT001784,AGT011,2025-11-11,137
WL0002189,TKT001785,AGT004,2025-11-11,51
WL0002190,TKT001786,AGT010,2025-11-11,104
WL0002191,TKT001787,AGT005,2025-11-11,58
WL0002192,TKT001788,AGT005,2025-11-11,79
WL0002193,TKT001789,AGT005,2025-11-11,58
WL0002194,TKT001790,AGT014,2025-11-11,37
WL0002195,TKT001791,AGT004,2025-11-11,118
WL0002196,TKT001792,AGT011,2025-11-11,99
WL0002197,TKT001793,AGT004,2025-11-11,234
WL0002198,TKT001794,AGT004,2025-11-11,33
WL0002199,TKT001794,AGT005,2025-11-11,61
WL0002200,TKT001795,AGT002,2025-11-11,84
WL0002201,TKT001795,AGT004,2025-11-11,74
WL0002202,TKT001796,AGT007,2025-11-11,113
WL0002203,TKT001796,AGT008,2025-11-11,62
WL0002204,TKT001797,AGT002,2025-11-11,37
WL0002205,TKT001797,AGT005,2025-11-11,68
WL0002206,TKT001798,AGT001,2025-11-11,71
WL0002207,TKT001799,AGT011,2025-11-11,208
WL0002208,TKT001800,AGT007,2025-11-11,93
WL0002209,TKT001800,AGT008,2025-11-11,105
WL0002210,TKT001801,AGT007,2025-11-11,57
WL0002211,TKT001801,AGT010,2025-11-11,31
WL0002212,TKT001802,AGT002,2025-11-11,165
WL0002213,TKT001802,AGT005,2025-11-11,156
WL0002214,TKT001803,AGT001,2025-11-11,51
WL0002215,TKT001804,AGT001,2025-11-11,133
WL0002216,TKT001804,AGT002,2025-11-11,55
WL0002217,TKT001805,AGT007,2025-11-11,23
WL0002218,TKT001805,AGT010,2025-11-11,107
WL0002219,TKT001805,AGT011,2025-11-11,36
WL0002220,TKT001806,AGT001,2025-11-11,60
WL0002221,TKT001807,AGT016,2025-11-11,79
WL0002222,TKT001808,AGT016,2025-11-11,40
WL0002223,TKT001809,AGT001,2025-11-11,91
WL0002224,TKT001810,AGT001,2025-11-11,74
WL0002225,TKT001810,AGT014,2025-11-11,15
WL0002226,TKT001811,AGT018,2025-11-11,141
WL0002227,TKT001812,AGT013,2025-11-11,86
WL0002228,TKT001813,AGT016,2025-11-11,178
WL0002229,TKT001814,AGT007,2025-11-11,52
WL0002230,TKT001815,AGT015,2025-11-11,56
WL0002231,TKT001816,AGT014,2025-11-11,36
WL0002232,TKT001817,AGT002,2025-11-12,46
WL0002233,TKT001817,AGT005,2025-11-12,26
WL0002235,TKT001819,AGT015,2025-11-12,104
WL0002236,TKT001820,AGT015,2025-11-12,88
WL0002237,TKT001821,AGT004,2025-11-12,42
WL0002238,TKT001822,AGT007,2025-11-12,232
WL0002239,TKT001823,AGT005,2025-11-12,92
WL0002240,TKT001824,AGT002,2025-11-12,140
WL0002241,TKT001824,AGT005,2025-11-12,76
WL0002242,TKT001825,AGT014,2025-11-12,123
WL0002243,TKT001826,AGT013,2025-11-12,22
WL0002244,TKT001826,AGT016,2025-11-12,39
WL0002245,TKT001827,AGT008,2025-11-12,93
WL0002246,TKT001828,AGT008,2025-11-12,24
WL0002247,TKT001828,AGT010,2025-11-12,43
WL0002248,TKT001829,AGT018,2025-11-12,44
WL0002249,TKT001830,AGT005,2025-11-12,22
WL0002250,TKT001831,AGT016,2025-11-12,35
WL0002251,TKT001832,AGT005,2025-11-12,29
WL0002252,TKT001833,AGT016,2025-11-12,86
WL0002253,TKT001834,AGT002,2025-11-12,21
WL0002254,TKT001834,AGT005,2025-11-12,12
WL0002255,TKT001835,AGT014,2025-11-12,18
WL0002256,TKT001836,AGT005,2025-11-12,83
WL0002257,TKT001837,AGT007,2025-11-12,68
WL0002258,TKT001837,AGT010,2025-11-12,37
WL0002259,TKT001838,AGT013,2025-11-12,30
WL0002260,TKT001838,AGT014,2025-11-12,55
WL0002261,TKT001839,AGT018,2025-11-12,58
WL0002262,TKT001840,AGT015,2025-11-12,134
WL0002263,TKT001841,AGT002,2025-11-12,95
WL0002264,TKT001842,AGT008,2025-11-12,57
WL0002265,TKT001843,AGT008,2025-11-12,19
WL0002266,TKT001843,AGT010,2025-11-12,33
WL0002267,TKT001844,AGT013,2025-11-12,80
WL0002268,TKT001845,AGT007,2025-11-12,31
WL0002269,TKT001846,AGT013,2025-11-12,80
WL0002270,TKT001847,AGT014,2025-11-12,76
WL0002271,TKT001848,AGT014,2025-11-12,26
WL0002272,TKT001848,AGT016,2025-11-12,14
WL0002273,TKT001849,AGT007,2025-11-12,149
WL0002274,TKT001849,AGT008,2025-11-12,125
WL0002275,TKT001850,AGT010,2025-11-12,60
WL0002276,TKT001851,AGT004,2025-11-12,67
WL0002277,TKT001852,AGT008,2025-11-12,63
WL0002278,TKT001853,AGT010,2025-11-12,100
WL0002279,TKT001854,AGT016,2025-11-13,30
WL0002280,TKT001855,AGT011,2025-11-13,37
WL0002281,TKT001856,AGT013,2025-11-13,29
WL0002282,TKT001856,AGT016,2025-11-13,53
WL0002283,TKT001857,AGT016,2025-11-13,47
WL0002284,TKT001858,AGT012,2025-11-13,69
WL0002285,TKT001859,AGT004,2025-11-13,12
WL0002286,TKT001859,AGT005,2025-11-13,21
WL0002287,TKT001860,AGT005,2025-11-13,29
WL0002288,TKT001861,AGT015,2025-11-13,75
WL0002289,TKT001862,AGT002,2025-11-13,86
WL0002290,TKT001863,AGT014,2025-11-13,101
WL0002291,TKT001864,AGT011,2025-11-13,146
WL0002292,TKT001865,AGT005,2025-11-13,112
WL0002293,TKT001866,AGT007,2025-11-13,26
WL0002294,TKT001866,AGT011,2025-11-13,48
WL0002295,TKT001867,AGT005,2025-11-13,69
WL0002296,TKT001868,AGT018,2025-11-13,78
WL0002297,TKT001869,AGT017,2025-11-13,112
WL0002298,TKT001870,AGT015,2025-11-13,90
WL0002299,TKT001871,AGT001,2025-11-13,143
WL0002300,TKT001871,AGT002,2025-11-13,77
WL0002301,TKT001872,AGT013,2025-11-13,83
WL0002302,TKT001873,AGT013,2025-11-13,24
WL0002303,TKT001873,AGT018,2025-11-13,43
WL0002304,TKT001874,AGT004,2025-11-13,28
WL0002305,TKT001875,AGT011,2025-11-13,82
WL0002306,TKT001875,AGT012,2025-11-13,45
WL0002307,TKT001876,AGT011,2025-11-13,71
WL0002308,TKT001877,AGT017,2025-11-13,60
WL0002309,TKT001878,AGT013,2025-11-13,20
WL0002310,TKT001878,AGT015,2025-11-13,35
WL0002311,TKT001879,AGT014,2025-11-13,48
WL0002312,TKT001880,AGT007,2025-11-13,6
WL0002313,TKT001880,AGT011,2025-11-13,66
WL0002314,TKT001881,AGT007,2025-11-13,49
WL0002315,TKT001882,AGT012,2025-11-13,94
WL0002316,TKT001883,AGT014,2025-11-13,150
WL0002317,TKT001884,AGT009,2025-11-13,102
WL0002318,TKT001885,AGT001,2025-11-13,53
WL0002319,TKT001885,AGT002,2025-11-13,29
WL0002320,TKT001886,AGT002,2025-11-13,258
WL0002321,TKT001886,AGT004,2025-11-13,7
WL0002322,TKT001887,AGT007,2025-11-13,34
WL0002323,TKT001887,AGT009,2025-11-13,62
WL0002324,TKT001888,AGT018,2025-11-13,95
WL0002325,TKT001889,AGT013,2025-11-13,114
WL0002326,TKT001890,AGT014,2025-11-13,46
WL0002327,TKT001891,AGT002,2025-11-14,74
WL0002328,TKT001892,AGT002,2025-11-14,9
WL0002329,TKT001892,AGT005,2025-11-14,16
WL0002330,TKT001893,AGT014,2025-11-14,9
WL0002331,TKT001893,AGT015,2025-11-14,16
WL0002332,TKT001894,AGT008,2025-11-14,219
WL0002333,TKT001895,AGT003,2025-11-14,84
WL0002334,TKT001896,AGT004,2025-11-14,91
WL0002335,TKT001897,AGT003,2025-11-14,78
WL0002336,TKT001897,AGT004,2025-11-14,43
WL0002337,TKT001898,AGT014,2025-11-14,53
WL0002338,TKT001899,AGT018,2025-11-14,68
WL0002339,TKT001900,AGT002,2025-11-14,37
WL0002340,TKT001901,AGT009,2025-11-14,45
WL0002341,TKT001902,AGT002,2025-11-14,41
WL0002342,TKT001902,AGT004,2025-11-14,23
WL0002343,TKT001903,AGT008,2025-11-14,53
WL0002344,TKT001903,AGT012,2025-11-14,96
WL0002345,TKT001904,AGT002,2025-11-14,107
WL0002346,TKT001905,AGT011,2025-11-14,176
WL0002347,TKT001906,AGT011,2025-11-14,80
WL0002348,TKT001907,AGT005,2025-11-14,80
WL0002349,TKT001908,AGT005,2025-11-14,39
WL0002350,TKT001909,AGT011,2025-11-14,64
WL0002351,TKT001910,AGT002,2025-11-14,55
WL0002352,TKT001911,AGT003,2025-11-14,64
WL0002353,TKT001912,AGT003,2025-11-14,118
WL0002354,TKT001912,AGT004,2025-11-14,64
WL0002355,TKT001913,AGT015,2025-11-14,54
WL0002356,TKT001914,AGT007,2025-11-14,64
WL0002357,TKT001915,AGT017,2025-11-14,304
WL0002358,TKT001916,AGT009,2025-11-14,29
WL0002359,TKT001917,AGT011,2025-11-14,74
WL0002360,TKT001917,AGT012,2025-11-14,136
WL0002361,TKT001918,AGT003,2025-11-14,46
WL0002362,TKT001918,AGT005,2025-11-14,25
WL0002363,TKT001919,AGT002,2025-11-14,64
WL0002364,TKT001920,AGT017,2025-11-14,56
WL0002365,TKT001921,AGT009,2025-11-14,58
WL0002366,TKT001922,AGT012,2025-11-14,103
WL0002367,TKT001923,AGT007,2025-11-14,201
WL0002368,TKT001924,AGT003,2025-11-14,35
WL0002369,TKT001925,AGT004,2025-11-14,19
WL0002370,TKT001926,AGT003,2025-11-14,31
WL0002371,TKT001926,AGT004,2025-11-14,17
WL0002372,TKT001927,AGT007,2025-11-14,120
WL0002373,TKT001928,AGT018,2025-11-14,43
WL0002374,TKT001929,AGT016,2025-11-14,58
WL0002375,TKT001930,AGT005,2025-11-14,36
WL0002376,TKT001931,AGT014,2025-11-14,236
WL0002377,TKT001932,AGT002,2025-11-14,123
WL0002378,TKT001932,AGT003,2025-11-14,24
WL0002379,TKT001932,AGT004,2025-11-14,66
WL0002380,TKT001933,AGT015,2025-11-14,69
WL0002381,TKT001934,AGT007,2025-11-14,77
WL0002382,TKT001935,AGT005,2025-11-15,67
WL0002383,TKT001936,AGT011,2025-11-15,62
WL0002384,TKT001937,AGT002,2025-11-15,81
WL0002385,TKT001938,AGT009,2025-11-15,19
WL0002386,TKT001938,AGT011,2025-11-15,34
WL0002387,TKT001939,AGT015,2025-11-15,24
WL0002388,TKT001940,AGT014,2025-11-15,50
WL0002389,TKT001940,AGT018,2025-11-15,27
WL0002390,TKT001941,AGT018,2025-11-15,190
WL0002391,TKT001942,AGT014,2025-11-15,44
WL0002392,TKT001943,AGT014,2025-11-15,130
WL0002393,TKT001944,AGT009,2025-11-15,46
WL0002394,TKT001944,AGT011,2025-11-15,83
WL0002395,TKT001945,AGT018,2025-11-15,53
WL0002396,TKT001946,AGT009,2025-11-15,30
WL0002397,TKT001947,AGT009,2025-11-15,85
WL0002398,TKT001948,AGT018,2025-11-15,32
WL0002399,TKT001949,AGT011,2025-11-15,62
WL0002400,TKT001950,AGT009,2025-11-15,91
WL0002401,TKT001951,AGT002,2025-11-15,68
WL0002402,TKT001952,AGT009,2025-11-15,120
WL0002403,TKT001953,AGT014,2025-11-15,51
WL0002404,TKT001954,AGT005,2025-11-15,70
WL0002405,TKT001955,AGT013,2025-11-16,33
WL0002406,TKT001955,AGT014,2025-11-16,18
WL0002407,TKT001956,AGT002,2025-11-16,73
WL0002408,TKT001956,AGT004,2025-11-16,40
WL0002409,TKT001957,AGT009,2025-11-16,24
WL0002410,TKT001957,AGT012,2025-11-16,42
WL0002411,TKT001958,AGT002,2025-11-16,86
WL0002412,TKT001959,AGT002,2025-11-16,116
WL0002413,TKT001960,AGT013,2025-11-16,30
WL0002414,TKT001960,AGT014,2025-11-16,55
WL0002415,TKT001961,AGT013,2025-11-16,34
WL0002416,TKT001962,AGT017,2025-11-16,45
WL0002417,TKT001963,AGT002,2025-11-16,67
WL0002418,TKT001964,AGT017,2025-11-16,57
WL0002419,TKT001965,AGT004,2025-11-16,66
WL0002420,TKT001966,AGT002,2025-11-16,32
WL0002421,TKT001967,AGT009,2025-11-16,45
WL0002422,TKT001968,AGT014,2025-11-16,51
WL0002423,TKT001969,AGT013,2025-11-16,57
WL0002424,TKT001970,AGT012,2025-11-16,101
WL0002425,TKT001971,AGT014,2025-11-16,92
WL0002426,TKT001972,AGT018,2025-11-16,41
WL0002427,TKT001973,AGT017,2025-11-16,92
WL0002428,TKT001974,AGT012,2025-11-16,157
WL0002429,TKT001975,AGT014,2025-11-16,20
WL0002430,TKT001975,AGT017,2025-11-16,36
WL0002431,TKT001976,AGT012,2025-11-16,132
WL0002432,TKT001977,AGT017,2025-11-16,48
WL0002433,TKT001977,AGT018,2025-11-16,87
WL0002434,TKT001978,AGT013,2025-11-16,119
WL0002435,TKT001979,AGT017,2025-11-16,61
WL0002436,TKT001980,AGT002,2025-11-16,66
WL0002437,TKT001981,AGT013,2025-11-16,42
WL0002438,TKT001981,AGT018,2025-11-16,24
WL0002439,TKT001982,AGT016,2025-11-17,77
WL0002440,TKT001983,AGT017,2025-11-17,36
WL0002441,TKT001984,AGT001,2025-11-17,71
WL0002442,TKT001984,AGT003,2025-11-17,131
WL0002443,TKT001985,AGT005,2025-11-17,27
WL0002444,TKT001986,AGT015,2025-11-17,97
WL0002445,TKT001987,AGT010,2025-11-17,44
WL0002446,TKT001988,AGT005,2025-11-17,61
WL0002447,TKT001989,AGT016,2025-11-17,110
WL0002448,TKT001990,AGT016,2025-11-17,112
WL0002449,TKT001991,AGT003,2025-11-17,33
WL0002450,TKT001991,AGT005,2025-11-17,18
WL0002451,TKT001992,AGT017,2025-11-17,40
WL0002452,TKT001993,AGT010,2025-11-17,98
WL0002453,TKT001994,AGT017,2025-11-17,77
WL0002454,TKT001995,AGT010,2025-11-17,135
WL0002455,TKT001996,AGT015,2025-11-17,92
WL0002456,TKT001996,AGT017,2025-11-17,50
WL0002457,TKT001997,AGT014,2025-11-17,63
WL0002458,TKT001998,AGT014,2025-11-17,128
WL0002459,TKT001999,AGT003,2025-11-17,147
WL0002460,TKT002000,AGT003,2025-11-17,36
WL0002461,TKT002001,AGT003,2025-11-17,85
WL0002462,TKT002002,AGT016,2025-11-17,39
WL0002463,TKT002003,AGT014,2025-11-17,46
WL0002464,TKT002004,AGT017,2025-11-17,117
WL0002465,TKT002005,AGT009,2025-11-17,116
WL0002466,TKT002006,AGT012,2025-11-17,102
WL0002468,TKT002008,AGT017,2025-11-17,52
WL0002469,TKT002009,AGT001,2025-11-17,107
WL0002470,TKT002009,AGT003,2025-11-17,48
WL0002471,TKT002010,AGT005,2025-11-17,70
WL0002472,TKT002011,AGT013,2025-11-17,136
WL0002473,TKT002012,AGT011,2025-11-17,53
WL0002474,TKT002012,AGT012,2025-11-17,29
WL0002475,TKT002013,AGT001,2025-11-17,47
WL0002476,TKT002013,AGT005,2025-11-17,87
WL0002477,TKT002014,AGT017,2025-11-17,108
WL0002478,TKT002015,AGT013,2025-11-17,58
WL0002479,TKT002016,AGT009,2025-11-17,81
WL0002480,TKT002017,AGT010,2025-11-17,88
WL0002481,TKT002018,AGT005,2025-11-17,29
WL0002482,TKT002019,AGT012,2025-11-17,40
WL0002483,TKT002020,AGT001,2025-11-17,34
WL0002484,TKT002021,AGT016,2025-11-17,62
WL0002485,TKT002022,AGT001,2025-11-17,52
WL0002486,TKT002023,AGT013,2025-11-17,51
WL0002487,TKT002024,AGT001,2025-11-17,64
WL0002488,TKT002025,AGT014,2025-11-17,40
WL0002489,TKT002025,AGT015,2025-11-17,23
WL0002490,TKT002026,AGT016,2025-11-17,59
WL0002491,TKT002027,AGT001,2025-11-17,105
WL0002492,TKT002027,AGT005,2025-11-17,29
WL0002493,TKT002028,AGT013,2025-11-17,115
WL0002494,TKT002028,AGT014,2025-11-17,27
WL0002495,TKT002029,AGT015,2025-11-17,13
WL0002496,TKT002029,AGT016,2025-11-17,21
WL0002497,TKT002030,AGT014,2025-11-17,11
WL0002498,TKT002030,AGT015,2025-11-17,18
WL0002499,TKT002031,AGT010,2025-11-17,56
WL0002500,TKT002032,AGT010,2025-11-17,59
WL0002501,TKT002032,AGT012,2025-11-17,26
WL0002502,TKT002033,AGT011,2025-11-17,96
WL0002503,TKT002034,AGT015,2025-11-17,108
WL0002504,TKT002035,AGT014,2025-11-17,42
WL0002505,TKT002035,AGT015,2025-11-17,76
WL0002506,TKT002036,AGT014,2025-11-17,4
WL0002507,TKT002036,AGT015,2025-11-17,53
WL0002508,TKT002037,AGT014,2025-11-18,52
WL0002509,TKT002038,AGT004,2025-11-18,33
WL0002510,TKT002038,AGT005,2025-11-18,19
WL0002511,TKT002039,AGT010,2025-11-18,29
WL0002512,TKT002039,AGT011,2025-11-18,17
WL0002513,TKT002040,AGT014,2025-11-18,45
WL0002514,TKT002041,AGT009,2025-11-18,76
WL0002515,TKT002042,AGT009,2025-11-18,74
WL0002516,TKT002042,AGT010,2025-11-18,40
WL0002517,TKT002043,AGT013,2025-11-18,54
WL0002518,TKT002044,AGT003,2025-11-18,88
WL0002519,TKT002045,AGT017,2025-11-18,27
WL0002520,TKT002045,AGT018,2025-11-18,15
WL0002521,TKT002046,AGT017,2025-11-18,59
WL0002522,TKT002047,AGT014,2025-11-18,67
WL0002523,TKT002048,AGT017,2025-11-18,15
WL0002524,TKT002049,AGT005,2025-11-18,20
WL0002525,TKT002050,AGT004,2025-11-18,44
WL0002526,TKT002050,AGT005,2025-11-18,81
WL0002527,TKT002051,AGT011,2025-11-18,44
WL0002528,TKT002052,AGT015,2025-11-18,49
WL0002529,TKT002053,AGT004,2025-11-18,54
WL0002530,TKT002054,AGT001,2025-11-18,17
WL0002531,TKT002054,AGT004,2025-11-18,29
WL0002532,TKT002055,AGT003,2025-11-18,30
WL0002533,TKT002056,AGT015,2025-11-18,121
WL0002534,TKT002057,AGT005,2025-11-18,72
WL0002535,TKT002058,AGT007,2025-11-18,85
WL0002536,TKT002058,AGT009,2025-11-18,46
WL0002537,TKT002059,AGT009,2025-11-18,42
WL0002538,TKT002060,AGT015,2025-11-18,53
WL0002539,TKT002060,AGT018,2025-11-18,30
WL0002540,TKT002061,AGT009,2025-11-18,25
WL0002541,TKT002061,AGT010,2025-11-18,44
WL0002542,TKT002062,AGT013,2025-11-18,15
WL0002543,TKT002062,AGT017,2025-11-18,26
WL0002544,TKT002063,AGT015,2025-11-18,51
WL0002545,TKT002064,AGT004,2025-11-18,93
WL0002546,TKT002065,AGT015,2025-11-18,21
WL0002547,TKT002066,AGT005,2025-11-18,16
WL0002548,TKT002067,AGT011,2025-11-18,81
WL0002549,TKT002068,AGT016,2025-11-18,39
WL0002550,TKT002069,AGT010,2025-11-18,166
WL0002551,TKT002070,AGT017,2025-11-18,159
WL0002552,TKT002071,AGT017,2025-11-18,27
WL0002553,TKT002072,AGT010,2025-11-18,81
WL0002554,TKT002072,AGT011,2025-11-18,44
WL0002555,TKT002073,AGT001,2025-11-18,33
WL0002556,TKT002074,AGT013,2025-11-18,44
WL0002557,TKT002074,AGT015,2025-11-18,24
WL0002558,TKT002075,AGT007,2025-11-18,281
WL0002559,TKT002076,AGT015,2025-11-18,51
WL0002560,TKT002077,AGT005,2025-11-18,99
WL0002561,TKT002078,AGT005,2025-11-18,40
WL0002562,TKT002079,AGT003,2025-11-18,37
WL0002563,TKT002080,AGT007,2025-11-18,84
WL0002564,TKT002080,AGT011,2025-11-18,49
WL0002565,TKT002081,AGT015,2025-11-18,20
WL0002566,TKT002082,AGT014,2025-11-18,48
WL0002567,TKT002082,AGT016,2025-11-18,26
WL0002568,TKT002083,AGT005,2025-11-18,78
WL0002569,TKT002084,AGT001,2025-11-18,28
WL0002570,TKT002084,AGT005,2025-11-18,55
WL0002571,TKT002085,AGT011,2025-11-18,58
WL0002572,TKT002086,AGT010,2025-11-18,86
WL0002573,TKT002087,AGT004,2025-11-18,128
WL0002574,TKT002088,AGT017,2025-11-18,128
WL0002575,TKT002089,AGT016,2025-11-18,43
WL0002576,TKT002090,AGT009,2025-11-18,36
WL0002577,TKT002091,AGT011,2025-11-19,80
WL0002578,TKT002092,AGT017,2025-11-19,41
WL0002579,TKT002093,AGT007,2025-11-19,26
WL0002580,TKT002093,AGT011,2025-11-19,47
WL0002581,TKT002094,AGT010,2025-11-19,81
WL0002582,TKT002095,AGT010,2025-11-19,247
WL0002583,TKT002096,AGT018,2025-11-19,66
WL0002584,TKT002097,AGT004,2025-11-19,30
WL0002585,TKT002098,AGT002,2025-11-19,46
WL0002586,TKT002099,AGT013,2025-11-19,65
WL0002587,TKT002100,AGT004,2025-11-19,30
WL0002588,TKT002101,AGT014,2025-11-19,117
WL0002589,TKT002102,AGT002,2025-11-19,50
WL0002590,TKT002103,AGT013,2025-11-19,36
WL0002591,TKT002104,AGT018,2025-11-19,77
WL0002592,TKT002105,AGT014,2025-11-19,55
WL0002593,TKT002105,AGT015,2025-11-19,31
WL0002595,TKT002107,AGT014,2025-11-19,37
WL0002596,TKT002108,AGT017,2025-11-19,71
WL0002597,TKT002109,AGT014,2025-11-19,16
WL0002598,TKT002109,AGT016,2025-11-19,10
WL0002599,TKT002110,AGT003,2025-11-19,57
WL0002600,TKT002111,AGT002,2025-11-19,45
WL0002601,TKT002112,AGT014,2025-11-19,68
WL0002603,TKT002114,AGT002,2025-11-19,120
WL0002604,TKT002115,AGT003,2025-11-19,35
WL0002605,TKT002116,AGT002,2025-11-19,67
WL0002606,TKT002117,AGT004,2025-11-19,51
WL0002607,TKT002118,AGT014,2025-11-19,66
WL0002608,TKT002119,AGT018,2025-11-19,80
WL0002609,TKT002120,AGT013,2025-11-19,49
WL0002610,TKT002121,AGT013,2025-11-19,18
WL0002611,TKT002121,AGT016,2025-11-19,31
WL0002612,TKT002122,AGT003,2025-11-19,41
WL0002613,TKT002122,AGT005,2025-11-19,23
WL0002614,TKT002123,AGT015,2025-11-19,31
WL0002615,TKT002124,AGT002,2025-11-19,91
WL0002616,TKT002125,AGT010,2025-11-19,122
WL0002617,TKT002125,AGT012,2025-11-19,48
WL0002618,TKT002126,AGT013,2025-11-19,53
WL0002619,TKT002126,AGT016,2025-11-19,30
WL0002620,TKT002127,AGT002,2025-11-19,61
WL0002621,TKT002127,AGT005,2025-11-19,41
WL0002622,TKT002128,AGT003,2025-11-19,43
WL0002623,TKT002129,AGT014,2025-11-19,16
WL0002624,TKT002129,AGT015,2025-11-19,10
WL0002625,TKT002130,AGT017,2025-11-19,44
WL0002626,TKT002131,AGT014,2025-11-19,75
WL0002627,TKT002131,AGT017,2025-11-19,1
WL0002628,TKT002132,AGT003,2025-11-19,274
WL0002629,TKT002132,AGT004,2025-11-19,28
WL0002630,TKT002133,AGT017,2025-11-20,68
WL0002631,TKT002134,AGT016,2025-11-20,124
WL0002632,TKT002135,AGT012,2025-11-20,119
WL0002633,TKT002136,AGT008,2025-11-20,24
WL0002634,TKT002137,AGT005,2025-11-20,75
WL0002635,TKT002138,AGT001,2025-11-20,183
WL0002636,TKT002139,AGT014,2025-11-20,48
WL0002637,TKT002139,AGT018,2025-11-20,87
WL0002638,TKT002140,AGT018,2025-11-20,37
WL0002639,TKT002141,AGT017,2025-11-20,74
WL0002640,TKT002142,AGT002,2025-11-20,93
WL0002641,TKT002143,AGT013,2025-11-20,71
WL0002642,TKT002144,AGT003,2025-11-20,138
WL0002643,TKT002145,AGT005,2025-11-20,29
WL0002644,TKT002146,AGT003,2025-11-20,65
WL0002645,TKT002147,AGT010,2025-11-20,51
WL0002646,TKT002147,AGT012,2025-11-20,28
WL0002647,TKT002148,AGT005,2025-11-20,185
WL0002648,TKT002149,AGT003,2025-11-20,49
WL0002649,TKT002150,AGT007,2025-11-20,122
WL0002650,TKT002150,AGT008,2025-11-20,66
WL0002651,TKT002151,AGT001,2025-11-20,149
WL0002652,TKT002152,AGT010,2025-11-20,62
WL0002653,TKT002153,AGT017,2025-11-20,158
WL0002654,TKT002154,AGT016,2025-11-20,33
WL0002655,TKT002154,AGT017,2025-11-20,19
WL0002656,TKT002155,AGT008,2025-11-20,103
WL0002657,TKT002156,AGT002,2025-11-20,45
WL0002658,TKT002157,AGT004,2025-11-20,31
WL0002659,TKT002158,AGT016,2025-11-20,63
WL0002660,TKT002159,AGT017,2025-11-20,38
WL0002661,TKT002160,AGT018,2025-11-20,51
WL0002662,TKT002161,AGT002,2025-11-20,24
WL0002663,TKT002162,AGT014,2025-11-20,67
WL0002664,TKT002163,AGT005,2025-11-20,50
WL0002665,TKT002164,AGT003,2025-11-20,49
WL0002666,TKT002165,AGT004,2025-11-20,44
WL0002667,TKT002166,AGT014,2025-11-20,30
WL0002668,TKT002167,AGT012,2025-11-20,146
WL0002669,TKT002168,AGT014,2025-11-20,70
WL0002670,TKT002169,AGT008,2025-11-20,157
WL0002671,TKT002170,AGT013,2025-11-20,19
WL0002672,TKT002170,AGT014,2025-11-20,35
WL0002673,TKT002171,AGT014,2025-11-20,53
WL0002674,TKT002172,AGT007,2025-11-20,72
WL0002675,TKT002173,AGT009,2025-11-20,38
WL0002676,TKT002173,AGT012,2025-11-20,68
WL0002677,TKT002174,AGT009,2025-11-20,71
WL0002678,TKT002175,AGT003,2025-11-20,29
WL0002679,TKT002176,AGT018,2025-11-20,20
WL0002680,TKT002177,AGT004,2025-11-20,160
WL0002681,TKT002178,AGT005,2025-11-20,88
WL0002682,TKT002179,AGT017,2025-11-20,44
WL0002683,TKT002180,AGT008,2025-11-20,13
WL0002684,TKT002180,AGT010,2025-11-20,22
WL0002685,TKT002181,AGT017,2025-11-20,22
WL0002686,TKT002182,AGT013,2025-11-20,85
WL0002687,TKT002183,AGT014,2025-11-20,1
WL0002688,TKT002183,AGT017,2025-11-20,57
WL0002689,TKT002184,AGT002,2025-11-20,66
WL0002690,TKT002185,AGT014,2025-11-20,27
WL0002691,TKT002185,AGT018,2025-11-20,50
WL0002692,TKT002186,AGT007,2025-11-20,244
WL0002693,TKT002187,AGT008,2025-11-21,99
WL0002694,TKT002188,AGT014,2025-11-21,90
WL0002696,TKT002190,AGT015,2025-11-21,54
WL0002697,TKT002191,AGT003,2025-11-21,131
WL0002698,TKT002192,AGT016,2025-11-21,74
WL0002699,TKT002193,AGT016,2025-11-21,51
WL0002700,TKT002194,AGT015,2025-11-21,82
WL0002701,TKT002195,AGT011,2025-11-21,87
WL0002702,TKT002196,AGT002,2025-11-21,14
WL0002703,TKT002196,AGT004,2025-11-21,25
WL0002704,TKT002197,AGT004,2025-11-21,19
WL0002705,TKT002197,AGT005,2025-11-21,33
WL0002706,TKT002198,AGT007,2025-11-21,178
WL0002707,TKT002199,AGT014,2025-11-21,118
WL0002708,TKT002200,AGT015,2025-11-21,30
WL0002709,TKT002201,AGT012,2025-11-21,109
WL0002710,TKT002202,AGT002,2025-11-21,20
WL0002711,TKT002203,AGT016,2025-11-21,89
WL0002712,TKT002204,AGT013,2025-11-21,77
WL0002713,TKT002205,AGT014,2025-11-21,78
WL0002714,TKT002206,AGT007,2025-11-21,178
WL0002715,TKT002207,AGT014,2025-11-21,13
WL0002716,TKT002207,AGT016,2025-11-21,8
WL0002717,TKT002208,AGT003,2025-11-21,89
WL0002718,TKT002209,AGT015,2025-11-21,31
WL0002719,TKT002209,AGT016,2025-11-21,18
WL0002720,TKT002210,AGT016,2025-11-21,43
WL0002721,TKT002211,AGT007,2025-11-21,73
WL0002722,TKT002212,AGT008,2025-11-21,185
WL0002723,TKT002213,AGT009,2025-11-21,36
WL0002724,TKT002213,AGT012,2025-11-21,20
WL0002725,TKT002214,AGT011,2025-11-21,129
WL0002726,TKT002215,AGT016,2025-11-21,151
WL0002727,TKT002216,AGT014,2025-11-21,50
WL0002728,TKT002217,AGT011,2025-11-21,60
WL0002729,TKT002217,AGT012,2025-11-21,109
WL0002730,TKT002218,AGT002,2025-11-21,303
WL0002731,TKT002219,AGT003,2025-11-21,87
WL0002732,TKT002220,AGT018,2025-11-21,47
WL0002733,TKT002221,AGT018,2025-11-21,78
WL0002734,TKT002222,AGT012,2025-11-21,100
WL0002735,TKT002223,AGT011,2025-11-21,67
WL0002736,TKT002224,AGT002,2025-11-21,45
WL0002737,TKT002224,AGT005,2025-11-21,81
WL0002738,TKT002225,AGT008,2025-11-21,108
WL0002739,TKT002226,AGT002,2025-11-21,30
WL0002740,TKT002227,AGT003,2025-11-21,55
WL0002741,TKT002228,AGT014,2025-11-21,59
WL0002742,TKT002229,AGT002,2025-11-21,68
WL0002743,TKT002229,AGT003,2025-11-21,39
WL0002744,TKT002230,AGT014,2025-11-22,81
WL0002745,TKT002231,AGT014,2025-11-22,88
WL0002746,TKT002232,AGT015,2025-11-22,45
WL0002747,TKT002233,AGT001,2025-11-22,66
WL0002748,TKT002233,AGT005,2025-11-22,122
WL0002749,TKT002234,AGT010,2025-11-22,177
WL0002750,TKT002235,AGT017,2025-11-22,63
WL0002751,TKT002236,AGT017,2025-11-22,117
WL0002752,TKT002237,AGT014,2025-11-22,20
WL0002753,TKT002237,AGT017,2025-11-22,12
WL0002754,TKT002238,AGT008,2025-11-22,139
WL0002755,TKT002239,AGT005,2025-11-22,78
WL0002756,TKT002240,AGT015,2025-11-22,64
WL0002757,TKT002241,AGT014,2025-11-22,40
WL0002758,TKT002242,AGT017,2025-11-22,94
WL0002759,TKT002243,AGT001,2025-11-22,27
WL0002760,TKT002243,AGT002,2025-11-22,15
WL0002761,TKT002244,AGT015,2025-11-22,49
WL0002762,TKT002245,AGT005,2025-11-22,88
WL0002763,TKT002246,AGT017,2025-11-22,111
WL0002764,TKT002247,AGT017,2025-11-22,29
WL0002765,TKT002248,AGT014,2025-11-22,69
WL0002766,TKT002248,AGT015,2025-11-22,38
WL0002767,TKT002249,AGT002,2025-11-22,41
WL0002768,TKT002249,AGT005,2025-11-22,76
WL0002769,TKT002250,AGT004,2025-11-22,18
WL0002770,TKT002250,AGT005,2025-11-22,116
WL0002771,TKT002251,AGT010,2025-11-22,123
WL0002772,TKT002252,AGT017,2025-11-22,35
WL0002773,TKT002253,AGT010,2025-11-22,80
WL0002774,TKT002254,AGT010,2025-11-22,26
WL0002775,TKT002255,AGT007,2025-11-23,73
WL0002776,TKT002256,AGT016,2025-11-23,150
WL0002777,TKT002257,AGT015,2025-11-23,33
WL0002778,TKT002257,AGT016,2025-11-23,19
WL0002779,TKT002258,AGT015,2025-11-23,125
WL0002780,TKT002259,AGT002,2025-11-23,80
WL0002781,TKT002260,AGT001,2025-11-23,52
WL0002782,TKT002261,AGT001,2025-11-23,69
WL0002783,TKT002262,AGT001,2025-11-23,72
WL0002784,TKT002262,AGT002,2025-11-23,39
WL0002785,TKT002263,AGT007,2025-11-23,74
WL0002786,TKT002264,AGT015,2025-11-23,38
WL0002787,TKT002264,AGT018,2025-11-23,70
WL0002788,TKT002265,AGT001,2025-11-23,36
WL0002789,TKT002266,AGT001,2025-11-23,131
WL0002791,TKT002268,AGT015,2025-11-23,96
WL0002792,TKT002269,AGT007,2025-11-23,51
WL0002793,TKT002270,AGT013,2025-11-23,36
WL0002794,TKT002271,AGT016,2025-11-23,79
WL0002795,TKT002272,AGT002,2025-11-23,20
WL0002796,TKT002273,AGT013,2025-11-23,15
WL0002797,TKT002273,AGT014,2025-11-23,9
WL0002798,TKT002274,AGT014,2025-11-23,46
WL0002799,TKT002275,AGT015,2025-11-23,76
WL0002800,TKT002276,AGT002,2025-11-23,89
WL0002801,TKT002277,AGT018,2025-11-23,80
WL0002802,TKT002278,AGT007,2025-11-23,87
WL0002803,TKT002278,AGT012,2025-11-23,47
WL0002804,TKT002279,AGT014,2025-11-23,220
WL0002805,TKT002280,AGT011,2025-11-24,94
WL0002806,TKT002281,AGT008,2025-11-24,35
WL0002807,TKT002281,AGT009,2025-11-24,19
WL0002808,TKT002282,AGT009,2025-11-24,127
WL0002809,TKT002283,AGT015,2025-11-24,35
WL0002810,TKT002284,AGT014,2025-11-24,24
WL0002811,TKT002285,AGT005,2025-11-24,29
WL0002812,TKT002286,AGT003,2025-11-24,121
WL0002813,TKT002287,AGT005,2025-11-24,37
WL0002814,TKT002288,AGT018,2025-11-24,46
WL0002815,TKT002289,AGT001,2025-11-24,77
WL0002816,TKT002290,AGT014,2025-11-24,48
WL0002817,TKT002291,AGT001,2025-11-24,28
WL0002818,TKT002292,AGT018,2025-11-24,119
WL0002819,TKT002293,AGT005,2025-11-24,65
WL0002820,TKT002294,AGT015,2025-11-24,79
WL0002821,TKT002295,AGT018,2025-11-24,52
WL0002822,TKT002296,AGT008,2025-11-24,62
WL0002823,TKT002297,AGT003,2025-11-24,28
WL0002824,TKT002298,AGT008,2025-11-24,83
WL0002825,TKT002299,AGT011,2025-11-24,142
WL0002826,TKT002300,AGT018,2025-11-24,121
WL0002827,TKT002301,AGT003,2025-11-24,43
WL0002828,TKT002302,AGT010,2025-11-24,72
WL0002829,TKT002302,AGT011,2025-11-24,131
WL0002830,TKT002303,AGT009,2025-11-24,68
WL0002831,TKT002304,AGT018,2025-11-24,79
WL0002832,TKT002305,AGT003,2025-11-24,112
WL0002833,TKT002306,AGT004,2025-11-24,27
WL0002834,TKT002306,AGT005,2025-11-24,49
WL0002835,TKT002307,AGT015,2025-11-24,93
WL0002836,TKT002308,AGT004,2025-11-24,98
WL0002837,TKT002309,AGT015,2025-11-24,51
WL0002838,TKT002310,AGT005,2025-11-24,46
WL0002839,TKT002311,AGT001,2025-11-24,7
WL0002840,TKT002311,AGT003,2025-11-24,12
WL0002841,TKT002312,AGT015,2025-11-24,72
WL0002842,TKT002313,AGT014,2025-11-24,50
WL0002843,TKT002314,AGT014,2025-11-24,48
WL0002844,TKT002315,AGT015,2025-11-24,51
WL0002845,TKT002315,AGT018,2025-11-24,93
WL0002846,TKT002316,AGT004,2025-11-24,37
WL0002847,TKT002316,AGT005,2025-11-24,67
WL0002848,TKT002317,AGT003,2025-11-24,113
WL0002849,TKT002318,AGT014,2025-11-24,51
WL0002850,TKT002319,AGT004,2025-11-24,96
WL0002851,TKT002320,AGT001,2025-11-24,119
WL0002852,TKT002321,AGT011,2025-11-24,50
WL0002853,TKT002322,AGT003,2025-11-24,45
WL0002854,TKT002323,AGT009,2025-11-24,58
WL0002855,TKT002324,AGT001,2025-11-24,112
WL0002856,TKT002324,AGT003,2025-11-24,6
WL0002857,TKT002325,AGT016,2025-11-24,43
WL0002858,TKT002326,AGT016,2025-11-24,52
WL0002859,TKT002327,AGT016,2025-11-24,36
WL0002860,TKT002328,AGT009,2025-11-24,45
WL0002861,TKT002329,AGT001,2025-11-24,14
WL0002862,TKT002329,AGT004,2025-11-24,25
WL0002863,TKT002330,AGT016,2025-11-24,241
WL0002864,TKT002331,AGT014,2025-11-24,27
WL0002865,TKT002331,AGT015,2025-11-24,49
WL0002866,TKT002332,AGT010,2025-11-24,128
WL0002867,TKT002333,AGT008,2025-11-24,148
WL0002868,TKT002334,AGT001,2025-11-24,123
WL0002869,TKT002334,AGT004,2025-11-24,6
WL0002870,TKT002335,AGT005,2025-11-24,56
WL0002871,TKT002336,AGT004,2025-11-24,9
WL0002872,TKT002336,AGT005,2025-11-24,101
WL0002873,TKT002337,AGT004,2025-11-24,112
WL0002874,TKT002338,AGT014,2025-11-24,80
WL0002875,TKT002339,AGT004,2025-11-24,70
WL0002876,TKT002339,AGT011,2025-11-24,15
WL0002877,TKT002340,AGT015,2025-11-24,37
WL0002878,TKT002340,AGT016,2025-11-24,67
WL0002879,TKT002341,AGT015,2025-11-24,12
WL0002880,TKT002341,AGT016,2025-11-24,22
WL0002881,TKT002342,AGT014,2025-11-24,18
WL0002882,TKT002342,AGT016,2025-11-24,31
WL0002883,TKT002343,AGT008,2025-11-24,42
WL0002884,TKT002344,AGT009,2025-11-25,41
WL0002885,TKT002344,AGT012,2025-11-25,76
WL0002886,TKT002345,AGT004,2025-11-25,24
WL0002887,TKT002346,AGT017,2025-11-25,52
WL0002888,TKT002346,AGT018,2025-11-25,96
WL0002889,TKT002347,AGT004,2025-11-25,84
WL0002890,TKT002348,AGT004,2025-11-25,27
WL0002891,TKT002349,AGT018,2025-11-25,29
WL0002892,TKT002350,AGT003,2025-11-25,111
WL0002893,TKT002351,AGT010,2025-11-25,91
WL0002894,TKT002352,AGT011,2025-11-25,67
WL0002895,TKT002353,AGT008,2025-11-25,43
WL0002896,TKT002354,AGT002,2025-11-25,13
WL0002897,TKT002354,AGT005,2025-11-25,24
WL0002898,TKT002355,AGT014,2025-11-25,79
WL0002899,TKT002356,AGT017,2025-11-25,104
WL0002900,TKT002357,AGT003,2025-11-25,32
WL0002901,TKT002357,AGT005,2025-11-25,59
WL0002902,TKT002358,AGT009,2025-11-25,145
WL0002903,TKT002359,AGT018,2025-11-25,32
WL0002904,TKT002360,AGT011,2025-11-25,101
WL0002905,TKT002361,AGT016,2025-11-25,35
WL0002906,TKT002362,AGT017,2025-11-25,62
WL0002907,TKT002363,AGT014,2025-11-25,69
WL0002908,TKT002364,AGT018,2025-11-25,35
WL0002909,TKT002365,AGT016,2025-11-25,25
WL0002910,TKT002365,AGT018,2025-11-25,14
WL0002913,TKT002367,AGT001,2025-11-25,32
WL0002914,TKT002368,AGT014,2025-11-25,97
WL0002915,TKT002369,AGT014,2025-11-25,140
WL0002916,TKT002369,AGT016,2025-11-25,76
WL0002917,TKT002370,AGT008,2025-11-25,149
WL0002918,TKT002371,AGT005,2025-11-25,65
WL0002919,TKT002372,AGT017,2025-11-25,74
WL0002920,TKT002373,AGT014,2025-11-25,64
WL0002921,TKT002374,AGT014,2025-11-25,30
WL0002922,TKT002375,AGT011,2025-11-25,34
WL0002923,TKT002376,AGT012,2025-11-25,185
WL0002924,TKT002377,AGT010,2025-11-25,34
WL0002925,TKT002377,AGT012,2025-11-25,63
WL0002926,TKT002378,AGT001,2025-11-25,78
WL0002927,TKT002378,AGT003,2025-11-25,42
WL0002928,TKT002379,AGT008,2025-11-25,36
WL0002929,TKT002380,AGT004,2025-11-25,55
WL0002930,TKT002381,AGT008,2025-11-25,88
WL0002931,TKT002382,AGT011,2025-11-25,206
WL0002932,TKT002382,AGT012,2025-11-25,156
WL0002933,TKT002383,AGT016,2025-11-25,33
WL0002934,TKT002383,AGT017,2025-11-25,19
WL0002935,TKT002384,AGT010,2025-11-25,229
WL0002936,TKT002385,AGT017,2025-11-25,22
WL0002937,TKT002385,AGT018,2025-11-25,40
WL0002938,TKT002386,AGT017,2025-11-25,25
WL0002939,TKT002387,AGT014,2025-11-25,1
WL0002940,TKT002387,AGT016,2025-11-25,39
WL0002941,TKT002388,AGT004,2025-11-25,83
WL0002942,TKT002389,AGT005,2025-11-25,39
WL0002943,TKT002390,AGT017,2025-11-25,38
WL0002944,TKT002391,AGT018,2025-11-25,76
WL0002945,TKT002392,AGT008,2025-11-25,30
WL0002946,TKT002392,AGT009,2025-11-25,54
WL0002947,TKT002393,AGT017,2025-11-26,45
WL0002948,TKT002394,AGT002,2025-11-26,148
WL0002949,TKT002395,AGT014,2025-11-26,34
WL0002950,TKT002396,AGT010,2025-11-26,104
WL0002951,TKT002397,AGT016,2025-11-26,10
WL0002952,TKT002397,AGT017,2025-11-26,18
WL0002953,TKT002398,AGT002,2025-11-26,46
WL0002954,TKT002399,AGT007,2025-11-26,70
WL0002955,TKT002400,AGT002,2025-11-26,14
WL0002956,TKT002400,AGT003,2025-11-26,25
WL0002957,TKT002401,AGT009,2025-11-26,37
WL0002958,TKT002402,AGT017,2025-11-26,170
WL0002959,TKT002403,AGT017,2025-11-26,173
WL0002960,TKT002404,AGT014,2025-11-26,43
WL0002961,TKT002405,AGT010,2025-11-26,249
WL0002962,TKT002406,AGT017,2025-11-26,59
WL0002963,TKT002407,AGT008,2025-11-26,37
WL0002964,TKT002408,AGT010,2025-11-26,73
WL0002965,TKT002408,AGT012,2025-11-26,40
WL0002966,TKT002409,AGT014,2025-11-26,206
WL0002967,TKT002410,AGT014,2025-11-26,24
WL0002968,TKT002410,AGT018,2025-11-26,14
WL0002969,TKT002411,AGT002,2025-11-26,19
WL0002970,TKT002412,AGT007,2025-11-26,66
WL0002971,TKT002412,AGT009,2025-11-26,37
WL0002972,TKT002413,AGT002,2025-11-26,124
WL0002973,TKT002414,AGT002,2025-11-26,41
WL0002974,TKT002415,AGT001,2025-11-26,41
WL0002976,TKT002417,AGT003,2025-11-26,95
WL0002977,TKT002418,AGT007,2025-11-26,199
WL0002978,TKT002419,AGT014,2025-11-26,67
WL0002979,TKT002419,AGT017,2025-11-26,15
WL0002980,TKT002419,AGT018,2025-11-26,22
WL0002981,TKT002420,AGT018,2025-11-26,72
WL0002982,TKT002421,AGT003,2025-11-26,59
WL0002983,TKT002422,AGT014,2025-11-26,44
WL0002984,TKT002423,AGT003,2025-11-26,41
WL0002985,TKT002424,AGT003,2025-11-26,86
WL0002986,TKT002425,AGT018,2025-11-26,70
WL0002987,TKT002426,AGT007,2025-11-26,50
WL0002988,TKT002426,AGT009,2025-11-26,92
WL0002989,TKT002427,AGT003,2025-11-26,86
WL0002990,TKT002428,AGT016,2025-11-26,56
WL0002991,TKT002429,AGT001,2025-11-26,50
WL0002992,TKT002430,AGT011,2025-11-26,171
WL0002993,TKT002431,AGT014,2025-11-26,62
WL0002994,TKT002431,AGT016,2025-11-26,6
WL0002995,TKT002432,AGT001,2025-11-26,125
WL0002996,TKT002433,AGT008,2025-11-26,32
WL0002997,TKT002433,AGT009,2025-11-26,57
WL0002998,TKT002434,AGT001,2025-11-26,23
WL0002999,TKT002434,AGT002,2025-11-26,41
WL0003000,TKT002435,AGT008,2025-11-27,100
WL0003001,TKT002436,AGT009,2025-11-27,62
WL0003002,TKT002437,AGT001,2025-11-27,139
WL0003003,TKT002438,AGT007,2025-11-27,122
WL0003004,TKT002438,AGT008,2025-11-27,66
WL0003005,TKT002439,AGT016,2025-11-27,79
WL0003006,TKT002440,AGT016,2025-11-27,37
WL0003007,TKT002441,AGT009,2025-11-27,109
WL0003008,TKT002442,AGT003,2025-11-27,118
WL0003009,TKT002443,AGT013,2025-11-27,62
WL0003010,TKT002444,AGT012,2025-11-27,194
WL0003011,TKT002445,AGT003,2025-11-27,163
WL0003012,TKT002446,AGT014,2025-11-27,52
WL0003013,TKT002447,AGT012,2025-11-27,133
WL0003014,TKT002448,AGT014,2025-11-27,54
WL0003015,TKT002449,AGT008,2025-11-27,26
WL0003016,TKT002450,AGT014,2025-11-27,106
WL0003017,TKT002451,AGT013,2025-11-27,27
WL0003018,TKT002451,AGT014,2025-11-27,48
WL0003019,TKT002452,AGT009,2025-11-27,73
WL0003020,TKT002453,AGT009,2025-11-27,63
WL0003021,TKT002454,AGT004,2025-11-27,33
WL0003022,TKT002455,AGT001,2025-11-27,45
WL0003023,TKT002456,AGT015,2025-11-27,145
WL0003024,TKT002457,AGT008,2025-11-27,113
WL0003025,TKT002457,AGT009,2025-11-27,61
WL0003026,TKT002458,AGT004,2025-11-27,134
WL0003027,TKT002459,AGT017,2025-11-27,63
WL0003028,TKT002460,AGT012,2025-11-27,106
WL0003029,TKT002461,AGT013,2025-11-27,36
WL0003030,TKT002461,AGT017,2025-11-27,65
WL0003031,TKT002462,AGT016,2025-11-27,40
WL0003032,TKT002462,AGT017,2025-11-27,73
WL0003033,TKT002463,AGT016,2025-11-27,123
WL0003034,TKT002464,AGT016,2025-11-27,53
WL0003035,TKT002465,AGT013,2025-11-27,98
WL0003036,TKT002466,AGT016,2025-11-27,12
WL0003037,TKT002466,AGT017,2025-11-27,22
WL0003038,TKT002467,AGT007,2025-11-27,59
WL0003039,TKT002467,AGT012,2025-11-27,33
WL0003040,TKT002468,AGT016,2025-11-27,41
WL0003041,TKT002469,AGT007,2025-11-27,43
WL0003042,TKT002470,AGT007,2025-11-27,95
WL0003043,TKT002470,AGT009,2025-11-27,112
WL0003044,TKT002471,AGT003,2025-11-27,57
WL0003045,TKT002472,AGT003,2025-11-27,32
WL0003046,TKT002473,AGT014,2025-11-27,25
WL0003047,TKT002474,AGT004,2025-11-27,35
WL0003048,TKT002475,AGT008,2025-11-27,47
WL0003049,TKT002475,AGT012,2025-11-27,14
WL0003050,TKT002476,AGT013,2025-11-27,12
WL0003051,TKT002476,AGT015,2025-11-27,22
WL0003052,TKT002477,AGT007,2025-11-27,79
WL0003053,TKT002478,AGT014,2025-11-27,21
WL0003054,TKT002479,AGT017,2025-11-27,50
WL0003055,TKT002480,AGT005,2025-11-27,121
WL0003056,TKT002481,AGT007,2025-11-27,68
WL0003057,TKT002482,AGT017,2025-11-27,37
WL0003058,TKT002483,AGT008,2025-11-27,106
WL0003059,TKT002484,AGT013,2025-11-27,108
WL0003060,TKT002485,AGT015,2025-11-27,26
WL0003061,TKT002485,AGT016,2025-11-27,95
WL0003062,TKT002486,AGT017,2025-11-27,60
WL0003063,TKT002487,AGT004,2025-11-27,76
WL0003064,TKT002487,AGT007,2025-11-27,14
WL0003065,TKT002487,AGT008,2025-11-27,22
WL0003066,TKT002488,AGT018,2025-11-28,189
WL0003067,TKT002489,AGT018,2025-11-28,32
WL0003068,TKT002490,AGT015,2025-11-28,52
WL0003069,TKT002491,AGT009,2025-11-28,160
WL0003070,TKT002492,AGT001,2025-11-28,87
WL0003071,TKT002493,AGT003,2025-11-28,84
WL0003072,TKT002494,AGT017,2025-11-28,51
WL0003073,TKT002495,AGT002,2025-11-28,117
WL0003074,TKT002496,AGT007,2025-11-28,147
WL0003075,TKT002497,AGT017,2025-11-28,94
WL0003076,TKT002498,AGT008,2025-11-28,43
WL0003077,TKT002499,AGT007,2025-11-28,66
WL0003078,TKT002500,AGT014,2025-11-28,182
WL0003079,TKT002501,AGT018,2025-11-28,72
WL0003080,TKT002502,AGT007,2025-11-28,125
WL0003081,TKT002503,AGT013,2025-11-28,76
WL0003082,TKT002504,AGT017,2025-11-28,34
WL0003083,TKT002505,AGT017,2025-11-28,88
WL0003084,TKT002506,AGT007,2025-11-28,29
WL0003085,TKT002506,AGT009,2025-11-28,53
WL0003086,TKT002507,AGT003,2025-11-28,51
WL0003087,TKT002508,AGT009,2025-11-28,107
WL0003088,TKT002509,AGT017,2025-11-28,32
WL0003089,TKT002510,AGT014,2025-11-28,24
WL0003090,TKT002511,AGT002,2025-11-28,53
WL0003091,TKT002511,AGT003,2025-11-28,29
WL0003092,TKT002512,AGT004,2025-11-28,39
WL0003093,TKT002513,AGT004,2025-11-28,57
WL0003094,TKT002514,AGT015,2025-11-28,47
WL0003095,TKT002515,AGT018,2025-11-28,61
WL0003096,TKT002516,AGT018,2025-11-28,53
WL0003097,TKT002517,AGT015,2025-11-28,44
WL0003098,TKT002518,AGT007,2025-11-28,113
WL0003099,TKT002519,AGT008,2025-11-28,208
WL0003100,TKT002520,AGT001,2025-11-28,74
WL0003101,TKT002520,AGT003,2025-11-28,41
WL0003102,TKT002521,AGT015,2025-11-28,25
WL0003103,TKT002521,AGT018,2025-11-28,46
WL0003104,TKT002522,AGT014,2025-11-28,3
WL0003105,TKT002522,AGT018,2025-11-28,27
WL0003106,TKT002523,AGT014,2025-11-28,16
WL0003107,TKT002523,AGT015,2025-11-28,10
WL0003108,TKT002524,AGT017,2025-11-28,53
WL0003109,TKT002525,AGT004,2025-11-28,32
WL0003110,TKT002526,AGT008,2025-11-28,58
WL0003111,TKT002526,AGT009,2025-11-28,160
WL0003112,TKT002527,AGT017,2025-11-28,79
WL0003113,TKT002528,AGT013,2025-11-28,47
WL0003114,TKT002529,AGT008,2025-11-28,57
WL0003115,TKT002530,AGT013,2025-11-28,33
WL0003116,TKT002531,AGT013,2025-11-28,19
WL0003117,TKT002531,AGT015,2025-11-28,35
WL0003118,TKT002532,AGT003,2025-11-28,42
WL0003119,TKT002532,AGT008,2025-11-28,114
WL0003120,TKT002533,AGT013,2025-11-28,13
WL0003121,TKT002533,AGT017,2025-11-28,22
WL0003122,TKT002534,AGT001,2025-11-28,51
WL0003123,TKT002535,AGT014,2025-11-28,70
WL0003124,TKT002535,AGT015,2025-11-28,11
WL0003125,TKT002535,AGT017,2025-11-28,27
WL0003126,TKT002536,AGT003,2025-11-28,19
WL0003127,TKT002537,AGT009,2025-11-29,58
WL0003128,TKT002537,AGT010,2025-11-29,107
WL0003129,TKT002538,AGT015,2025-11-29,54
WL0003130,TKT002538,AGT016,2025-11-29,30
WL0003131,TKT002539,AGT018,2025-11-29,66
WL0003132,TKT002540,AGT015,2025-11-29,43
WL0003133,TKT002541,AGT002,2025-11-29,256
WL0003134,TKT002542,AGT002,2025-11-29,63
WL0003135,TKT002543,AGT016,2025-11-29,73
WL0003136,TKT002544,AGT001,2025-11-29,102
WL0003137,TKT002544,AGT002,2025-11-29,56
WL0003138,TKT002545,AGT002,2025-11-29,30
WL0003139,TKT002546,AGT004,2025-11-29,37
WL0003140,TKT002547,AGT002,2025-11-29,75
WL0003141,TKT002547,AGT004,2025-11-29,57
WL0003142,TKT002548,AGT018,2025-11-29,183
WL0003143,TKT002549,AGT015,2025-11-29,33
WL0003144,TKT002550,AGT010,2025-11-29,155
WL0003145,TKT002550,AGT012,2025-11-29,84
WL0003146,TKT002551,AGT015,2025-11-29,123
WL0003147,TKT002552,AGT011,2025-11-29,117
WL0003148,TKT002553,AGT016,2025-11-29,37
WL0003149,TKT002554,AGT004,2025-11-29,43
WL0003151,TKT002556,AGT015,2025-11-29,18
WL0003152,TKT002557,AGT001,2025-11-29,67
WL0003153,TKT002558,AGT007,2025-11-29,54
WL0003154,TKT002559,AGT004,2025-11-29,46
WL0003155,TKT002560,AGT010,2025-11-29,61
WL0003156,TKT002561,AGT010,2025-11-29,52
WL0003157,TKT002561,AGT012,2025-11-29,94
WL0003158,TKT002562,AGT011,2025-11-29,135
WL0003159,TKT002563,AGT011,2025-11-29,50
WL0003160,TKT002564,AGT003,2025-11-30,28
WL0003161,TKT002564,AGT004,2025-11-30,51
WL0003162,TKT002565,AGT005,2025-11-30,71
WL0003163,TKT002566,AGT002,2025-11-30,142
WL0003164,TKT002567,AGT011,2025-11-30,100
WL0003165,TKT002568,AGT007,2025-11-30,121
WL0003166,TKT002568,AGT008,2025-11-30,66
WL0003167,TKT002569,AGT008,2025-11-30,171
WL0003168,TKT002570,AGT005,2025-11-30,53
WL0003169,TKT002571,AGT003,2025-11-30,55
WL0003170,TKT002572,AGT017,2025-11-30,19
WL0003171,TKT002573,AGT015,2025-11-30,52
WL0003172,TKT002574,AGT005,2025-11-30,60
WL0003173,TKT002575,AGT005,2025-11-30,90
WL0003174,TKT002576,AGT004,2025-11-30,87
WL0003175,TKT002577,AGT015,2025-11-30,77
WL0003176,TKT002578,AGT016,2025-11-30,37
WL0003177,TKT002579,AGT011,2025-11-30,115
WL0003178,TKT002580,AGT002,2025-11-30,46
WL0003179,TKT002581,AGT017,2025-11-30,20
WL0003180,TKT002582,AGT008,2025-11-30,74
WL0003181,TKT002582,AGT011,2025-11-30,135
WL0003182,TKT002583,AGT002,2025-11-30,40
WL0003183,TKT002583,AGT004,2025-11-30,74
WL0003184,TKT002584,AGT008,2025-11-30,165
WL0003185,TKT002584,AGT011,2025-11-30,130
WL0003186,TKT002585,AGT001,2025-12-01,20
WL0003187,TKT002585,AGT003,2025-12-01,11
WL0003188,TKT002586,AGT017,2025-12-01,40
WL0003189,TKT002587,AGT009,2025-12-01,40
WL0003190,TKT002588,AGT014,2025-12-01,74
WL0003191,TKT002589,AGT014,2025-12-01,34
WL0003192,TKT002589,AGT016,2025-12-01,19
WL0003193,TKT002590,AGT008,2025-12-01,166
WL0003194,TKT002591,AGT010,2025-12-01,69
WL0003195,TKT002592,AGT001,2025-12-01,34
WL0003196,TKT002593,AGT018,2025-12-01,209
WL0003197,TKT002594,AGT014,2025-12-01,79
WL0003198,TKT002594,AGT016,2025-12-01,43
WL0003199,TKT002595,AGT017,2025-12-01,50
WL0003200,TKT002596,AGT017,2025-12-01,32
WL0003201,TKT002597,AGT017,2025-12-01,29
WL0003202,TKT002597,AGT018,2025-12-01,53
WL0003203,TKT002598,AGT018,2025-12-01,39
WL0003204,TKT002599,AGT008,2025-12-01,82
WL0003205,TKT002600,AGT008,2025-12-01,198
WL0003206,TKT002601,AGT007,2025-12-01,61
WL0003207,TKT002602,AGT002,2025-12-01,20
WL0003208,TKT002603,AGT002,2025-12-01,19
WL0003209,TKT002603,AGT003,2025-12-01,35
WL0003210,TKT002604,AGT010,2025-12-01,173
WL0003211,TKT002605,AGT013,2025-12-01,53
WL0003212,TKT002606,AGT001,2025-12-01,60
WL0003213,TKT002606,AGT005,2025-12-01,33
WL0003214,TKT002607,AGT009,2025-12-01,69
WL0003215,TKT002608,AGT012,2025-12-01,91
WL0003216,TKT002609,AGT003,2025-12-01,89
WL0003217,TKT002610,AGT018,2025-12-01,98
WL0003218,TKT002611,AGT017,2025-12-01,64
WL0003219,TKT002612,AGT011,2025-12-01,128
WL0003220,TKT002613,AGT003,2025-12-01,33
WL0003221,TKT002614,AGT012,2025-12-01,148
WL0003222,TKT002615,AGT013,2025-12-01,66
WL0003223,TKT002616,AGT001,2025-12-01,71
WL0003224,TKT002617,AGT007,2025-12-02,39
WL0003225,TKT002618,AGT007,2025-12-02,57
WL0003226,TKT002618,AGT011,2025-12-02,31
WL0003227,TKT002619,AGT017,2025-12-02,54
WL0003228,TKT002620,AGT008,2025-12-02,66
WL0003229,TKT002621,AGT005,2025-12-02,37
WL0003230,TKT002622,AGT005,2025-12-02,29
WL0003231,TKT002623,AGT014,2025-12-02,136
WL0003232,TKT002623,AGT016,2025-12-02,74
WL0003233,TKT002624,AGT013,2025-12-02,81
WL0003234,TKT002625,AGT008,2025-12-02,137
WL0003235,TKT002626,AGT004,2025-12-02,77
WL0003236,TKT002627,AGT014,2025-12-02,31
WL0003237,TKT002628,AGT018,2025-12-02,115
WL0003238,TKT002629,AGT004,2025-12-02,24
WL0003239,TKT002629,AGT005,2025-12-02,13
WL0003240,TKT002630,AGT014,2025-12-02,25
WL0003241,TKT002630,AGT018,2025-12-02,46
WL0003242,TKT002631,AGT016,2025-12-02,22
WL0003243,TKT002632,AGT002,2025-12-02,200
WL0003244,TKT002633,AGT013,2025-12-02,83
WL0003245,TKT002634,AGT011,2025-12-02,63
WL0003246,TKT002635,AGT003,2025-12-02,19
WL0003247,TKT002636,AGT008,2025-12-02,214
WL0003248,TKT002637,AGT015,2025-12-02,64
WL0003249,TKT002638,AGT013,2025-12-02,195
WL0003250,TKT002639,AGT018,2025-12-02,33
WL0003251,TKT002640,AGT017,2025-12-02,101
WL0003252,TKT002641,AGT008,2025-12-02,63
WL0003253,TKT002641,AGT011,2025-12-02,16
WL0003254,TKT002642,AGT003,2025-12-02,31
WL0003255,TKT002643,AGT018,2025-12-02,73
WL0003256,TKT002644,AGT017,2025-12-02,84
WL0003257,TKT002645,AGT005,2025-12-02,159
WL0003258,TKT002646,AGT018,2025-12-02,49
WL0003259,TKT002647,AGT016,2025-12-02,74
WL0003260,TKT002648,AGT007,2025-12-02,51
WL0003261,TKT002648,AGT011,2025-12-02,94
WL0003262,TKT002649,AGT002,2025-12-02,98
WL0003263,TKT002650,AGT013,2025-12-02,45
WL0003264,TKT002650,AGT015,2025-12-02,25
WL0003265,TKT002651,AGT013,2025-12-02,62
WL0003266,TKT002652,AGT013,2025-12-02,14
WL0003267,TKT002652,AGT016,2025-12-02,73
WL0003268,TKT002653,AGT016,2025-12-02,72
WL0003269,TKT002654,AGT016,2025-12-02,54
WL0003270,TKT002654,AGT017,2025-12-02,100
WL0003271,TKT002655,AGT007,2025-12-02,333
WL0003272,TKT002655,AGT011,2025-12-02,17
WL0003273,TKT002656,AGT017,2025-12-02,91
WL0003274,TKT002657,AGT002,2025-12-02,26
WL0003275,TKT002657,AGT003,2025-12-02,47
WL0003276,TKT002658,AGT014,2025-12-02,107
WL0003277,TKT002659,AGT004,2025-12-02,36
WL0003278,TKT002659,AGT005,2025-12-02,20
WL0003279,TKT002660,AGT016,2025-12-02,111
WL0003280,TKT002660,AGT018,2025-12-02,14
WL0003281,TKT002661,AGT017,2025-12-02,20
WL0003282,TKT002662,AGT002,2025-12-02,60
WL0003283,TKT002663,AGT005,2025-12-02,117
WL0003284,TKT002664,AGT014,2025-12-02,39
WL0003285,TKT002665,AGT011,2025-12-02,88
WL0003286,TKT002666,AGT017,2025-12-02,30
WL0003287,TKT002666,AGT018,2025-12-02,15
WL0003288,TKT002667,AGT002,2025-12-02,96
WL0003289,TKT002667,AGT004,2025-12-02,14
WL0003290,TKT002668,AGT018,2025-12-02,93
WL0003291,TKT002669,AGT003,2025-12-02,159
WL0003292,TKT002669,AGT005,2025-12-02,87
WL0003293,TKT002670,AGT015,2025-12-02,91
WL0003294,TKT002671,AGT004,2025-12-02,40
WL0003295,TKT002671,AGT005,2025-12-02,18
WL0003296,TKT002672,AGT004,2025-12-02,44
WL0003297,TKT002673,AGT011,2025-12-02,138
WL0003298,TKT002674,AGT003,2025-12-02,47
WL0003299,TKT002674,AGT011,2025-12-02,33
WL0003300,TKT002675,AGT003,2025-12-02,68
WL0003301,TKT002675,AGT004,2025-12-02,37
WL0003302,TKT002676,AGT004,2025-12-02,56
WL0003303,TKT002677,AGT014,2025-12-02,142
WL0003304,TKT002677,AGT015,2025-12-02,26
WL0003305,TKT002678,AGT017,2025-12-03,36
WL0003306,TKT002679,AGT017,2025-12-03,79
WL0003307,TKT002680,AGT014,2025-12-03,64
WL0003308,TKT002681,AGT012,2025-12-03,98
WL0003309,TKT002682,AGT012,2025-12-03,89
WL0003310,TKT002683,AGT016,2025-12-03,37
WL0003311,TKT002684,AGT010,2025-12-03,144
WL0003312,TKT002685,AGT017,2025-12-03,73
WL0003313,TKT002686,AGT015,2025-12-03,39
WL0003314,TKT002686,AGT017,2025-12-03,22
WL0003315,TKT002687,AGT016,2025-12-03,27
WL0003316,TKT002688,AGT002,2025-12-03,32
WL0003317,TKT002689,AGT014,2025-12-03,37
WL0003318,TKT002689,AGT017,2025-12-03,20
WL0003319,TKT002690,AGT004,2025-12-03,53
WL0003320,TKT002691,AGT011,2025-12-03,122
WL0003321,TKT002692,AGT013,2025-12-03,10
WL0003322,TKT002692,AGT015,2025-12-03,17
WL0003323,TKT002693,AGT014,2025-12-03,62
WL0003324,TKT002694,AGT010,2025-12-03,94
WL0003325,TKT002694,AGT011,2025-12-03,174
WL0003326,TKT002695,AGT001,2025-12-03,45
WL0003327,TKT002695,AGT005,2025-12-03,25
WL0003328,TKT002696,AGT017,2025-12-03,86
WL0003329,TKT002697,AGT015,2025-12-03,20
WL0003330,TKT002698,AGT007,2025-12-03,211
WL0003331,TKT002699,AGT011,2025-12-03,66
WL0003332,TKT002700,AGT014,2025-12-03,39
WL0003333,TKT002701,AGT013,2025-12-03,148
WL0003334,TKT002702,AGT015,2025-12-03,78
WL0003335,TKT002703,AGT001,2025-12-03,93
WL0003336,TKT002704,AGT013,2025-12-03,52
WL0003337,TKT002705,AGT005,2025-12-03,57
WL0003338,TKT002706,AGT004,2025-12-03,94
WL0003339,TKT002707,AGT010,2025-12-03,91
WL0003340,TKT002708,AGT007,2025-12-03,157
WL0003341,TKT002709,AGT010,2025-12-03,31
WL0003342,TKT002709,AGT012,2025-12-03,17
WL0003343,TKT002710,AGT015,2025-12-03,92
WL0003344,TKT002710,AGT016,2025-12-03,51
WL0003345,TKT002711,AGT011,2025-12-03,86
WL0003346,TKT002712,AGT005,2025-12-03,124
WL0003347,TKT002713,AGT014,2025-12-03,86
WL0003348,TKT002714,AGT015,2025-12-03,27
WL0003349,TKT002715,AGT012,2025-12-03,151
WL0003350,TKT002716,AGT003,2025-12-03,125
WL0003351,TKT002717,AGT016,2025-12-03,56
WL0003352,TKT002718,AGT014,2025-12-03,57
WL0003353,TKT002718,AGT016,2025-12-03,32
WL0003354,TKT002719,AGT014,2025-12-03,64
WL0003355,TKT002720,AGT002,2025-12-03,59
WL0003356,TKT002721,AGT014,2025-12-04,97
WL0003357,TKT002722,AGT012,2025-12-04,129
WL0003358,TKT002723,AGT013,2025-12-04,19
WL0003359,TKT002723,AGT018,2025-12-04,35
WL0003360,TKT002724,AGT002,2025-12-04,27
WL0003361,TKT002725,AGT005,2025-12-04,54
WL0003362,TKT002726,AGT013,2025-12-04,34
WL0003363,TKT002727,AGT003,2025-12-04,51
WL0003364,TKT002728,AGT018,2025-12-04,106
WL0003365,TKT002729,AGT018,2025-12-04,89
WL0003366,TKT002730,AGT002,2025-12-04,30
WL0003367,TKT002731,AGT005,2025-12-04,30
WL0003368,TKT002732,AGT015,2025-12-04,40
WL0003369,TKT002733,AGT018,2025-12-04,27
WL0003370,TKT002734,AGT005,2025-12-04,104
WL0003371,TKT002735,AGT005,2025-12-04,63
WL0003372,TKT002736,AGT014,2025-12-04,68
WL0003373,TKT002737,AGT014,2025-12-04,36
WL0003374,TKT002738,AGT008,2025-12-04,181
WL0003375,TKT002739,AGT008,2025-12-04,74
WL0003376,TKT002740,AGT008,2025-12-04,72
WL0003377,TKT002741,AGT002,2025-12-04,34
WL0003378,TKT002742,AGT004,2025-12-04,84
WL0003379,TKT002743,AGT014,2025-12-04,53
WL0003380,TKT002744,AGT002,2025-12-04,85
WL0003381,TKT002745,AGT015,2025-12-04,25
WL0003382,TKT002746,AGT001,2025-12-04,66
WL0003384,TKT002748,AGT007,2025-12-04,91
WL0003385,TKT002749,AGT007,2025-12-04,188
WL0003386,TKT002749,AGT010,2025-12-04,102
WL0003387,TKT002750,AGT008,2025-12-04,110
WL0003388,TKT002751,AGT002,2025-12-04,54
WL0003389,TKT002752,AGT008,2025-12-04,43
WL0003390,TKT002752,AGT009,2025-12-04,31
WL0003391,TKT002753,AGT016,2025-12-04,27
WL0003392,TKT002753,AGT018,2025-12-04,48
WL0003393,TKT002754,AGT012,2025-12-04,188
WL0003394,TKT002755,AGT005,2025-12-04,23
WL0003395,TKT002756,AGT007,2025-12-04,201
WL0003396,TKT002756,AGT010,2025-12-04,104
WL0003397,TKT002757,AGT004,2025-12-04,93
WL0003398,TKT002758,AGT010,2025-12-04,50
WL0003399,TKT002758,AGT012,2025-12-04,163
WL0003400,TKT002759,AGT004,2025-12-04,137
WL0003401,TKT002759,AGT005,2025-12-04,74
WL0003402,TKT002760,AGT002,2025-12-04,119
WL0003403,TKT002761,AGT005,2025-12-04,43
WL0003404,TKT002762,AGT010,2025-12-04,29
WL0003405,TKT002762,AGT011,2025-12-04,16
WL0003406,TKT002763,AGT003,2025-12-04,42
WL0003407,TKT002763,AGT005,2025-12-04,24
WL0003408,TKT002764,AGT001,2025-12-04,51
WL0003409,TKT002765,AGT009,2025-12-04,31
WL0003410,TKT002765,AGT010,2025-12-04,56
WL0003411,TKT002766,AGT013,2025-12-04,51
WL0003412,TKT002767,AGT018,2025-12-04,40
WL0003413,TKT002768,AGT016,2025-12-04,42
WL0003414,TKT002769,AGT011,2025-12-04,180
WL0003415,TKT002770,AGT016,2025-12-04,132
WL0003417,TKT002772,AGT011,2025-12-04,46
WL0003418,TKT002773,AGT005,2025-12-04,28
WL0003419,TKT002774,AGT002,2025-12-04,31
WL0003420,TKT002774,AGT003,2025-12-04,55
WL0003421,TKT002775,AGT018,2025-12-04,44
WL0003422,TKT002776,AGT015,2025-12-04,17
WL0003423,TKT002776,AGT018,2025-12-04,91
WL0003424,TKT002777,AGT009,2025-12-04,47
WL0003425,TKT002777,AGT010,2025-12-04,94
WL0003426,TKT002778,AGT005,2025-12-05,70
WL0003427,TKT002779,AGT018,2025-12-05,69
WL0003428,TKT002780,AGT014,2025-12-05,17
WL0003429,TKT002780,AGT018,2025-12-05,30
WL0003430,TKT002781,AGT007,2025-12-05,125
WL0003431,TKT002782,AGT004,2025-12-05,43
WL0003432,TKT002783,AGT004,2025-12-05,20
WL0003433,TKT002784,AGT017,2025-12-05,46
WL0003434,TKT002785,AGT003,2025-12-05,220
WL0003435,TKT002786,AGT005,2025-12-05,21
WL0003436,TKT002787,AGT001,2025-12-05,72
WL0003437,TKT002787,AGT005,2025-12-05,40
WL0003438,TKT002788,AGT014,2025-12-05,39
WL0003439,TKT002789,AGT010,2025-12-05,115
WL0003440,TKT002790,AGT009,2025-12-05,85
WL0003441,TKT002790,AGT010,2025-12-05,46
WL0003442,TKT002791,AGT017,2025-12-05,44
WL0003443,TKT002791,AGT018,2025-12-05,25
WL0003444,TKT002792,AGT009,2025-12-05,85
WL0003445,TKT002793,AGT014,2025-12-05,110
WL0003446,TKT002794,AGT012,2025-12-05,81
WL0003447,TKT002795,AGT018,2025-12-05,28
WL0003448,TKT002796,AGT018,2025-12-05,47
WL0003449,TKT002797,AGT005,2025-12-05,36
WL0003450,TKT002798,AGT009,2025-12-05,38
WL0003451,TKT002798,AGT012,2025-12-05,70
WL0003452,TKT002799,AGT001,2025-12-05,78
WL0003453,TKT002800,AGT007,2025-12-05,48
WL0003454,TKT002800,AGT012,2025-12-05,87
WL0003455,TKT002801,AGT014,2025-12-05,119
WL0003456,TKT002802,AGT012,2025-12-05,60
WL0003457,TKT002803,AGT014,2025-12-05,49
WL0003458,TKT002803,AGT017,2025-12-05,27
WL0003459,TKT002804,AGT009,2025-12-05,49
WL0003460,TKT002804,AGT012,2025-12-05,27
WL0003461,TKT002805,AGT008,2025-12-05,102
WL0003462,TKT002805,AGT011,2025-12-05,55
WL0003463,TKT002806,AGT003,2025-12-05,57
WL0003464,TKT002807,AGT005,2025-12-05,20
WL0003465,TKT002808,AGT004,2025-12-05,62
WL0003466,TKT002809,AGT009,2025-12-05,33
WL0003467,TKT002809,AGT010,2025-12-05,19
WL0003468,TKT002810,AGT011,2025-12-05,122
WL0003469,TKT002811,AGT007,2025-12-05,35
WL0003470,TKT002811,AGT011,2025-12-05,63
WL0003471,TKT002812,AGT018,2025-12-05,53
WL0003472,TKT002813,AGT001,2025-12-05,56
WL0003473,TKT002814,AGT005,2025-12-05,174
WL0003474,TKT002815,AGT001,2025-12-05,61
WL0003475,TKT002815,AGT005,2025-12-05,33
WL0003476,TKT002816,AGT014,2025-12-05,76
WL0003477,TKT002817,AGT017,2025-12-05,122
WL0003478,TKT002818,AGT010,2025-12-05,9
WL0003479,TKT002818,AGT012,2025-12-05,155
WL0003480,TKT002819,AGT005,2025-12-05,67
WL0003481,TKT002820,AGT014,2025-12-05,58
WL0003482,TKT002821,AGT004,2025-12-05,39
WL0003483,TKT002822,AGT004,2025-12-05,26
WL0003484,TKT002822,AGT005,2025-12-05,19
WL0003485,TKT002823,AGT008,2025-12-05,36
WL0003486,TKT002824,AGT003,2025-12-06,65
WL0003487,TKT002825,AGT014,2025-12-06,71
WL0003488,TKT002826,AGT013,2025-12-06,44
WL0003489,TKT002827,AGT011,2025-12-06,123
WL0003490,TKT002828,AGT011,2025-12-06,94
WL0003491,TKT002829,AGT001,2025-12-06,55
WL0003492,TKT002830,AGT011,2025-12-06,89
WL0003493,TKT002831,AGT011,2025-12-06,59
WL0003494,TKT002831,AGT012,2025-12-06,32
WL0003495,TKT002832,AGT003,2025-12-06,64
WL0003496,TKT002833,AGT014,2025-12-06,60
WL0003497,TKT002834,AGT013,2025-12-06,76
WL0003500,TKT002836,AGT005,2025-12-06,55
WL0003501,TKT002837,AGT013,2025-12-06,19
WL0003502,TKT002837,AGT014,2025-12-06,34
WL0003503,TKT002838,AGT012,2025-12-06,69
WL0003504,TKT002839,AGT011,2025-12-06,81
WL0003505,TKT002839,AGT012,2025-12-06,46
WL0003506,TKT002840,AGT012,2025-12-06,90
WL0003507,TKT002841,AGT014,2025-12-06,76
WL0003508,TKT002842,AGT003,2025-12-06,73
WL0003509,TKT002843,AGT005,2025-12-06,178
WL0003510,TKT002844,AGT005,2025-12-06,42
WL0003511,TKT002845,AGT005,2025-12-06,29
WL0003512,TKT002846,AGT012,2025-12-06,125
WL0003513,TKT002847,AGT013,2025-12-06,27
WL0003514,TKT002847,AGT014,2025-12-06,48
WL0003515,TKT002848,AGT012,2025-12-06,55
WL0003516,TKT002848,AGT014,2025-12-06,135
WL0003517,TKT002849,AGT003,2025-12-06,53
WL0003518,TKT002850,AGT013,2025-12-06,100
WL0003519,TKT002850,AGT014,2025-12-06,54
WL0003520,TKT002851,AGT013,2025-12-06,38
WL0003521,TKT002851,AGT014,2025-12-06,2
WL0003522,TKT002852,AGT013,2025-12-06,93
WL0003523,TKT002853,AGT003,2025-12-06,57
WL0003524,TKT002853,AGT013,2025-12-06,83
WL0003525,TKT002854,AGT003,2025-12-06,55
WL0003526,TKT002855,AGT013,2025-12-07,94
WL0003527,TKT002856,AGT018,2025-12-07,33
WL0003528,TKT002857,AGT001,2025-12-07,52
WL0003529,TKT002858,AGT011,2025-12-07,126
WL0003530,TKT002859,AGT009,2025-12-07,83
WL0003531,TKT002860,AGT017,2025-12-07,48
WL0003532,TKT002861,AGT009,2025-12-07,190
WL0003533,TKT002862,AGT011,2025-12-07,61
WL0003534,TKT002863,AGT011,2025-12-07,118
WL0003535,TKT002864,AGT014,2025-12-07,181
WL0003536,TKT002865,AGT004,2025-12-07,42
WL0003537,TKT002866,AGT009,2025-12-07,40
WL0003538,TKT002866,AGT011,2025-12-07,73
WL0003539,TKT002867,AGT016,2025-12-07,47
WL0003540,TKT002868,AGT013,2025-12-07,15
WL0003541,TKT002868,AGT014,2025-12-07,27
WL0003542,TKT002869,AGT004,2025-12-07,51
WL0003543,TKT002870,AGT013,2025-12-07,98
WL0003544,TKT002871,AGT014,2025-12-07,112
WL0003545,TKT002872,AGT011,2025-12-08,50
WL0003546,TKT002872,AGT012,2025-12-08,28
WL0003547,TKT002873,AGT010,2025-12-08,81
WL0003548,TKT002874,AGT014,2025-12-08,85
WL0003549,TKT002875,AGT001,2025-12-08,37
WL0003550,TKT002875,AGT004,2025-12-08,21
WL0003551,TKT002876,AGT013,2025-12-08,48
WL0003552,TKT002876,AGT014,2025-12-08,88
WL0003553,TKT002877,AGT007,2025-12-08,30
WL0003554,TKT002878,AGT011,2025-12-08,200
WL0003555,TKT002879,AGT011,2025-12-08,152
WL0003556,TKT002880,AGT007,2025-12-08,126
WL0003557,TKT002881,AGT014,2025-12-08,23
WL0003558,TKT002882,AGT007,2025-12-08,49
WL0003559,TKT002882,AGT010,2025-12-08,90
WL0003560,TKT002883,AGT012,2025-12-08,76
WL0003561,TKT002884,AGT005,2025-12-08,82
WL0003562,TKT002885,AGT014,2025-12-08,40
WL0003563,TKT002886,AGT004,2025-12-08,36
WL0003564,TKT002887,AGT002,2025-12-08,50
WL0003565,TKT002888,AGT013,2025-12-08,87
WL0003566,TKT002889,AGT010,2025-12-08,89
WL0003567,TKT002889,AGT012,2025-12-08,164
WL0003568,TKT002890,AGT014,2025-12-08,16
WL0003569,TKT002890,AGT015,2025-12-08,29
WL0003570,TKT002891,AGT013,2025-12-08,145
WL0003571,TKT002892,AGT001,2025-12-08,57
WL0003572,TKT002892,AGT005,2025-12-08,31
WL0003573,TKT002893,AGT005,2025-12-08,36
WL0003574,TKT002894,AGT002,2025-12-08,21
WL0003575,TKT002894,AGT005,2025-12-08,38
WL0003576,TKT002895,AGT013,2025-12-08,40
WL0003577,TKT002896,AGT002,2025-12-08,86
WL0003578,TKT002897,AGT001,2025-12-08,47
WL0003579,TKT002897,AGT004,2025-12-08,85
WL0003580,TKT002898,AGT013,2025-12-08,139
WL0003581,TKT002899,AGT001,2025-12-08,45
WL0003582,TKT002900,AGT014,2025-12-08,32
WL0003583,TKT002901,AGT015,2025-12-08,16
WL0003584,TKT002902,AGT002,2025-12-08,42
WL0003585,TKT002903,AGT002,2025-12-08,107
WL0003586,TKT002904,AGT010,2025-12-08,107
WL0003587,TKT002905,AGT015,2025-12-08,77
WL0003588,TKT002906,AGT015,2025-12-08,61
WL0003589,TKT002907,AGT015,2025-12-08,72
WL0003590,TKT002908,AGT010,2025-12-08,113
WL0003591,TKT002908,AGT011,2025-12-08,16
WL0003592,TKT002909,AGT014,2025-12-08,69
WL0003593,TKT002910,AGT005,2025-12-08,56
WL0003594,TKT002911,AGT014,2025-12-08,63
WL0003595,TKT002912,AGT014,2025-12-08,48
WL0003596,TKT002913,AGT015,2025-12-08,60
WL0003597,TKT002914,AGT014,2025-12-08,22
WL0003598,TKT002914,AGT015,2025-12-08,40
WL0003599,TKT002915,AGT007,2025-12-08,77
WL0003600,TKT002916,AGT007,2025-12-08,29
WL0003601,TKT002916,AGT012,2025-12-08,53
WL0003602,TKT002917,AGT007,2025-12-08,2
WL0003603,TKT002917,AGT012,2025-12-08,129
WL0003604,TKT002918,AGT011,2025-12-08,51
WL0003605,TKT002919,AGT013,2025-12-08,21
WL0003606,TKT002919,AGT014,2025-12-08,24
WL0003607,TKT002919,AGT015,2025-12-08,72
WL0003608,TKT002920,AGT005,2025-12-09,41
WL0003609,TKT002921,AGT013,2025-12-09,141
WL0003610,TKT002921,AGT014,2025-12-09,77
WL0003611,TKT002922,AGT017,2025-12-09,26
WL0003612,TKT002923,AGT003,2025-12-09,49
WL0003613,TKT002924,AGT013,2025-12-09,23
WL0003614,TKT002924,AGT014,2025-12-09,40
WL0003615,TKT002925,AGT011,2025-12-09,96
WL0003616,TKT002926,AGT003,2025-12-09,37
WL0003617,TKT002926,AGT005,2025-12-09,68
WL0003619,TKT002928,AGT003,2025-12-09,19
WL0003620,TKT002929,AGT008,2025-12-09,84
WL0003621,TKT002930,AGT016,2025-12-09,26
WL0003622,TKT002931,AGT004,2025-12-09,111
WL0003623,TKT002932,AGT012,2025-12-09,47
WL0003624,TKT002933,AGT015,2025-12-09,28
WL0003625,TKT002934,AGT005,2025-12-09,59
WL0003626,TKT002935,AGT008,2025-12-09,73
WL0003627,TKT002935,AGT010,2025-12-09,134
WL0003628,TKT002936,AGT003,2025-12-09,69
WL0003629,TKT002937,AGT012,2025-12-09,149
WL0003630,TKT002938,AGT003,2025-12-09,57
WL0003631,TKT002938,AGT005,2025-12-09,104
WL0003632,TKT002939,AGT015,2025-12-09,65
WL0003633,TKT002940,AGT017,2025-12-09,65
WL0003634,TKT002941,AGT010,2025-12-09,61
WL0003635,TKT002941,AGT012,2025-12-09,34
WL0003636,TKT002942,AGT013,2025-12-09,64
WL0003637,TKT002943,AGT010,2025-12-09,44
WL0003638,TKT002944,AGT012,2025-12-09,194
WL0003639,TKT002945,AGT014,2025-12-09,93
WL0003640,TKT002945,AGT018,2025-12-09,51
WL0003641,TKT002946,AGT003,2025-12-09,55
WL0003642,TKT002946,AGT004,2025-12-09,100
WL0003643,TKT002947,AGT010,2025-12-09,113
WL0003644,TKT002948,AGT008,2025-12-09,148
WL0003645,TKT002949,AGT005,2025-12-09,50
WL0003646,TKT002950,AGT013,2025-12-09,24
WL0003647,TKT002951,AGT018,2025-12-09,75
WL0003648,TKT002952,AGT012,2025-12-09,36
WL0003649,TKT002953,AGT017,2025-12-09,64
WL0003650,TKT002954,AGT008,2025-12-09,15
WL0003651,TKT002954,AGT010,2025-12-09,98
WL0003652,TKT002954,AGT012,2025-12-09,20
WL0003653,TKT002955,AGT008,2025-12-09,24
WL0003654,TKT002955,AGT011,2025-12-09,31
WL0003655,TKT002956,AGT011,2025-12-09,282
WL0003656,TKT002957,AGT014,2025-12-09,36
WL0003657,TKT002958,AGT015,2025-12-09,53
WL0003658,TKT002959,AGT014,2025-12-09,41
WL0003659,TKT002960,AGT003,2025-12-09,33
WL0003660,TKT002960,AGT005,2025-12-09,18
WL0003661,TKT002961,AGT011,2025-12-09,41
WL0003662,TKT002961,AGT017,2025-12-09,115
WL0003663,TKT002962,AGT014,2025-12-09,37
WL0003664,TKT002962,AGT015,2025-12-09,67
WL0003665,TKT002963,AGT013,2025-12-09,194
WL0003666,TKT002964,AGT003,2025-12-09,26
WL0003667,TKT002964,AGT005,2025-12-09,47
WL0003668,TKT002965,AGT018,2025-12-09,129
WL0003669,TKT002966,AGT004,2025-12-09,61
WL0003670,TKT002967,AGT014,2025-12-09,87
WL0003671,TKT002968,AGT003,2025-12-09,80
WL0003672,TKT002968,AGT004,2025-12-09,44
WL0003673,TKT002969,AGT017,2025-12-09,54
WL0003674,TKT002970,AGT004,2025-12-09,68
WL0003675,TKT002971,AGT003,2025-12-09,55
WL0003676,TKT002971,AGT013,2025-12-09,4
WL0003677,TKT002971,AGT017,2025-12-09,8
WL0003678,TKT002972,AGT017,2025-12-09,141
WL0003679,TKT002973,AGT014,2025-12-09,25
WL0003680,TKT002973,AGT015,2025-12-09,14
WL0003681,TKT002974,AGT015,2025-12-09,121
WL0003682,TKT002975,AGT016,2025-12-09,52
WL0003683,TKT002976,AGT002,2025-12-10,82
WL0003684,TKT002977,AGT011,2025-12-10,89
WL0003685,TKT002978,AGT003,2025-12-10,114
WL0003686,TKT002979,AGT001,2025-12-10,29
WL0003687,TKT002980,AGT014,2025-12-10,8
WL0003688,TKT002980,AGT016,2025-12-10,14
WL0003689,TKT002981,AGT013,2025-12-10,113
WL0003690,TKT002982,AGT005,2025-12-10,46
WL0003691,TKT002983,AGT015,2025-12-10,35
WL0003692,TKT002984,AGT015,2025-12-10,81
WL0003693,TKT002985,AGT018,2025-12-10,53
WL0003694,TKT002986,AGT012,2025-12-10,56
WL0003695,TKT002987,AGT015,2025-12-10,65
WL0003696,TKT002988,AGT001,2025-12-10,52
WL0003697,TKT002989,AGT001,2025-12-10,58
WL0003698,TKT002990,AGT008,2025-12-10,110
WL0003699,TKT002991,AGT003,2025-12-10,26
WL0003700,TKT002992,AGT015,2025-12-10,138
WL0003701,TKT002993,AGT011,2025-12-10,210
WL0003702,TKT002994,AGT009,2025-12-10,63
WL0003703,TKT002994,AGT011,2025-12-10,34
WL0003704,TKT002995,AGT008,2025-12-10,106
WL0003705,TKT002996,AGT009,2025-12-10,52
WL0003706,TKT002997,AGT016,2025-12-10,158
WL0003707,TKT002998,AGT001,2025-12-10,139
WL0003708,TKT002999,AGT014,2025-12-10,97
WL0003709,TKT003000,AGT005,2025-12-10,27
WL0003710,TKT003001,AGT011,2025-12-10,134
WL0003711,TKT003002,AGT013,2025-12-10,61
WL0003712,TKT003002,AGT014,2025-12-10,34
WL0003713,TKT003003,AGT011,2025-12-10,13
WL0003714,TKT003003,AGT012,2025-12-10,97
WL0003715,TKT003004,AGT013,2025-12-10,41
WL0003716,TKT003004,AGT016,2025-12-10,74
WL0003717,TKT003005,AGT002,2025-12-10,11
WL0003718,TKT003005,AGT005,2025-12-10,18
WL0003719,TKT003006,AGT008,2025-12-10,173
WL0003720,TKT003007,AGT009,2025-12-10,105
WL0003721,TKT003008,AGT015,2025-12-10,140
WL0003722,TKT003009,AGT008,2025-12-10,91
WL0003723,TKT003009,AGT012,2025-12-10,27
WL0003724,TKT003010,AGT012,2025-12-10,101
WL0003725,TKT003011,AGT012,2025-12-10,98
WL0003726,TKT003012,AGT009,2025-12-10,67
WL0003727,TKT003013,AGT012,2025-12-10,97
WL0003728,TKT003014,AGT009,2025-12-10,76
WL0003729,TKT003015,AGT018,2025-12-10,64
WL0003730,TKT003016,AGT015,2025-12-10,51
WL0003731,TKT003016,AGT017,2025-12-10,15
WL0003732,TKT003017,AGT009,2025-12-10,47
WL0003733,TKT003018,AGT004,2025-12-11,56
WL0003734,TKT003019,AGT011,2025-12-11,108
WL0003735,TKT003020,AGT010,2025-12-11,122
WL0003736,TKT003021,AGT001,2025-12-11,152
WL0003737,TKT003022,AGT011,2025-12-11,118
WL0003738,TKT003023,AGT018,2025-12-11,69
WL0003739,TKT003024,AGT012,2025-12-11,59
WL0003740,TKT003025,AGT017,2025-12-11,83
WL0003741,TKT003026,AGT004,2025-12-11,115
WL0003742,TKT003027,AGT001,2025-12-11,97
WL0003743,TKT003027,AGT002,2025-12-11,53
WL0003744,TKT003028,AGT007,2025-12-11,28
WL0003745,TKT003028,AGT011,2025-12-11,51
WL0003746,TKT003029,AGT013,2025-12-11,50
WL0003747,TKT003030,AGT014,2025-12-11,53
WL0003748,TKT003030,AGT018,2025-12-11,30
WL0003749,TKT003031,AGT005,2025-12-11,46
WL0003750,TKT003032,AGT002,2025-12-11,218
WL0003751,TKT003033,AGT011,2025-12-11,113
WL0003752,TKT003034,AGT004,2025-12-11,52
WL0003753,TKT003035,AGT018,2025-12-11,94
WL0003754,TKT003036,AGT018,2025-12-11,57
WL0003755,TKT003037,AGT016,2025-12-11,99
WL0003756,TKT003038,AGT013,2025-12-11,44
WL0003757,TKT003038,AGT016,2025-12-11,25
WL0003758,TKT003039,AGT012,2025-12-11,60
WL0003759,TKT003040,AGT005,2025-12-11,79
WL0003760,TKT003041,AGT016,2025-12-11,64
WL0003761,TKT003042,AGT018,2025-12-11,95
WL0003762,TKT003043,AGT017,2025-12-11,85
WL0003763,TKT003044,AGT001,2025-12-11,37
WL0003764,TKT003045,AGT008,2025-12-11,176
WL0003765,TKT003046,AGT007,2025-12-11,85
WL0003766,TKT003047,AGT013,2025-12-11,65
WL0003767,TKT003048,AGT008,2025-12-11,85
WL0003768,TKT003049,AGT002,2025-12-11,10
WL0003769,TKT003049,AGT005,2025-12-11,17
WL0003770,TKT003050,AGT017,2025-12-11,35
WL0003771,TKT003051,AGT002,2025-12-11,32
WL0003772,TKT003052,AGT004,2025-12-11,65
WL0003773,TKT003053,AGT007,2025-12-11,133
WL0003774,TKT003054,AGT002,2025-12-11,53
WL0003775,TKT003055,AGT005,2025-12-11,203
WL0003776,TKT003056,AGT012,2025-12-11,111
WL0003777,TKT003057,AGT003,2025-12-11,48
WL0003778,TKT003058,AGT016,2025-12-11,68
WL0003779,TKT003059,AGT016,2025-12-12,32
WL0003780,TKT003059,AGT018,2025-12-12,18
WL0003781,TKT003060,AGT014,2025-12-12,71
WL0003782,TKT003061,AGT007,2025-12-12,98
WL0003783,TKT003062,AGT005,2025-12-12,59
WL0003784,TKT003063,AGT018,2025-12-12,60
WL0003785,TKT003064,AGT014,2025-12-12,151
WL0003786,TKT003065,AGT018,2025-12-12,58
WL0003787,TKT003066,AGT017,2025-12-12,22
WL0003788,TKT003067,AGT018,2025-12-12,188
WL0003789,TKT003068,AGT010,2025-12-12,74
WL0003790,TKT003069,AGT010,2025-12-12,64
WL0003791,TKT003070,AGT004,2025-12-12,47
WL0003792,TKT003071,AGT018,2025-12-12,59
WL0003793,TKT003072,AGT018,2025-12-12,29
WL0003794,TKT003073,AGT017,2025-12-12,77
WL0003795,TKT003074,AGT012,2025-12-12,132
WL0003796,TKT003075,AGT010,2025-12-12,107
WL0003797,TKT003076,AGT014,2025-12-12,20
WL0003798,TKT003076,AGT017,2025-12-12,12
WL0003799,TKT003077,AGT012,2025-12-12,133
WL0003800,TKT003078,AGT001,2025-12-12,42
WL0003801,TKT003078,AGT003,2025-12-12,23
WL0003802,TKT003079,AGT010,2025-12-12,79
WL0003803,TKT003080,AGT001,2025-12-12,44
WL0003804,TKT003081,AGT007,2025-12-12,94
WL0003805,TKT003082,AGT010,2025-12-12,97
WL0003806,TKT003083,AGT001,2025-12-12,103
WL0003807,TKT003084,AGT016,2025-12-12,50
WL0003808,TKT003084,AGT018,2025-12-12,98
WL0003809,TKT003085,AGT003,2025-12-12,24
WL0003810,TKT003085,AGT005,2025-12-12,14
WL0003811,TKT003086,AGT008,2025-12-12,208
WL0003812,TKT003087,AGT014,2025-12-12,77
WL0003813,TKT003088,AGT008,2025-12-12,108
WL0003814,TKT003089,AGT017,2025-12-12,48
WL0003815,TKT003090,AGT017,2025-12-12,59
WL0003816,TKT003091,AGT004,2025-12-12,65
WL0003817,TKT003092,AGT017,2025-12-12,22
WL0003818,TKT003093,AGT002,2025-12-12,92
WL0003819,TKT003093,AGT004,2025-12-12,51
WL0003820,TKT003094,AGT014,2025-12-12,27
WL0003821,TKT003094,AGT017,2025-12-12,49
WL0003822,TKT003095,AGT014,2025-12-12,64
WL0003823,TKT003096,AGT005,2025-12-12,111
WL0003824,TKT003097,AGT017,2025-12-12,35
WL0003825,TKT003098,AGT004,2025-12-12,41
WL0003826,TKT003099,AGT002,2025-12-12,87
WL0003827,TKT003100,AGT003,2025-12-13,50
WL0003828,TKT003101,AGT012,2025-12-13,60
WL0003829,TKT003102,AGT005,2025-12-13,122
WL0003830,TKT003103,AGT018,2025-12-13,59
WL0003831,TKT003104,AGT003,2025-12-13,61
WL0003832,TKT003105,AGT007,2025-12-13,59
WL0003833,TKT003105,AGT010,2025-12-13,33
WL0003834,TKT003106,AGT018,2025-12-13,86
WL0003835,TKT003107,AGT018,2025-12-13,31
WL0003836,TKT003108,AGT010,2025-12-13,280
WL0003837,TKT003109,AGT018,2025-12-13,53
WL0003838,TKT003110,AGT010,2025-12-13,110
WL0003839,TKT003111,AGT017,2025-12-13,18
WL0003840,TKT003111,AGT018,2025-12-13,33
WL0003841,TKT003112,AGT017,2025-12-13,42
WL0003842,TKT003113,AGT009,2025-12-13,205
WL0003843,TKT003114,AGT009,2025-12-13,22
WL0003844,TKT003114,AGT010,2025-12-13,57
WL0003845,TKT003115,AGT017,2025-12-13,25
WL0003846,TKT003116,AGT007,2025-12-13,75
WL0003847,TKT003117,AGT001,2025-12-13,16
WL0003848,TKT003117,AGT004,2025-12-13,9
WL0003849,TKT003118,AGT012,2025-12-13,298
WL0003850,TKT003119,AGT017,2025-12-13,37
WL0003851,TKT003120,AGT004,2025-12-13,32
WL0003852,TKT003121,AGT018,2025-12-13,25
WL0003853,TKT003122,AGT005,2025-12-14,40
WL0003855,TKT003124,AGT007,2025-12-14,164
WL0003856,TKT003125,AGT002,2025-12-14,12
WL0003857,TKT003125,AGT005,2025-12-14,21
WL0003858,TKT003126,AGT005,2025-12-14,68
WL0003859,TKT003127,AGT008,2025-12-14,62
WL0003860,TKT003128,AGT007,2025-12-14,31
WL0003861,TKT003128,AGT008,2025-12-14,57
WL0003862,TKT003129,AGT016,2025-12-14,53
WL0003863,TKT003130,AGT007,2025-12-14,128
WL0003864,TKT003131,AGT002,2025-12-14,43
WL0003865,TKT003132,AGT018,2025-12-14,109
WL0003866,TKT003133,AGT005,2025-12-14,37
WL0003867,TKT003134,AGT010,2025-12-14,76
WL0003868,TKT003135,AGT008,2025-12-14,122
WL0003869,TKT003136,AGT007,2025-12-14,92
WL0003870,TKT003137,AGT016,2025-12-14,54
WL0003871,TKT003138,AGT016,2025-12-15,75
WL0003872,TKT003139,AGT011,2025-12-15,80
WL0003873,TKT003140,AGT009,2025-12-15,86
WL0003874,TKT003141,AGT014,2025-12-15,16
WL0003875,TKT003141,AGT016,2025-12-15,29
WL0003876,TKT003142,AGT018,2025-12-15,87
WL0003877,TKT003143,AGT004,2025-12-15,61
WL0003878,TKT003144,AGT013,2025-12-15,88
WL0003879,TKT003145,AGT004,2025-12-15,38
WL0003880,TKT003146,AGT017,2025-12-15,53
WL0003881,TKT003147,AGT013,2025-12-15,48
WL0003882,TKT003147,AGT018,2025-12-15,89
WL0003883,TKT003148,AGT015,2025-12-15,99
WL0003884,TKT003149,AGT014,2025-12-15,24
WL0003885,TKT003149,AGT017,2025-12-15,43
WL0003886,TKT003150,AGT002,2025-12-15,40
WL0003887,TKT003151,AGT001,2025-12-15,26
WL0003888,TKT003152,AGT015,2025-12-15,48
WL0003889,TKT003153,AGT004,2025-12-15,112
WL0003890,TKT003154,AGT015,2025-12-15,40
WL0003891,TKT003155,AGT014,2025-12-15,66
WL0003892,TKT003156,AGT015,2025-12-15,31
WL0003893,TKT003157,AGT015,2025-12-15,87
WL0003894,TKT003158,AGT005,2025-12-15,79
WL0003895,TKT003159,AGT005,2025-12-15,69
WL0003896,TKT003160,AGT003,2025-12-15,45
WL0003897,TKT003161,AGT007,2025-12-15,67
WL0003898,TKT003162,AGT015,2025-12-15,90
WL0003899,TKT003163,AGT013,2025-12-15,11
WL0003900,TKT003163,AGT018,2025-12-15,7
WL0003901,TKT003164,AGT005,2025-12-15,97
WL0003902,TKT003165,AGT003,2025-12-15,133
WL0003903,TKT003166,AGT008,2025-12-15,108
WL0003904,TKT003167,AGT009,2025-12-15,71
WL0003905,TKT003168,AGT014,2025-12-15,111
WL0003906,TKT003169,AGT005,2025-12-15,69
WL0003907,TKT003170,AGT007,2025-12-15,99
WL0003908,TKT003171,AGT014,2025-12-15,23
WL0003909,TKT003172,AGT012,2025-12-15,72
WL0003910,TKT003173,AGT015,2025-12-15,52
WL0003911,TKT003174,AGT002,2025-12-15,110
WL0003912,TKT003175,AGT001,2025-12-15,64
WL0003913,TKT003176,AGT017,2025-12-15,49
WL0003914,TKT003177,AGT010,2025-12-15,79
WL0003915,TKT003178,AGT010,2025-12-15,102
WL0003916,TKT003179,AGT013,2025-12-15,70
WL0003918,TKT003181,AGT002,2025-12-15,82
WL0003919,TKT003182,AGT007,2025-12-15,165
WL0003920,TKT003183,AGT002,2025-12-16,21
WL0003921,TKT003184,AGT004,2025-12-16,41
WL0003922,TKT003185,AGT004,2025-12-16,20
WL0003923,TKT003185,AGT005,2025-12-16,12
WL0003924,TKT003186,AGT004,2025-12-16,33
WL0003925,TKT003187,AGT013,2025-12-16,40
WL0003926,TKT003188,AGT008,2025-12-16,97
WL0003927,TKT003189,AGT016,2025-12-16,37
WL0003928,TKT003190,AGT008,2025-12-16,52
WL0003929,TKT003190,AGT011,2025-12-16,95
WL0003930,TKT003191,AGT004,2025-12-16,90
WL0003931,TKT003192,AGT002,2025-12-16,53
WL0003932,TKT003193,AGT016,2025-12-16,12
WL0003933,TKT003193,AGT017,2025-12-16,7
WL0003934,TKT003194,AGT017,2025-12-16,94
WL0003937,TKT003196,AGT003,2025-12-16,53
WL0003938,TKT003197,AGT002,2025-12-16,26
WL0003939,TKT003198,AGT010,2025-12-16,66
WL0003940,TKT003199,AGT013,2025-12-16,32
WL0003941,TKT003199,AGT017,2025-12-16,18
WL0003942,TKT003200,AGT004,2025-12-16,25
WL0003943,TKT003201,AGT008,2025-12-16,176
WL0003944,TKT003202,AGT005,2025-12-16,38
WL0003945,TKT003203,AGT005,2025-12-16,31
WL0003946,TKT003204,AGT016,2025-12-16,96
WL0003947,TKT003205,AGT015,2025-12-16,23
WL0003948,TKT003206,AGT018,2025-12-16,99
WL0003949,TKT003207,AGT005,2025-12-16,94
WL0003950,TKT003208,AGT004,2025-12-16,91
WL0003951,TKT003209,AGT018,2025-12-16,45
WL0003952,TKT003210,AGT002,2025-12-16,138
WL0003953,TKT003211,AGT010,2025-12-16,75
WL0003954,TKT003212,AGT014,2025-12-16,35
WL0003955,TKT003212,AGT015,2025-12-16,63
WL0003956,TKT003213,AGT014,2025-12-16,24
WL0003957,TKT003214,AGT010,2025-12-16,101
WL0003958,TKT003215,AGT002,2025-12-16,11
WL0003959,TKT003215,AGT004,2025-12-16,19
WL0003960,TKT003216,AGT010,2025-12-16,91
WL0003961,TKT003217,AGT002,2025-12-16,50
WL0003962,TKT003218,AGT017,2025-12-16,40
WL0003963,TKT003219,AGT015,2025-12-17,19
WL0003964,TKT003220,AGT011,2025-12-17,113
WL0003965,TKT003221,AGT009,2025-12-17,155
WL0003966,TKT003222,AGT001,2025-12-17,59
WL0003967,TKT003223,AGT001,2025-12-17,77
WL0003968,TKT003224,AGT004,2025-12-17,106
WL0003969,TKT003225,AGT007,2025-12-17,13
WL0003970,TKT003225,AGT010,2025-12-17,22
WL0003971,TKT003226,AGT002,2025-12-17,50
WL0003972,TKT003226,AGT004,2025-12-17,28
WL0003973,TKT003227,AGT012,2025-12-17,102
WL0003974,TKT003228,AGT007,2025-12-17,54
WL0003975,TKT003229,AGT014,2025-12-17,41
WL0003976,TKT003230,AGT005,2025-12-17,96
WL0003977,TKT003231,AGT013,2025-12-17,59
WL0003978,TKT003232,AGT017,2025-12-17,74
WL0003979,TKT003233,AGT001,2025-12-17,70
WL0003980,TKT003233,AGT003,2025-12-17,38
WL0003981,TKT003234,AGT014,2025-12-17,56
WL0003982,TKT003234,AGT017,2025-12-17,31
WL0003983,TKT003235,AGT018,2025-12-17,137
WL0003984,TKT003236,AGT010,2025-12-17,48
WL0003985,TKT003237,AGT016,2025-12-17,49
WL0003986,TKT003238,AGT009,2025-12-17,46
WL0003987,TKT003239,AGT007,2025-12-17,76
WL0003988,TKT003239,AGT009,2025-12-17,41
WL0003989,TKT003240,AGT013,2025-12-17,48
WL0003990,TKT003241,AGT015,2025-12-17,58
WL0003991,TKT003242,AGT001,2025-12-17,83
WL0003992,TKT003243,AGT014,2025-12-17,64
WL0003993,TKT003244,AGT008,2025-12-17,182
WL0003994,TKT003245,AGT017,2025-12-17,63
WL0003995,TKT003246,AGT009,2025-12-17,69
WL0003996,TKT003246,AGT011,2025-12-17,38
WL0003997,TKT003247,AGT018,2025-12-17,32
WL0003998,TKT003248,AGT017,2025-12-17,61
WL0003999,TKT003249,AGT018,2025-12-17,66
WL0004000,TKT003250,AGT008,2025-12-17,82
WL0004001,TKT003250,AGT012,2025-12-17,45
WL0004002,TKT003251,AGT004,2025-12-17,21
WL0004003,TKT003251,AGT005,2025-12-17,39
WL0004004,TKT003252,AGT017,2025-12-17,130
WL0004007,TKT003255,AGT014,2025-12-18,61
WL0004008,TKT003255,AGT018,2025-12-18,33
WL0004009,TKT003256,AGT009,2025-12-18,54
WL0004010,TKT003256,AGT011,2025-12-18,100
WL0004011,TKT003257,AGT014,2025-12-18,38
WL0004012,TKT003258,AGT003,2025-12-18,24
WL0004013,TKT003259,AGT015,2025-12-18,74
WL0004014,TKT003260,AGT011,2025-12-18,113
WL0004015,TKT003261,AGT009,2025-12-18,120
WL0004016,TKT003262,AGT014,2025-12-18,138
WL0004017,TKT003263,AGT004,2025-12-18,29
WL0004018,TKT003264,AGT004,2025-12-18,72
WL0004020,TKT003266,AGT018,2025-12-18,55
WL0004021,TKT003267,AGT004,2025-12-18,29
WL0004022,TKT003268,AGT010,2025-12-18,57
WL0004023,TKT003269,AGT008,2025-12-18,33
WL0004024,TKT003269,AGT011,2025-12-18,61
WL0004025,TKT003270,AGT015,2025-12-18,87
WL0004026,TKT003271,AGT004,2025-12-18,48
WL0004027,TKT003272,AGT009,2025-12-18,58
WL0004028,TKT003273,AGT013,2025-12-18,23
WL0004030,TKT003275,AGT004,2025-12-18,46
WL0004032,TKT003277,AGT016,2025-12-18,36
WL0004033,TKT003278,AGT003,2025-12-18,114
WL0004034,TKT003279,AGT010,2025-12-18,50
WL0004036,TKT003281,AGT015,2025-12-18,28
WL0004037,TKT003282,AGT010,2025-12-18,54
WL0004038,TKT003283,AGT001,2025-12-18,34
WL0004039,TKT003284,AGT010,2025-12-18,66
WL0004040,TKT003285,AGT018,2025-12-18,78
WL0004041,TKT003286,AGT001,2025-12-18,24
WL0004042,TKT003286,AGT004,2025-12-18,13
WL0004043,TKT003287,AGT010,2025-12-18,62
WL0004044,TKT003288,AGT013,2025-12-18,104
WL0004045,TKT003289,AGT008,2025-12-18,130
WL0004046,TKT003289,AGT010,2025-12-18,70
WL0004047,TKT003290,AGT004,2025-12-18,78
WL0004048,TKT003291,AGT015,2025-12-18,42
WL0004049,TKT003292,AGT003,2025-12-18,96
WL0004050,TKT003293,AGT015,2025-12-19,48
WL0004051,TKT003294,AGT008,2025-12-19,98
WL0004052,TKT003295,AGT001,2025-12-19,64
WL0004053,TKT003296,AGT018,2025-12-19,88
WL0004054,TKT003297,AGT015,2025-12-19,35
WL0004055,TKT003297,AGT018,2025-12-19,20
WL0004056,TKT003298,AGT013,2025-12-19,68
WL0004057,TKT003299,AGT002,2025-12-19,38
WL0004058,TKT003299,AGT003,2025-12-19,70
WL0004059,TKT003300,AGT003,2025-12-19,16
WL0004060,TKT003300,AGT004,2025-12-19,29
WL0004061,TKT003301,AGT001,2025-12-19,28
WL0004062,TKT003302,AGT007,2025-12-19,43
WL0004063,TKT003302,AGT009,2025-12-19,24
WL0004066,TKT003304,AGT009,2025-12-19,142
WL0004067,TKT003305,AGT014,2025-12-19,64
WL0004068,TKT003306,AGT007,2025-12-19,60
WL0004069,TKT003306,AGT010,2025-12-19,111
WL0004070,TKT003307,AGT018,2025-12-19,102
WL0004071,TKT003308,AGT013,2025-12-19,31
WL0004072,TKT003309,AGT002,2025-12-19,61
WL0004073,TKT003310,AGT018,2025-12-19,80
WL0004074,TKT003311,AGT001,2025-12-19,54
WL0004075,TKT003312,AGT012,2025-12-19,58
WL0004076,TKT003313,AGT012,2025-12-19,99
WL0004077,TKT003314,AGT015,2025-12-19,36
WL0004078,TKT003315,AGT017,2025-12-19,66
WL0004079,TKT003316,AGT015,2025-12-19,65
WL0004080,TKT003317,AGT010,2025-12-19,137
WL0004081,TKT003318,AGT017,2025-12-19,70
WL0004082,TKT003318,AGT018,2025-12-19,39
WL0004083,TKT003319,AGT002,2025-12-19,74
WL0004084,TKT003320,AGT011,2025-12-19,182
WL0004085,TKT003321,AGT001,2025-12-19,61
WL0004086,TKT003322,AGT003,2025-12-19,99
WL0004087,TKT003323,AGT001,2025-12-19,28
WL0004088,TKT003324,AGT011,2025-12-19,94
WL0004089,TKT003325,AGT015,2025-12-19,72
WL0004090,TKT003326,AGT012,2025-12-19,86
WL0004091,TKT003327,AGT009,2025-12-19,7
WL0004092,TKT003327,AGT010,2025-12-19,85
WL0004093,TKT003328,AGT018,2025-12-19,47
WL0004094,TKT003329,AGT018,2025-12-19,77
WL0004095,TKT003330,AGT004,2025-12-19,44
WL0004096,TKT003331,AGT014,2025-12-19,80
WL0004097,TKT003332,AGT002,2025-12-20,70
WL0004098,TKT003333,AGT010,2025-12-20,157
WL0004099,TKT003334,AGT003,2025-12-20,64
WL0004100,TKT003335,AGT007,2025-12-20,18
WL0004101,TKT003335,AGT010,2025-12-20,33
WL0004102,TKT003336,AGT010,2025-12-20,160
WL0004103,TKT003337,AGT003,2025-12-20,61
WL0004104,TKT003338,AGT014,2025-12-20,147
WL0004105,TKT003339,AGT003,2025-12-20,118
WL0004106,TKT003340,AGT002,2025-12-20,42
WL0004107,TKT003341,AGT003,2025-12-20,31
WL0004108,TKT003342,AGT007,2025-12-20,4
WL0004109,TKT003342,AGT010,2025-12-20,130
WL0004110,TKT003343,AGT001,2025-12-20,39
WL0004111,TKT003343,AGT003,2025-12-20,72
WL0004112,TKT003344,AGT014,2025-12-20,92
WL0004113,TKT003345,AGT007,2025-12-20,105
WL0004114,TKT003346,AGT014,2025-12-21,39
WL0004115,TKT003347,AGT002,2025-12-21,175
WL0004116,TKT003348,AGT014,2025-12-21,99
WL0004117,TKT003349,AGT003,2025-12-21,66
WL0004118,TKT003350,AGT013,2025-12-21,46
WL0004119,TKT003351,AGT011,2025-12-21,83
WL0004120,TKT003352,AGT015,2025-12-21,61
WL0004122,TKT003354,AGT001,2025-12-21,42
WL0004123,TKT003355,AGT002,2025-12-21,31
WL0004124,TKT003355,AGT004,2025-12-21,57
WL0004125,TKT003356,AGT011,2025-12-21,118
WL0004126,TKT003357,AGT018,2025-12-21,73
WL0004127,TKT003358,AGT011,2025-12-21,63
WL0004128,TKT003359,AGT002,2025-12-21,19
WL0004129,TKT003359,AGT011,2025-12-21,166
WL0004130,TKT003360,AGT003,2025-12-21,44
WL0004131,TKT003361,AGT014,2025-12-21,34
WL0004132,TKT003362,AGT018,2025-12-21,93
WL0004133,TKT003363,AGT001,2025-12-21,88
WL0004134,TKT003364,AGT004,2025-12-21,131
WL0004135,TKT003365,AGT008,2025-12-22,26
WL0004136,TKT003366,AGT003,2025-12-22,61
WL0004137,TKT003367,AGT018,2025-12-22,83
WL0004138,TKT003368,AGT014,2025-12-22,53
WL0004139,TKT003368,AGT017,2025-12-22,29
WL0004140,TKT003369,AGT007,2025-12-22,40
WL0004141,TKT003369,AGT008,2025-12-22,72
WL0004142,TKT003370,AGT012,2025-12-22,85
WL0004143,TKT003371,AGT014,2025-12-22,72
WL0004144,TKT003372,AGT014,2025-12-22,32
WL0004145,TKT003372,AGT015,2025-12-22,59
WL0004146,TKT003373,AGT012,2025-12-22,148
WL0004147,TKT003374,AGT002,2025-12-22,143
WL0004148,TKT003375,AGT012,2025-12-22,98
WL0004149,TKT003376,AGT014,2025-12-22,26
WL0004150,TKT003377,AGT012,2025-12-22,75
WL0004151,TKT003378,AGT016,2025-12-22,20
WL0004152,TKT003379,AGT005,2025-12-22,53
WL0004155,TKT003381,AGT007,2025-12-22,47
WL0004156,TKT003382,AGT015,2025-12-22,36
WL0004157,TKT003383,AGT015,2025-12-22,205
WL0004158,TKT003384,AGT016,2025-12-22,48
WL0004159,TKT003385,AGT011,2025-12-22,35
WL0004160,TKT003386,AGT018,2025-12-22,48
WL0004161,TKT003387,AGT003,2025-12-22,43
WL0004162,TKT003387,AGT005,2025-12-22,24
WL0004163,TKT003388,AGT017,2025-12-22,45
WL0004164,TKT003389,AGT011,2025-12-22,17
WL0004165,TKT003390,AGT007,2025-12-22,22
WL0004166,TKT003391,AGT005,2025-12-22,48
WL0004167,TKT003392,AGT008,2025-12-22,31
WL0004168,TKT003392,AGT009,2025-12-22,18
WL0004169,TKT003393,AGT010,2025-12-22,50
WL0004170,TKT003393,AGT011,2025-12-22,92
WL0004171,TKT003394,AGT003,2025-12-22,58
WL0004172,TKT003395,AGT016,2025-12-22,69
WL0004173,TKT003396,AGT010,2025-12-22,91
WL0004174,TKT003397,AGT013,2025-12-22,142
WL0004175,TKT003398,AGT014,2025-12-22,141
WL0004176,TKT003399,AGT015,2025-12-22,49
WL0004177,TKT003400,AGT017,2025-12-22,69
WL0004178,TKT003401,AGT003,2025-12-22,31
WL0004179,TKT003402,AGT007,2025-12-22,12
WL0004180,TKT003402,AGT012,2025-12-22,74
WL0004181,TKT003403,AGT018,2025-12-22,14
WL0004182,TKT003404,AGT010,2025-12-22,64
WL0004183,TKT003405,AGT007,2025-12-22,25
WL0004184,TKT003405,AGT008,2025-12-22,45
WL0004185,TKT003406,AGT013,2025-12-22,37
WL0004186,TKT003407,AGT003,2025-12-22,66
WL0004187,TKT003408,AGT015,2025-12-22,46
WL0004188,TKT003409,AGT003,2025-12-22,56
WL0004189,TKT003410,AGT010,2025-12-22,54
WL0004190,TKT003411,AGT005,2025-12-22,133
WL0004191,TKT003412,AGT010,2025-12-22,104
WL0004192,TKT003413,AGT014,2025-12-22,49
WL0004193,TKT003414,AGT011,2025-12-22,41
WL0004194,TKT003415,AGT002,2025-12-22,189
WL0004195,TKT003416,AGT005,2025-12-22,25
WL0004196,TKT003417,AGT002,2025-12-22,45
WL0004197,TKT003418,AGT017,2025-12-22,115
WL0004198,TKT003419,AGT018,2025-12-22,190
WL0004199,TKT003420,AGT018,2025-12-23,36
WL0004200,TKT003421,AGT010,2025-12-23,61
WL0004201,TKT003421,AGT011,2025-12-23,33
WL0004202,TKT003422,AGT014,2025-12-23,133
WL0004203,TKT003423,AGT002,2025-12-23,26
WL0004204,TKT003423,AGT004,2025-12-23,46
WL0004205,TKT003424,AGT012,2025-12-23,143
WL0004206,TKT003425,AGT008,2025-12-23,143
WL0004207,TKT003426,AGT014,2025-12-23,113
WL0004208,TKT003427,AGT013,2025-12-23,82
WL0004209,TKT003428,AGT012,2025-12-23,136
WL0004210,TKT003429,AGT004,2025-12-23,58
WL0004211,TKT003430,AGT015,2025-12-23,46
WL0004212,TKT003431,AGT003,2025-12-23,42
WL0004213,TKT003431,AGT004,2025-12-23,76
WL0004214,TKT003432,AGT008,2025-12-23,104
WL0004215,TKT003432,AGT009,2025-12-23,56
WL0004216,TKT003433,AGT015,2025-12-23,40
WL0004217,TKT003434,AGT015,2025-12-23,39
WL0004218,TKT003435,AGT014,2025-12-23,67
WL0004219,TKT003436,AGT012,2025-12-23,67
WL0004220,TKT003437,AGT008,2025-12-23,129
WL0004221,TKT003438,AGT010,2025-12-23,99
WL0004222,TKT003439,AGT011,2025-12-23,63
WL0004223,TKT003440,AGT018,2025-12-23,40
WL0004224,TKT003441,AGT004,2025-12-23,51
WL0004225,TKT003442,AGT004,2025-12-23,58
WL0004226,TKT003443,AGT009,2025-12-23,75
WL0004227,TKT003444,AGT012,2025-12-23,53
WL0004228,TKT003445,AGT009,2025-12-23,29
WL0004229,TKT003445,AGT010,2025-12-23,320
WL0004230,TKT003446,AGT013,2025-12-23,62
WL0004231,TKT003447,AGT018,2025-12-23,25
WL0004232,TKT003448,AGT009,2025-12-23,49
WL0004233,TKT003449,AGT013,2025-12-23,74
WL0004234,TKT003450,AGT014,2025-12-23,66
WL0004235,TKT003451,AGT011,2025-12-23,130
WL0004236,TKT003451,AGT012,2025-12-23,51
WL0004237,TKT003452,AGT018,2025-12-23,39
WL0004238,TKT003453,AGT002,2025-12-23,129
WL0004239,TKT003454,AGT015,2025-12-23,59
WL0004240,TKT003455,AGT014,2025-12-23,101
WL0004241,TKT003455,AGT015,2025-12-23,17
WL0004242,TKT003456,AGT013,2025-12-23,101
WL0004243,TKT003457,AGT013,2025-12-23,31
WL0004244,TKT003457,AGT015,2025-12-23,57
WL0004245,TKT003458,AGT011,2025-12-23,129
WL0004247,TKT003460,AGT003,2025-12-23,22
WL0004248,TKT003461,AGT007,2025-12-23,77
WL0004249,TKT003461,AGT009,2025-12-23,142
WL0004250,TKT003462,AGT018,2025-12-23,70
WL0004252,TKT003464,AGT008,2025-12-23,104
WL0004253,TKT003464,AGT009,2025-12-23,129
WL0004254,TKT003464,AGT011,2025-12-23,6
WL0004255,TKT003465,AGT015,2025-12-23,51
WL0004256,TKT003466,AGT003,2025-12-23,52
WL0004257,TKT003467,AGT018,2025-12-23,59
WL0004258,TKT003468,AGT007,2025-12-23,130
WL0004259,TKT003469,AGT007,2025-12-23,66
WL0004260,TKT003470,AGT015,2025-12-23,19
WL0004261,TKT003470,AGT018,2025-12-23,13
WL0004262,TKT003471,AGT013,2025-12-23,26
WL0004263,TKT003471,AGT015,2025-12-23,46
WL0004264,TKT003472,AGT015,2025-12-23,22
WL0004265,TKT003473,AGT013,2025-12-23,20
WL0004266,TKT003473,AGT015,2025-12-23,84
WL0004267,TKT003474,AGT013,2025-12-23,35
WL0004268,TKT003475,AGT011,2025-12-24,68
WL0004269,TKT003476,AGT001,2025-12-24,103
WL0004270,TKT003477,AGT016,2025-12-24,106
WL0004271,TKT003478,AGT017,2025-12-24,54
WL0004272,TKT003479,AGT016,2025-12-24,56
WL0004273,TKT003480,AGT016,2025-12-24,79
WL0004274,TKT003481,AGT008,2025-12-24,70
WL0004275,TKT003482,AGT003,2025-12-24,30
WL0004276,TKT003483,AGT014,2025-12-24,153
WL0004277,TKT003484,AGT016,2025-12-24,154
WL0004278,TKT003485,AGT011,2025-12-24,72
WL0004279,TKT003486,AGT014,2025-12-24,70
WL0004280,TKT003486,AGT017,2025-12-24,38
WL0004281,TKT003487,AGT014,2025-12-24,69
WL0004282,TKT003488,AGT017,2025-12-24,84
WL0004283,TKT003489,AGT003,2025-12-24,10
WL0004284,TKT003489,AGT005,2025-12-24,18
WL0004285,TKT003490,AGT012,2025-12-24,111
WL0004286,TKT003491,AGT001,2025-12-24,106
WL0004287,TKT003492,AGT001,2025-12-24,33
WL0004288,TKT003493,AGT005,2025-12-24,111
WL0004289,TKT003494,AGT017,2025-12-24,61
WL0004290,TKT003495,AGT007,2025-12-24,55
WL0004291,TKT003496,AGT016,2025-12-24,67
WL0004292,TKT003497,AGT007,2025-12-24,69
WL0004293,TKT003498,AGT008,2025-12-24,47
WL0004294,TKT003499,AGT008,2025-12-24,70
WL0004295,TKT003500,AGT001,2025-12-24,38
WL0004296,TKT003500,AGT005,2025-12-24,70
WL0004297,TKT003501,AGT016,2025-12-24,18
WL0004298,TKT003501,AGT017,2025-12-24,24
WL0004299,TKT003502,AGT011,2025-12-24,146
WL0004300,TKT003503,AGT014,2025-12-24,141
WL0004301,TKT003504,AGT014,2025-12-24,17
WL0004302,TKT003504,AGT017,2025-12-24,59
WL0004303,TKT003505,AGT017,2025-12-24,54
WL0004304,TKT003506,AGT017,2025-12-24,96
WL0004305,TKT003507,AGT003,2025-12-24,44
WL0004306,TKT003508,AGT010,2025-12-24,94
WL0004307,TKT003508,AGT017,2025-12-24,10
WL0004308,TKT003509,AGT004,2025-12-24,48
WL0004309,TKT003510,AGT005,2025-12-24,37
WL0004310,TKT003511,AGT008,2025-12-24,106
WL0004311,TKT003512,AGT003,2025-12-24,76
WL0004312,TKT003513,AGT007,2025-12-24,56
WL0004313,TKT003513,AGT010,2025-12-24,31
WL0004314,TKT003514,AGT005,2025-12-24,20
WL0004315,TKT003515,AGT007,2025-12-24,35
WL0004316,TKT003516,AGT001,2025-12-24,77
WL0004317,TKT003517,AGT001,2025-12-24,23
WL0004318,TKT003517,AGT004,2025-12-24,40
WL0004319,TKT003518,AGT012,2025-12-24,129
WL0004320,TKT003519,AGT003,2025-12-24,72
WL0004321,TKT003520,AGT011,2025-12-24,142
WL0004322,TKT003521,AGT001,2025-12-24,8
WL0004323,TKT003521,AGT003,2025-12-24,14
WL0004324,TKT003522,AGT010,2025-12-24,134
WL0004325,TKT003523,AGT007,2025-12-24,73
WL0004326,TKT003524,AGT010,2025-12-24,145
WL0004327,TKT003525,AGT004,2025-12-25,54
WL0004328,TKT003526,AGT016,2025-12-25,94
WL0004329,TKT003527,AGT004,2025-12-25,34
WL0004330,TKT003528,AGT018,2025-12-25,111
WL0004331,TKT003529,AGT005,2025-12-25,42
WL0004332,TKT003530,AGT015,2025-12-25,36
WL0004333,TKT003531,AGT012,2025-12-25,114
WL0004334,TKT003532,AGT003,2025-12-25,51
WL0004335,TKT003533,AGT003,2025-12-25,117
WL0004336,TKT003534,AGT014,2025-12-25,70
WL0004337,TKT003535,AGT008,2025-12-25,30
WL0004338,TKT003535,AGT010,2025-12-25,53
WL0004339,TKT003536,AGT007,2025-12-25,42
WL0004340,TKT003537,AGT018,2025-12-25,65
WL0004341,TKT003538,AGT003,2025-12-25,61
WL0004342,TKT003539,AGT014,2025-12-25,22
WL0004343,TKT003539,AGT018,2025-12-25,40
WL0004344,TKT003540,AGT005,2025-12-25,81
WL0004345,TKT003541,AGT014,2025-12-25,113
WL0004346,TKT003542,AGT012,2025-12-25,25
WL0004347,TKT003543,AGT007,2025-12-25,148
WL0004348,TKT003544,AGT004,2025-12-25,57
WL0004349,TKT003545,AGT003,2025-12-25,61
WL0004350,TKT003546,AGT014,2025-12-25,35
WL0004351,TKT003546,AGT016,2025-12-25,63
WL0004352,TKT003547,AGT018,2025-12-25,71
WL0004353,TKT003548,AGT013,2025-12-25,40
WL0004354,TKT003549,AGT010,2025-12-25,48
WL0004355,TKT003550,AGT003,2025-12-25,81
WL0004356,TKT003551,AGT003,2025-12-25,17
WL0004357,TKT003551,AGT005,2025-12-25,31
WL0004358,TKT003552,AGT014,2025-12-25,98
WL0004359,TKT003553,AGT010,2025-12-25,190
WL0004360,TKT003554,AGT008,2025-12-25,68
WL0004361,TKT003555,AGT005,2025-12-25,106
WL0004362,TKT003556,AGT004,2025-12-25,77
WL0004363,TKT003556,AGT005,2025-12-25,142
WL0004364,TKT003557,AGT004,2025-12-25,37
WL0004365,TKT003558,AGT003,2025-12-25,23
WL0004366,TKT003558,AGT005,2025-12-25,41
WL0004367,TKT003559,AGT015,2025-12-25,74
WL0004368,TKT003560,AGT012,2025-12-25,43
WL0004369,TKT003561,AGT003,2025-12-25,50
WL0004370,TKT003562,AGT012,2025-12-25,185
WL0004371,TKT003563,AGT004,2025-12-25,31
WL0004372,TKT003563,AGT005,2025-12-25,37
WL0004373,TKT003564,AGT007,2025-12-25,60
WL0004374,TKT003565,AGT004,2025-12-25,18
WL0004375,TKT003566,AGT004,2025-12-25,31
WL0004376,TKT003567,AGT016,2025-12-25,132
WL0004377,TKT003568,AGT003,2025-12-25,49
WL0004378,TKT003568,AGT004,2025-12-25,5
WL0004379,TKT003569,AGT013,2025-12-25,70
WL0004380,TKT003570,AGT007,2025-12-25,103
WL0004381,TKT003570,AGT012,2025-12-25,56
WL0004382,TKT003571,AGT002,2025-12-26,42
WL0004383,TKT003572,AGT018,2025-12-26,51
WL0004384,TKT003573,AGT018,2025-12-26,20
WL0004385,TKT003574,AGT008,2025-12-26,139
WL0004386,TKT003574,AGT010,2025-12-26,75
WL0004387,TKT003575,AGT002,2025-12-26,92
WL0004388,TKT003576,AGT013,2025-12-26,79
WL0004389,TKT003577,AGT007,2025-12-26,180
WL0004390,TKT003578,AGT010,2025-12-26,41
WL0004391,TKT003579,AGT003,2025-12-26,24
WL0004392,TKT003580,AGT017,2025-12-26,20
WL0004393,TKT003581,AGT010,2025-12-26,48
WL0004394,TKT003582,AGT008,2025-12-26,121
WL0004395,TKT003582,AGT010,2025-12-26,66
WL0004396,TKT003583,AGT002,2025-12-26,62
WL0004397,TKT003584,AGT015,2025-12-26,26
WL0004398,TKT003585,AGT002,2025-12-26,91
WL0004399,TKT003586,AGT013,2025-12-26,38
WL0004400,TKT003587,AGT002,2025-12-26,55
WL0004402,TKT003589,AGT002,2025-12-26,20
WL0004403,TKT003589,AGT003,2025-12-26,37
WL0004404,TKT003590,AGT008,2025-12-26,90
WL0004405,TKT003591,AGT010,2025-12-26,38
WL0004406,TKT003591,AGT011,2025-12-26,69
WL0004407,TKT003592,AGT015,2025-12-26,58
WL0004408,TKT003593,AGT010,2025-12-26,24
WL0004409,TKT003594,AGT013,2025-12-26,20
WL0004410,TKT003595,AGT004,2025-12-26,19
WL0004411,TKT003596,AGT007,2025-12-26,36
WL0004412,TKT003596,AGT010,2025-12-26,158
WL0004413,TKT003597,AGT003,2025-12-26,41
WL0004414,TKT003598,AGT018,2025-12-26,57
WL0004415,TKT003599,AGT003,2025-12-26,106
WL0004416,TKT003600,AGT002,2025-12-26,48
WL0004417,TKT003600,AGT003,2025-12-26,26
WL0004418,TKT003601,AGT003,2025-12-26,37
WL0004419,TKT003602,AGT002,2025-12-26,58
WL0004420,TKT003603,AGT013,2025-12-26,195
WL0004421,TKT003604,AGT003,2025-12-26,102
WL0004422,TKT003605,AGT018,2025-12-26,62
WL0004423,TKT003606,AGT012,2025-12-27,106
WL0004424,TKT003607,AGT016,2025-12-27,40
WL0004425,TKT003608,AGT003,2025-12-27,44
WL0004426,TKT003609,AGT010,2025-12-27,61
WL0004427,TKT003610,AGT003,2025-12-27,18
WL0004428,TKT003611,AGT001,2025-12-27,293
WL0004429,TKT003612,AGT010,2025-12-27,132
WL0004430,TKT003613,AGT017,2025-12-27,25
WL0004431,TKT003614,AGT010,2025-12-27,69
WL0004432,TKT003615,AGT003,2025-12-27,72
WL0004433,TKT003616,AGT010,2025-12-27,76
WL0004434,TKT003616,AGT011,2025-12-27,42
WL0004435,TKT003617,AGT015,2025-12-27,53
WL0004436,TKT003618,AGT004,2025-12-27,68
WL0004437,TKT003619,AGT011,2025-12-27,141
WL0004438,TKT003620,AGT004,2025-12-27,39
WL0004439,TKT003621,AGT014,2025-12-27,150
WL0004440,TKT003622,AGT012,2025-12-27,60
WL0004441,TKT003623,AGT003,2025-12-27,132
WL0004442,TKT003624,AGT011,2025-12-27,97
WL0004443,TKT003625,AGT013,2025-12-27,40
WL0004444,TKT003625,AGT017,2025-12-27,22
WL0004445,TKT003626,AGT016,2025-12-27,66
WL0004446,TKT003627,AGT014,2025-12-27,131
WL0004447,TKT003628,AGT014,2025-12-27,86
WL0004448,TKT003628,AGT018,2025-12-27,47
WL0004449,TKT003629,AGT010,2025-12-27,8
WL0004450,TKT003629,AGT011,2025-12-27,200
WL0004451,TKT003630,AGT001,2025-12-28,21
WL0004452,TKT003631,AGT008,2025-12-28,80
WL0004453,TKT003632,AGT001,2025-12-28,62
WL0004454,TKT003633,AGT013,2025-12-28,32
WL0004455,TKT003634,AGT001,2025-12-28,100
WL0004456,TKT003635,AGT005,2025-12-28,56
WL0004457,TKT003636,AGT014,2025-12-28,56
WL0004458,TKT003637,AGT001,2025-12-28,117
WL0004459,TKT003637,AGT005,2025-12-28,63
WL0004460,TKT003638,AGT010,2025-12-28,87
WL0004461,TKT003639,AGT018,2025-12-28,63
WL0004462,TKT003640,AGT013,2025-12-28,67
WL0004463,TKT003641,AGT003,2025-12-28,153
WL0004464,TKT003642,AGT010,2025-12-28,87
WL0004465,TKT003643,AGT014,2025-12-28,55
WL0004466,TKT003644,AGT002,2025-12-28,18
WL0004467,TKT003644,AGT005,2025-12-28,32
WL0004468,TKT003645,AGT018,2025-12-28,30
WL0004469,TKT003646,AGT018,2025-12-28,73
WL0004470,TKT003647,AGT003,2025-12-28,9
WL0004471,TKT003647,AGT005,2025-12-28,16
WL0004472,TKT003648,AGT018,2025-12-28,24
WL0004473,TKT003649,AGT002,2025-12-28,81
WL0004474,TKT003650,AGT012,2025-12-28,53
WL0004475,TKT003651,AGT012,2025-12-28,54
WL0004476,TKT003652,AGT001,2025-12-28,71
WL0004477,TKT003653,AGT014,2025-12-28,46
WL0004478,TKT003654,AGT018,2025-12-28,101
WL0004479,TKT003655,AGT014,2025-12-28,52
WL0004480,TKT003655,AGT018,2025-12-28,95
WL0004481,TKT003656,AGT014,2025-12-28,111
WL0004482,TKT003656,AGT018,2025-12-28,60
WL0004483,TKT003657,AGT014,2025-12-28,21
WL0004484,TKT003658,AGT001,2025-12-29,29
WL0004485,TKT003658,AGT003,2025-12-29,53
WL0004486,TKT003659,AGT001,2025-12-29,65
WL0004487,TKT003660,AGT011,2025-12-29,180
WL0004488,TKT003661,AGT001,2025-12-29,30
WL0004489,TKT003662,AGT015,2025-12-29,95
WL0004490,TKT003663,AGT017,2025-12-29,33
WL0004491,TKT003664,AGT004,2025-12-29,55
WL0004492,TKT003665,AGT017,2025-12-29,90
WL0004493,TKT003666,AGT011,2025-12-29,93
WL0004494,TKT003667,AGT001,2025-12-29,190
WL0004495,TKT003668,AGT013,2025-12-29,40
WL0004496,TKT003668,AGT015,2025-12-29,22
WL0004497,TKT003669,AGT001,2025-12-29,69
WL0004498,TKT003670,AGT014,2025-12-29,60
WL0004499,TKT003670,AGT017,2025-12-29,33
WL0004500,TKT003671,AGT001,2025-12-29,53
WL0004501,TKT003672,AGT010,2025-12-29,62
WL0004502,TKT003673,AGT002,2025-12-29,52
WL0004503,TKT003674,AGT013,2025-12-29,31
WL0004504,TKT003674,AGT017,2025-12-29,18
WL0004505,TKT003675,AGT004,2025-12-29,55
WL0004506,TKT003676,AGT005,2025-12-29,90
WL0004507,TKT003677,AGT004,2025-12-29,63
WL0004508,TKT003678,AGT002,2025-12-29,75
WL0004509,TKT003679,AGT008,2025-12-29,81
WL0004510,TKT003679,AGT012,2025-12-29,149
WL0004511,TKT003680,AGT015,2025-12-29,71
WL0004512,TKT003681,AGT002,2025-12-29,184
WL0004513,TKT003682,AGT002,2025-12-29,60
WL0004514,TKT003683,AGT010,2025-12-29,80
WL0004515,TKT003684,AGT013,2025-12-29,51
WL0004516,TKT003685,AGT008,2025-12-29,94
WL0004517,TKT003686,AGT002,2025-12-29,80
WL0004518,TKT003687,AGT013,2025-12-29,52
WL0004519,TKT003688,AGT007,2025-12-29,75
WL0004520,TKT003689,AGT014,2025-12-29,70
WL0004521,TKT003690,AGT001,2025-12-29,44
WL0004522,TKT003690,AGT002,2025-12-29,29
WL0004523,TKT003690,AGT004,2025-12-29,1
WL0004524,TKT003691,AGT004,2025-12-29,72
WL0004525,TKT003692,AGT005,2025-12-29,53
WL0004526,TKT003693,AGT014,2025-12-29,83
WL0004527,TKT003694,AGT008,2025-12-29,68
WL0004528,TKT003695,AGT015,2025-12-29,32
WL0004529,TKT003695,AGT017,2025-12-29,58
WL0004530,TKT003696,AGT013,2025-12-29,56
WL0004531,TKT003697,AGT011,2025-12-29,52
WL0004534,TKT003699,AGT013,2025-12-29,21
WL0004535,TKT003700,AGT008,2025-12-29,23
WL0004536,TKT003700,AGT012,2025-12-29,331
WL0004537,TKT003701,AGT013,2025-12-29,29
WL0004538,TKT003702,AGT013,2025-12-29,86
WL0004539,TKT003703,AGT013,2025-12-29,14
WL0004540,TKT003703,AGT014,2025-12-29,8
WL0004541,TKT003703,AGT015,2025-12-29,40
WL0004542,TKT003704,AGT017,2025-12-29,60
WL0004543,TKT003705,AGT014,2025-12-29,155
WL0004544,TKT003706,AGT004,2025-12-29,39
WL0004545,TKT003707,AGT004,2025-12-29,36
WL0004546,TKT003708,AGT001,2025-12-30,29
WL0004547,TKT003709,AGT016,2025-12-30,95
WL0004548,TKT003710,AGT003,2025-12-30,21
WL0004549,TKT003711,AGT018,2025-12-30,99
WL0004550,TKT003712,AGT011,2025-12-30,74
WL0004552,TKT003714,AGT013,2025-12-30,60
WL0004553,TKT003715,AGT010,2025-12-30,160
WL0004554,TKT003716,AGT014,2025-12-30,58
WL0004555,TKT003717,AGT017,2025-12-30,37
WL0004556,TKT003718,AGT005,2025-12-30,56
WL0004557,TKT003719,AGT017,2025-12-30,51
WL0004558,TKT003720,AGT015,2025-12-30,53
WL0004559,TKT003721,AGT016,2025-12-30,56
WL0004560,TKT003722,AGT008,2025-12-30,180
WL0004561,TKT003723,AGT012,2025-12-30,113
WL0004562,TKT003724,AGT010,2025-12-30,52
WL0004563,TKT003725,AGT014,2025-12-30,63
WL0004564,TKT003726,AGT010,2025-12-30,142
WL0004565,TKT003726,AGT012,2025-12-30,77
WL0004566,TKT003727,AGT009,2025-12-30,74
WL0004567,TKT003727,AGT010,2025-12-30,96
WL0004568,TKT003728,AGT008,2025-12-30,110
WL0004569,TKT003729,AGT005,2025-12-30,110
WL0004570,TKT003730,AGT013,2025-12-30,28
WL0004571,TKT003730,AGT016,2025-12-30,52
WL0004572,TKT003731,AGT013,2025-12-30,122
WL0004573,TKT003731,AGT017,2025-12-30,66
WL0004574,TKT003732,AGT005,2025-12-30,17
WL0004575,TKT003733,AGT001,2025-12-30,42
WL0004576,TKT003734,AGT011,2025-12-30,42
WL0004577,TKT003735,AGT014,2025-12-30,40
WL0004578,TKT003736,AGT003,2025-12-30,80
WL0004579,TKT003736,AGT005,2025-12-30,44
WL0004580,TKT003737,AGT015,2025-12-30,97
WL0004581,TKT003738,AGT018,2025-12-30,40
WL0004582,TKT003739,AGT003,2025-12-30,32
WL0004583,TKT003740,AGT016,2025-12-30,105
WL0004584,TKT003741,AGT011,2025-12-30,105
WL0004585,TKT003742,AGT002,2025-12-30,108
WL0004586,TKT003743,AGT018,2025-12-30,31
WL0004587,TKT003744,AGT014,2025-12-30,36
WL0004588,TKT003744,AGT017,2025-12-30,20
WL0004589,TKT003745,AGT016,2025-12-30,17
WL0004590,TKT003746,AGT014,2025-12-30,30
WL0004591,TKT003747,AGT017,2025-12-30,17
WL0004592,TKT003748,AGT018,2025-12-30,148
WL0004593,TKT003749,AGT011,2025-12-30,229
WL0004594,TKT003749,AGT012,2025-12-30,14
WL0004595,TKT003750,AGT014,2025-12-30,53
WL0004596,TKT003751,AGT018,2025-12-30,72
WL0004597,TKT003752,AGT001,2025-12-30,54
WL0004598,TKT003753,AGT002,2025-12-30,51
WL0004599,TKT003754,AGT016,2025-12-30,62
WL0004600,TKT003754,AGT018,2025-12-30,120
WL0004601,TKT003755,AGT014,2025-12-30,110
WL0004602,TKT003756,AGT013,2025-12-30,56
WL0004603,TKT003757,AGT001,2025-12-30,22
WL0004604,TKT003758,AGT013,2025-12-30,68
WL0004605,TKT003759,AGT012,2025-12-30,51
WL0004606,TKT003760,AGT015,2025-12-30,36
WL0004607,TKT003761,AGT013,2025-12-30,31
WL0004608,TKT003761,AGT015,2025-12-30,56
WL0004609,TKT003762,AGT015,2025-12-30,72
WL0004610,TKT003763,AGT009,2025-12-30,84
WL0004611,TKT003764,AGT005,2025-12-30,50
WL0004612,TKT003765,AGT014,2025-12-30,90
WL0004613,TKT003765,AGT015,2025-12-30,72
WL0004614,TKT003766,AGT018,2025-12-31,82
WL0004615,TKT003767,AGT009,2025-12-31,116
WL0004616,TKT003768,AGT003,2025-12-31,32
WL0004617,TKT003769,AGT014,2025-12-31,92
WL0004618,TKT003770,AGT017,2025-12-31,34
WL0004619,TKT003771,AGT008,2025-12-31,259
WL0004620,TKT003772,AGT017,2025-12-31,28
WL0004621,TKT003773,AGT017,2025-12-31,29
WL0004622,TKT003774,AGT012,2025-12-31,98
WL0004623,TKT003775,AGT015,2025-12-31,46
WL0004624,TKT003776,AGT001,2025-12-31,117
WL0004625,TKT003776,AGT005,2025-12-31,63
WL0004626,TKT003777,AGT003,2025-12-31,98
WL0004627,TKT003778,AGT016,2025-12-31,98
WL0004628,TKT003779,AGT018,2025-12-31,60
WL0004629,TKT003780,AGT011,2025-12-31,80
WL0004630,TKT003781,AGT003,2025-12-31,161
WL0004631,TKT003782,AGT018,2025-12-31,38
WL0004632,TKT003783,AGT005,2025-12-31,184
WL0004633,TKT003784,AGT001,2025-12-31,53
WL0004634,TKT003785,AGT017,2025-12-31,35
WL0004635,TKT003786,AGT016,2025-12-31,27
WL0004636,TKT003787,AGT001,2025-12-31,28
WL0004637,TKT003788,AGT002,2025-12-31,42
WL0004638,TKT003789,AGT003,2025-12-31,65
WL0004639,TKT003790,AGT011,2025-12-31,53
WL0004640,TKT003791,AGT001,2025-12-31,34
WL0004641,TKT003792,AGT009,2025-12-31,33
WL0004642,TKT003793,AGT015,2025-12-31,94
WL0004643,TKT003793,AGT018,2025-12-31,173
WL0004644,TKT003794,AGT014,2025-12-31,20
WL0004645,TKT003795,AGT014,2025-12-31,54
WL0004646,TKT003796,AGT015,2025-12-31,55
WL0004647,TKT003797,AGT009,2025-12-31,118
WL0004648,TKT003798,AGT009,2025-12-31,42
WL0004649,TKT003799,AGT017,2025-12-31,77
WL0004650,TKT003800,AGT003,2025-12-31,55
WL0004651,TKT003801,AGT008,2025-12-31,132
WL0004652,TKT003802,AGT003,2025-12-31,48
WL0004653,TKT003803,AGT012,2025-12-31,289
WL0004654,TKT003804,AGT008,2025-12-31,89
WL0004655,TKT003804,AGT011,2025-12-31,24
WL0004656,TKT003804,AGT012,2025-12-31,93
WL0004657,TKT003805,AGT016,2025-12-31,110
WL0004658,TKT003806,AGT002,2025-12-31,11
WL0004659,TKT003806,AGT005,2025-12-31,20
WL0004660,TKT003807,AGT009,2025-12-31,94
WL0004661,TKT003808,AGT014,2025-12-31,13
WL0004662,TKT003808,AGT018,2025-12-31,24
WL0004663,TKT003809,AGT015,2025-12-31,37
WL0004664,TKT003810,AGT002,2025-12-31,62
WL0004665,TKT003811,AGT003,2025-12-31,21
WL0004666,TKT003811,AGT005,2025-12-31,102
WL0004667,TKT003812,AGT009,2025-12-31,77
WL0004668,TKT003812,AGT011,2025-12-31,186
WL0004669,TKT003813,AGT011,2025-12-31,90
WL0004670,TKT003814,AGT007,2026-01-01,103
WL0004671,TKT003815,AGT009,2026-01-01,63
WL0004672,TKT003816,AGT013,2026-01-01,37
WL0004673,TKT003817,AGT015,2026-01-01,67
WL0004674,TKT003818,AGT014,2026-01-01,46
WL0004675,TKT003818,AGT015,2026-01-01,26
WL0004676,TKT003819,AGT012,2026-01-01,82
WL0004677,TKT003820,AGT014,2026-01-01,19
WL0004678,TKT003821,AGT013,2026-01-01,40
WL0004679,TKT003822,AGT015,2026-01-01,89
WL0004680,TKT003823,AGT015,2026-01-01,61
WL0004681,TKT003824,AGT017,2026-01-01,88
WL0004682,TKT003825,AGT013,2026-01-01,51
WL0004683,TKT003826,AGT017,2026-01-01,42
WL0004684,TKT003827,AGT005,2026-01-01,34
WL0004685,TKT003828,AGT012,2026-01-01,124
WL0004686,TKT003829,AGT008,2026-01-01,132
WL0004687,TKT003830,AGT004,2026-01-01,119
WL0004688,TKT003831,AGT013,2026-01-01,17
WL0004689,TKT003831,AGT015,2026-01-01,10
WL0004690,TKT003832,AGT015,2026-01-01,81
WL0004691,TKT003833,AGT014,2026-01-01,58
WL0004692,TKT003834,AGT010,2026-01-01,93
WL0004693,TKT003835,AGT015,2026-01-01,25
WL0004694,TKT003836,AGT007,2026-01-01,84
WL0004695,TKT003837,AGT013,2026-01-01,52
WL0004696,TKT003838,AGT007,2026-01-01,79
WL0004697,TKT003839,AGT008,2026-01-01,38
WL0004698,TKT003839,AGT010,2026-01-01,68
WL0004699,TKT003840,AGT013,2026-01-01,80
WL0004700,TKT003841,AGT003,2026-01-01,66
WL0004701,TKT003842,AGT002,2026-01-01,41
WL0004702,TKT003842,AGT005,2026-01-01,76
WL0004703,TKT003843,AGT010,2026-01-01,32
WL0004704,TKT003844,AGT014,2026-01-01,48
WL0004705,TKT003845,AGT008,2026-01-01,31
WL0004706,TKT003845,AGT012,2026-01-01,57
WL0004707,TKT003846,AGT014,2026-01-01,70
WL0004708,TKT003847,AGT015,2026-01-01,49
WL0004709,TKT003847,AGT017,2026-01-01,27
WL0004710,TKT003848,AGT013,2026-01-01,95
WL0004711,TKT003849,AGT017,2026-01-01,62
WL0004712,TKT003850,AGT014,2026-01-01,156
WL0004713,TKT003851,AGT008,2026-01-01,98
WL0004714,TKT003852,AGT010,2026-01-01,186
WL0004715,TKT003853,AGT012,2026-01-01,202
WL0004716,TKT003854,AGT008,2026-01-01,104
WL0004717,TKT003854,AGT010,2026-01-01,101
WL0004718,TKT003855,AGT013,2026-01-01,41
WL0004719,TKT003855,AGT014,2026-01-01,83
WL0004720,TKT003856,AGT013,2026-01-01,28
WL0004721,TKT003857,AGT015,2026-01-01,35
WL0004722,TKT003858,AGT015,2026-01-01,37
WL0004723,TKT003858,AGT017,2026-01-01,77
WL0004724,TKT003859,AGT001,2026-01-01,126
WL0004725,TKT003860,AGT017,2026-01-01,22
WL0004726,TKT003861,AGT001,2026-01-01,59
WL0004727,TKT003862,AGT017,2026-01-01,44
WL0004728,TKT003863,AGT005,2026-01-01,6
WL0004729,TKT003863,AGT013,2026-01-01,9
WL0004730,TKT003863,AGT017,2026-01-01,118
WL0004731,TKT003864,AGT007,2026-01-02,163
WL0004732,TKT003865,AGT015,2026-01-02,71
WL0004733,TKT003866,AGT014,2026-01-02,29
WL0004734,TKT003866,AGT018,2026-01-02,53
WL0004735,TKT003867,AGT011,2026-01-02,113
WL0004736,TKT003868,AGT001,2026-01-02,35
WL0004738,TKT003870,AGT002,2026-01-02,119
WL0004739,TKT003871,AGT016,2026-01-02,66
WL0004740,TKT003872,AGT001,2026-01-02,47
WL0004741,TKT003873,AGT002,2026-01-02,29
WL0004742,TKT003873,AGT004,2026-01-02,16
WL0004743,TKT003874,AGT012,2026-01-02,89
WL0004744,TKT003875,AGT012,2026-01-02,34
WL0004745,TKT003876,AGT016,2026-01-02,114
WL0004746,TKT003877,AGT017,2026-01-02,71
WL0004747,TKT003878,AGT014,2026-01-02,52
WL0004748,TKT003879,AGT013,2026-01-02,27
WL0004749,TKT003879,AGT014,2026-01-02,16
WL0004750,TKT003880,AGT001,2026-01-02,62
WL0004751,TKT003881,AGT004,2026-01-02,180
WL0004752,TKT003882,AGT018,2026-01-02,62
WL0004753,TKT003883,AGT011,2026-01-02,51
WL0004754,TKT003883,AGT012,2026-01-02,93
WL0004755,TKT003884,AGT002,2026-01-02,126
WL0004757,TKT003886,AGT007,2026-01-02,203
WL0004758,TKT003887,AGT001,2026-01-02,55
WL0004759,TKT003887,AGT002,2026-01-02,31
WL0004760,TKT003888,AGT002,2026-01-02,59
WL0004761,TKT003888,AGT003,2026-01-02,32
WL0004762,TKT003889,AGT013,2026-01-02,25
WL0004763,TKT003889,AGT018,2026-01-02,44
WL0004764,TKT003890,AGT013,2026-01-02,81
WL0004765,TKT003891,AGT001,2026-01-02,50
WL0004766,TKT003892,AGT016,2026-01-02,23
WL0004767,TKT003893,AGT012,2026-01-02,29
WL0004768,TKT003894,AGT003,2026-01-02,149
WL0004769,TKT003895,AGT009,2026-01-02,81
WL0004770,TKT003896,AGT001,2026-01-02,40
WL0004771,TKT003897,AGT015,2026-01-02,34
WL0004772,TKT003898,AGT009,2026-01-02,131
WL0004773,TKT003899,AGT004,2026-01-02,80
WL0004774,TKT003900,AGT002,2026-01-02,15
WL0004775,TKT003901,AGT004,2026-01-02,40
WL0004776,TKT003902,AGT002,2026-01-02,90
WL0004777,TKT003903,AGT003,2026-01-02,123
WL0004778,TKT003904,AGT002,2026-01-02,19
WL0004779,TKT003904,AGT004,2026-01-02,33
WL0004780,TKT003905,AGT009,2026-01-02,107
WL0004781,TKT003906,AGT018,2026-01-02,73
WL0004782,TKT003907,AGT016,2026-01-02,32
WL0004783,TKT003908,AGT007,2026-01-02,84
WL0004784,TKT003908,AGT012,2026-01-02,55
WL0004785,TKT003909,AGT011,2026-01-02,111
WL0004786,TKT003910,AGT013,2026-01-02,105
WL0004787,TKT003911,AGT005,2026-01-03,26
WL0004788,TKT003912,AGT011,2026-01-03,143
WL0004789,TKT003913,AGT005,2026-01-03,262
WL0004790,TKT003914,AGT014,2026-01-03,36
WL0004791,TKT003915,AGT014,2026-01-03,105
WL0004792,TKT003916,AGT015,2026-01-03,45
WL0004793,TKT003917,AGT011,2026-01-03,110
WL0004794,TKT003918,AGT008,2026-01-03,55
WL0004795,TKT003919,AGT005,2026-01-03,103
WL0004796,TKT003920,AGT014,2026-01-03,29
WL0004797,TKT003921,AGT014,2026-01-03,26
WL0004798,TKT003921,AGT015,2026-01-03,47
WL0004799,TKT003922,AGT002,2026-01-03,29
WL0004800,TKT003923,AGT014,2026-01-03,33
WL0004801,TKT003924,AGT003,2026-01-03,70
WL0004802,TKT003925,AGT011,2026-01-03,86
WL0004803,TKT003926,AGT002,2026-01-03,115
WL0004804,TKT003927,AGT005,2026-01-03,79
WL0004805,TKT003928,AGT015,2026-01-03,54
WL0004806,TKT003929,AGT003,2026-01-03,50
WL0004807,TKT003930,AGT009,2026-01-03,6
WL0004808,TKT003930,AGT011,2026-01-03,141
WL0004809,TKT003930,AGT012,2026-01-03,273
WL0004810,TKT003931,AGT014,2026-01-03,116
WL0004811,TKT003932,AGT008,2026-01-03,24
WL0004812,TKT003932,AGT009,2026-01-03,14
WL0004813,TKT003933,AGT003,2026-01-03,62
WL0004814,TKT003934,AGT015,2026-01-03,57
WL0004815,TKT003935,AGT015,2026-01-03,75
WL0004816,TKT003936,AGT002,2026-01-03,66
WL0004817,TKT003937,AGT008,2026-01-03,41
WL0004818,TKT003937,AGT012,2026-01-03,76
WL0004819,TKT003938,AGT009,2026-01-03,48
WL0004820,TKT003938,AGT012,2026-01-03,27
WL0004821,TKT003939,AGT008,2026-01-03,54
WL0004822,TKT003939,AGT012,2026-01-03,30
WL0004823,TKT003940,AGT015,2026-01-03,37
WL0004824,TKT003941,AGT001,2026-01-04,177
WL0004825,TKT003941,AGT005,2026-01-04,96
WL0004826,TKT003942,AGT011,2026-01-04,184
WL0004827,TKT003943,AGT001,2026-01-04,26
WL0004828,TKT003944,AGT007,2026-01-04,37
WL0004829,TKT003944,AGT012,2026-01-04,68
WL0004830,TKT003945,AGT008,2026-01-04,107
WL0004831,TKT003946,AGT003,2026-01-04,45
WL0004832,TKT003947,AGT008,2026-01-04,66
WL0004833,TKT003948,AGT008,2026-01-04,84
WL0004834,TKT003949,AGT013,2026-01-04,32
WL0004835,TKT003950,AGT013,2026-01-04,30
WL0004836,TKT003950,AGT016,2026-01-04,54
WL0004837,TKT003951,AGT016,2026-01-04,55
WL0004838,TKT003952,AGT001,2026-01-04,32
WL0004839,TKT003953,AGT016,2026-01-04,74
WL0004840,TKT003954,AGT003,2026-01-04,120
WL0004841,TKT003955,AGT003,2026-01-04,67
WL0004842,TKT003956,AGT004,2026-01-05,53
WL0004843,TKT003957,AGT003,2026-01-05,35
WL0004844,TKT003958,AGT003,2026-01-05,40
WL0004845,TKT003959,AGT014,2026-01-05,37
WL0004846,TKT003959,AGT016,2026-01-05,21
WL0004847,TKT003960,AGT016,2026-01-05,45
WL0004848,TKT003961,AGT014,2026-01-05,83
WL0004849,TKT003962,AGT010,2026-01-05,353
WL0004850,TKT003963,AGT015,2026-01-05,66
WL0004851,TKT003964,AGT007,2026-01-05,36
WL0004852,TKT003964,AGT010,2026-01-05,20
WL0004854,TKT003966,AGT012,2026-01-05,50
WL0004855,TKT003967,AGT011,2026-01-05,45
WL0004856,TKT003968,AGT004,2026-01-05,47
WL0004857,TKT003969,AGT015,2026-01-05,28
WL0004858,TKT003970,AGT015,2026-01-05,53
WL0004859,TKT003971,AGT008,2026-01-05,108
WL0004860,TKT003972,AGT007,2026-01-05,179
WL0004861,TKT003973,AGT008,2026-01-05,48
WL0004862,TKT003973,AGT012,2026-01-05,87
WL0004863,TKT003974,AGT012,2026-01-05,128
WL0004864,TKT003975,AGT016,2026-01-05,68
WL0004865,TKT003976,AGT003,2026-01-05,144
WL0004866,TKT003977,AGT005,2026-01-05,42
WL0004867,TKT003978,AGT011,2026-01-05,103
WL0004868,TKT003979,AGT004,2026-01-05,88
WL0004869,TKT003980,AGT004,2026-01-05,23
WL0004870,TKT003981,AGT014,2026-01-05,35
WL0004871,TKT003981,AGT018,2026-01-05,63
WL0004872,TKT003982,AGT016,2026-01-05,70
WL0004873,TKT003983,AGT008,2026-01-05,52
WL0004874,TKT003983,AGT011,2026-01-05,95
WL0004875,TKT003984,AGT003,2026-01-05,27
WL0004876,TKT003985,AGT007,2026-01-05,52
WL0004877,TKT003985,AGT008,2026-01-05,95
WL0004878,TKT003986,AGT005,2026-01-05,44
WL0004879,TKT003987,AGT014,2026-01-05,14
WL0004880,TKT003987,AGT015,2026-01-05,24
WL0004881,TKT003988,AGT018,2026-01-05,106
WL0004882,TKT003989,AGT004,2026-01-05,24
WL0004883,TKT003989,AGT005,2026-01-05,44
WL0004884,TKT003990,AGT015,2026-01-05,86
WL0004885,TKT003991,AGT007,2026-01-05,45
WL0004886,TKT003991,AGT012,2026-01-05,82
WL0004887,TKT003992,AGT014,2026-01-05,79
WL0004888,TKT003993,AGT007,2026-01-05,100
WL0004889,TKT003994,AGT007,2026-01-05,38
WL0004890,TKT003994,AGT010,2026-01-05,77
WL0004891,TKT003994,AGT011,2026-01-05,174
WL0004892,TKT003995,AGT008,2026-01-05,26
WL0004893,TKT003995,AGT012,2026-01-05,46
WL0004894,TKT003996,AGT018,2026-01-05,25
WL0004895,TKT003997,AGT015,2026-01-05,7
WL0004896,TKT003997,AGT018,2026-01-05,13
WL0004897,TKT003998,AGT016,2026-01-05,103
WL0004898,TKT003999,AGT008,2026-01-05,2
WL0004899,TKT003999,AGT011,2026-01-05,63
WL0004900,TKT003999,AGT012,2026-01-05,87
WL0004901,TKT004000,AGT018,2026-01-05,44
WL0004902,TKT004001,AGT008,2026-01-05,103
WL0004904,TKT004003,AGT008,2026-01-05,46
WL0004905,TKT004003,AGT016,2026-01-05,21
WL0004906,TKT004004,AGT015,2026-01-05,49
WL0004907,TKT004005,AGT014,2026-01-05,115
WL0004908,TKT004006,AGT005,2026-01-05,79
WL0004909,TKT004007,AGT005,2026-01-05,27
WL0004910,TKT004008,AGT003,2026-01-05,58
WL0004911,TKT004009,AGT012,2026-01-06,79
WL0004912,TKT004010,AGT014,2026-01-06,67
WL0004913,TKT004011,AGT013,2026-01-06,24
WL0004914,TKT004012,AGT013,2026-01-06,91
WL0004915,TKT004013,AGT017,2026-01-06,88
WL0004916,TKT004014,AGT009,2026-01-06,66
WL0004917,TKT004015,AGT013,2026-01-06,63
WL0004918,TKT004016,AGT008,2026-01-06,224
WL0004919,TKT004017,AGT014,2026-01-06,24
WL0004920,TKT004018,AGT004,2026-01-06,97
WL0004921,TKT004019,AGT001,2026-01-06,52
WL0004922,TKT004020,AGT015,2026-01-06,58
WL0004923,TKT004021,AGT015,2026-01-06,68
WL0004924,TKT004022,AGT003,2026-01-06,41
WL0004925,TKT004023,AGT017,2026-01-06,95
WL0004926,TKT004024,AGT014,2026-01-06,17
WL0004927,TKT004024,AGT015,2026-01-06,29
WL0004928,TKT004025,AGT013,2026-01-06,42
WL0004929,TKT004026,AGT004,2026-01-06,55
WL0004930,TKT004026,AGT005,2026-01-06,100
WL0004931,TKT004027,AGT001,2026-01-06,36
WL0004932,TKT004028,AGT013,2026-01-06,71
WL0004933,TKT004029,AGT013,2026-01-06,38
WL0004934,TKT004030,AGT017,2026-01-06,43
WL0004935,TKT004031,AGT014,2026-01-06,152
WL0004936,TKT004032,AGT009,2026-01-06,260
WL0004937,TKT004033,AGT009,2026-01-06,107
WL0004938,TKT004034,AGT012,2026-01-06,124
WL0004939,TKT004035,AGT004,2026-01-06,23
WL0004940,TKT004036,AGT001,2026-01-06,83
WL0004941,TKT004036,AGT004,2026-01-06,45
WL0004942,TKT004037,AGT008,2026-01-06,11
WL0004943,TKT004037,AGT010,2026-01-06,18
WL0004944,TKT004038,AGT005,2026-01-06,60
WL0004945,TKT004039,AGT017,2026-01-06,39
WL0004946,TKT004040,AGT008,2026-01-06,49
WL0004947,TKT004041,AGT004,2026-01-06,24
WL0004948,TKT004041,AGT005,2026-01-06,14
WL0004949,TKT004042,AGT011,2026-01-06,49
WL0004950,TKT004043,AGT005,2026-01-06,23
WL0004951,TKT004044,AGT015,2026-01-06,22
WL0004952,TKT004045,AGT005,2026-01-06,26
WL0004953,TKT004046,AGT012,2026-01-06,130
WL0004954,TKT004047,AGT011,2026-01-06,74
WL0004955,TKT004048,AGT003,2026-01-06,62
WL0004956,TKT004049,AGT009,2026-01-06,47
WL0004957,TKT004049,AGT011,2026-01-06,39
WL0004958,TKT004050,AGT013,2026-01-06,65
WL0004959,TKT004051,AGT004,2026-01-06,26
WL0004960,TKT004052,AGT008,2026-01-06,28
WL0004961,TKT004052,AGT011,2026-01-06,52
WL0004962,TKT004053,AGT014,2026-01-06,46
WL0004963,TKT004054,AGT008,2026-01-06,168
WL0004964,TKT004054,AGT012,2026-01-06,116
WL0004965,TKT004055,AGT011,2026-01-06,53
WL0004966,TKT004056,AGT013,2026-01-06,29
WL0004967,TKT004056,AGT014,2026-01-06,16
WL0004968,TKT004057,AGT010,2026-01-06,67
WL0004969,TKT004058,AGT013,2026-01-06,22
WL0004970,TKT004059,AGT005,2026-01-07,106
WL0004971,TKT004060,AGT013,2026-01-07,48
WL0004972,TKT004061,AGT018,2026-01-07,51
WL0004973,TKT004062,AGT007,2026-01-07,92
WL0004974,TKT004063,AGT016,2026-01-07,79
WL0004975,TKT004063,AGT018,2026-01-07,44
WL0004976,TKT004064,AGT010,2026-01-07,252
WL0004977,TKT004065,AGT002,2026-01-07,67
WL0004978,TKT004065,AGT003,2026-01-07,37
WL0004979,TKT004066,AGT005,2026-01-07,35
WL0004980,TKT004067,AGT013,2026-01-07,116
WL0004981,TKT004068,AGT017,2026-01-07,19
WL0004982,TKT004069,AGT008,2026-01-07,94
WL0004983,TKT004070,AGT009,2026-01-07,82
WL0004984,TKT004071,AGT004,2026-01-07,55
WL0004985,TKT004072,AGT004,2026-01-07,16
WL0004986,TKT004073,AGT009,2026-01-07,66
WL0004987,TKT004074,AGT013,2026-01-07,68
WL0004988,TKT004075,AGT016,2026-01-07,67
WL0004989,TKT004076,AGT017,2026-01-07,22
WL0004990,TKT004077,AGT016,2026-01-07,61
WL0004991,TKT004078,AGT017,2026-01-07,79
WL0004992,TKT004079,AGT003,2026-01-07,79
WL0004993,TKT004080,AGT013,2026-01-07,37
WL0004994,TKT004081,AGT013,2026-01-07,44
WL0004995,TKT004082,AGT005,2026-01-07,114
WL0004996,TKT004083,AGT004,2026-01-07,47
WL0004997,TKT004084,AGT002,2026-01-07,28
WL0004998,TKT004084,AGT005,2026-01-07,16
WL0004999,TKT004085,AGT011,2026-01-07,121
WL0005000,TKT004086,AGT008,2026-01-07,76
WL0005001,TKT004086,AGT010,2026-01-07,41
WL0005002,TKT004087,AGT001,2026-01-07,55
WL0005003,TKT004087,AGT003,2026-01-07,30
WL0005004,TKT004088,AGT001,2026-01-07,54
WL0005005,TKT004089,AGT008,2026-01-07,219
WL0005006,TKT004090,AGT012,2026-01-07,39
WL0005007,TKT004091,AGT016,2026-01-07,118
WL0005008,TKT004092,AGT009,2026-01-07,65
WL0005009,TKT004093,AGT001,2026-01-07,19
WL0005010,TKT004094,AGT013,2026-01-07,48
WL0005011,TKT004095,AGT003,2026-01-07,53
WL0005012,TKT004095,AGT005,2026-01-07,96
WL0005013,TKT004096,AGT003,2026-01-07,68
WL0005014,TKT004097,AGT001,2026-01-07,96
WL0005015,TKT004098,AGT018,2026-01-07,158
WL0005016,TKT004099,AGT002,2026-01-07,23
WL0005017,TKT004099,AGT003,2026-01-07,13
WL0005018,TKT004100,AGT014,2026-01-07,86
WL0005019,TKT004101,AGT013,2026-01-07,119
WL0005020,TKT004101,AGT017,2026-01-07,8
WL0005021,TKT004102,AGT018,2026-01-07,45
WL0005022,TKT004103,AGT012,2026-01-07,73
WL0005025,TKT004105,AGT002,2026-01-07,38
WL0005026,TKT004106,AGT005,2026-01-07,50
WL0005027,TKT004107,AGT009,2026-01-08,37
WL0005028,TKT004107,AGT011,2026-01-08,66
WL0005029,TKT004108,AGT012,2026-01-08,78
WL0005030,TKT004109,AGT007,2026-01-08,91
WL0005031,TKT004110,AGT009,2026-01-08,67
WL0005032,TKT004111,AGT017,2026-01-08,32
WL0005033,TKT004112,AGT012,2026-01-08,113
WL0005034,TKT004113,AGT004,2026-01-08,65
WL0005035,TKT004114,AGT003,2026-01-08,82
WL0005036,TKT004114,AGT005,2026-01-08,150
WL0005037,TKT004115,AGT002,2026-01-08,22
WL0005038,TKT004115,AGT005,2026-01-08,12
WL0005039,TKT004116,AGT011,2026-01-08,63
WL0005040,TKT004117,AGT013,2026-01-08,40
WL0005041,TKT004118,AGT007,2026-01-08,35
WL0005042,TKT004118,AGT011,2026-01-08,64
WL0005043,TKT004119,AGT011,2026-01-08,168
WL0005044,TKT004120,AGT003,2026-01-08,13
WL0005045,TKT004121,AGT017,2026-01-08,71
WL0005046,TKT004122,AGT002,2026-01-08,53
WL0005047,TKT004123,AGT011,2026-01-08,84
WL0005048,TKT004124,AGT007,2026-01-08,117
WL0005049,TKT004124,AGT009,2026-01-08,29
WL0005050,TKT004124,AGT011,2026-01-08,35
WL0005051,TKT004125,AGT003,2026-01-08,24
WL0005052,TKT004125,AGT004,2026-01-08,43
WL0005053,TKT004126,AGT005,2026-01-08,45
WL0005054,TKT004127,AGT002,2026-01-08,32
WL0005055,TKT004128,AGT002,2026-01-08,45
WL0005056,TKT004128,AGT004,2026-01-08,25
WL0005057,TKT004129,AGT017,2026-01-08,62
WL0005058,TKT004130,AGT007,2026-01-08,127
WL0005059,TKT004130,AGT009,2026-01-08,69
WL0005060,TKT004131,AGT003,2026-01-08,37
WL0005061,TKT004131,AGT005,2026-01-08,21
WL0005062,TKT004132,AGT003,2026-01-08,24
WL0005063,TKT004132,AGT004,2026-01-08,14
WL0005064,TKT004133,AGT013,2026-01-08,41
WL0005065,TKT004134,AGT001,2026-01-08,80
WL0005066,TKT004135,AGT001,2026-01-08,106
WL0005067,TKT004136,AGT016,2026-01-08,44
WL0005068,TKT004137,AGT015,2026-01-08,54
WL0005069,TKT004138,AGT001,2026-01-08,58
WL0005070,TKT004139,AGT004,2026-01-08,48
WL0005071,TKT004139,AGT005,2026-01-08,26
WL0005072,TKT004140,AGT016,2026-01-08,63
WL0005073,TKT004141,AGT007,2026-01-08,110
WL0005074,TKT004141,AGT009,2026-01-08,92
WL0005075,TKT004142,AGT013,2026-01-08,48
WL0005076,TKT004143,AGT017,2026-01-08,75
WL0005077,TKT004144,AGT015,2026-01-08,83
WL0005078,TKT004145,AGT013,2026-01-08,97
WL0005079,TKT004146,AGT014,2026-01-08,66
WL0005080,TKT004147,AGT001,2026-01-08,42
WL0005082,TKT004149,AGT003,2026-01-08,49
WL0005083,TKT004150,AGT014,2026-01-08,165
WL0005084,TKT004150,AGT015,2026-01-08,89
WL0005085,TKT004151,AGT004,2026-01-08,24
WL0005086,TKT004152,AGT004,2026-01-08,12
WL0005087,TKT004152,AGT005,2026-01-08,21
WL0005088,TKT004153,AGT012,2026-01-08,103
WL0005089,TKT004154,AGT014,2026-01-08,68
WL0005090,TKT004155,AGT005,2026-01-08,87
WL0005091,TKT004156,AGT014,2026-01-08,46
WL0005092,TKT004157,AGT018,2026-01-09,93
WL0005093,TKT004158,AGT018,2026-01-09,122
WL0005094,TKT004159,AGT014,2026-01-09,62
WL0005095,TKT004160,AGT017,2026-01-09,45
WL0005096,TKT004161,AGT005,2026-01-09,14
WL0005097,TKT004162,AGT014,2026-01-09,40
WL0005098,TKT004162,AGT015,2026-01-09,23
WL0005099,TKT004163,AGT007,2026-01-09,140
WL0005100,TKT004164,AGT004,2026-01-09,75
WL0005101,TKT004165,AGT004,2026-01-09,82
WL0005102,TKT004166,AGT013,2026-01-09,127
WL0005103,TKT004167,AGT007,2026-01-09,36
WL0005104,TKT004167,AGT012,2026-01-09,66
WL0005105,TKT004168,AGT013,2026-01-09,123
WL0005106,TKT004169,AGT003,2026-01-09,11
WL0005107,TKT004169,AGT005,2026-01-09,6
WL0005108,TKT004170,AGT010,2026-01-09,50
WL0005109,TKT004171,AGT010,2026-01-09,66
WL0005110,TKT004172,AGT017,2026-01-09,20
WL0005111,TKT004173,AGT018,2026-01-09,80
WL0005112,TKT004174,AGT010,2026-01-09,77
WL0005113,TKT004175,AGT003,2026-01-09,26
WL0005114,TKT004175,AGT005,2026-01-09,14
WL0005115,TKT004176,AGT004,2026-01-09,56
WL0005116,TKT004177,AGT001,2026-01-09,50
WL0005117,TKT004178,AGT015,2026-01-09,64
WL0005118,TKT004179,AGT012,2026-01-09,45
WL0005119,TKT004180,AGT016,2026-01-09,51
WL0005120,TKT004181,AGT018,2026-01-09,138
WL0005121,TKT004182,AGT002,2026-01-09,27
WL0005122,TKT004183,AGT003,2026-01-09,30
WL0005123,TKT004184,AGT004,2026-01-09,118
WL0005124,TKT004185,AGT015,2026-01-09,46
WL0005125,TKT004186,AGT010,2026-01-09,65
WL0005126,TKT004187,AGT004,2026-01-09,29
WL0005127,TKT004188,AGT013,2026-01-09,55
WL0005128,TKT004188,AGT018,2026-01-09,47
WL0005129,TKT004189,AGT005,2026-01-09,43
WL0005130,TKT004190,AGT003,2026-01-09,110
WL0005131,TKT004191,AGT017,2026-01-09,63
WL0005132,TKT004192,AGT002,2026-01-09,75
WL0005133,TKT004193,AGT014,2026-01-09,109
WL0005134,TKT004194,AGT016,2026-01-09,107
WL0005135,TKT004195,AGT010,2026-01-09,71
WL0005136,TKT004196,AGT013,2026-01-09,108
WL0005137,TKT004197,AGT015,2026-01-09,88
WL0005138,TKT004198,AGT008,2026-01-09,27
WL0005139,TKT004199,AGT007,2026-01-09,209
WL0005140,TKT004200,AGT015,2026-01-09,36
WL0005141,TKT004201,AGT016,2026-01-09,78
WL0005142,TKT004202,AGT003,2026-01-09,52
WL0005143,TKT004203,AGT010,2026-01-09,106
WL0005144,TKT004204,AGT004,2026-01-09,90
WL0005145,TKT004205,AGT015,2026-01-09,53
WL0005146,TKT004206,AGT017,2026-01-09,62
WL0005147,TKT004207,AGT008,2026-01-09,107
WL0005148,TKT004208,AGT008,2026-01-10,119
WL0005149,TKT004209,AGT016,2026-01-10,18
WL0005150,TKT004209,AGT018,2026-01-10,33
WL0005152,TKT004211,AGT008,2026-01-10,160
WL0005153,TKT004212,AGT016,2026-01-10,91
WL0005154,TKT004212,AGT018,2026-01-10,50
WL0005155,TKT004213,AGT005,2026-01-10,51
WL0005156,TKT004214,AGT003,2026-01-10,14
WL0005157,TKT004214,AGT005,2026-01-10,8
WL0005158,TKT004215,AGT005,2026-01-10,70
WL0005159,TKT004216,AGT013,2026-01-10,60
WL0005160,TKT004217,AGT005,2026-01-10,81
WL0005161,TKT004218,AGT016,2026-01-10,88
WL0005162,TKT004219,AGT003,2026-01-10,37
WL0005163,TKT004219,AGT005,2026-01-10,67
WL0005164,TKT004220,AGT005,2026-01-10,62
WL0005165,TKT004221,AGT018,2026-01-10,29
WL0005166,TKT004222,AGT018,2026-01-10,43
WL0005167,TKT004223,AGT003,2026-01-10,36
WL0005168,TKT004224,AGT013,2026-01-10,62
WL0005169,TKT004225,AGT016,2026-01-10,21
WL0005170,TKT004226,AGT009,2026-01-10,105
WL0005171,TKT004227,AGT008,2026-01-10,105
WL0005172,TKT004228,AGT016,2026-01-10,55
WL0005173,TKT004229,AGT003,2026-01-10,44
WL0005174,TKT004230,AGT017,2026-01-11,45
WL0005175,TKT004231,AGT012,2026-01-11,260
WL0005176,TKT004232,AGT013,2026-01-11,77
WL0005177,TKT004233,AGT001,2026-01-11,92
WL0005178,TKT004234,AGT013,2026-01-11,79
WL0005179,TKT004235,AGT015,2026-01-11,39
WL0005180,TKT004236,AGT016,2026-01-11,16
WL0005181,TKT004236,AGT017,2026-01-11,29
WL0005182,TKT004237,AGT001,2026-01-11,30
WL0005183,TKT004238,AGT015,2026-01-11,46
WL0005184,TKT004239,AGT017,2026-01-11,39
WL0005185,TKT004240,AGT017,2026-01-11,54
WL0005186,TKT004241,AGT017,2026-01-11,20
WL0005187,TKT004242,AGT002,2026-01-11,40
WL0005188,TKT004243,AGT001,2026-01-11,38
WL0005189,TKT004244,AGT007,2026-01-11,93
WL0005190,TKT004245,AGT016,2026-01-11,54
WL0005191,TKT004246,AGT001,2026-01-11,84
WL0005192,TKT004246,AGT002,2026-01-11,46
WL0005193,TKT004247,AGT002,2026-01-11,52
WL0005194,TKT004248,AGT002,2026-01-11,184
WL0005195,TKT004249,AGT017,2026-01-11,22
WL0005196,TKT004250,AGT007,2026-01-11,48
WL0005197,TKT004250,AGT012,2026-01-11,87
WL0005198,TKT004251,AGT001,2026-01-11,100
WL0005199,TKT004252,AGT013,2026-01-11,91
WL0005200,TKT004252,AGT016,2026-01-11,50
WL0005201,TKT004253,AGT015,2026-01-11,75
WL0005202,TKT004254,AGT017,2026-01-11,51
WL0005203,TKT004255,AGT007,2026-01-11,15
WL0005204,TKT004255,AGT012,2026-01-11,133
WL0005205,TKT004256,AGT013,2026-01-11,95
WL0005206,TKT004257,AGT001,2026-01-11,136
WL0005207,TKT004257,AGT002,2026-01-11,70
WL0005208,TKT004258,AGT013,2026-01-11,62
WL0005209,TKT004259,AGT015,2026-01-12,40
WL0005210,TKT004259,AGT016,2026-01-12,22
WL0005211,TKT004260,AGT004,2026-01-12,91
WL0005212,TKT004261,AGT011,2026-01-12,75
WL0005213,TKT004262,AGT018,2026-01-12,52
WL0005214,TKT004263,AGT014,2026-01-12,15
WL0005215,TKT004264,AGT009,2026-01-12,18
WL0005216,TKT004264,AGT011,2026-01-12,32
WL0005217,TKT004265,AGT008,2026-01-12,129
WL0005218,TKT004266,AGT003,2026-01-12,75
WL0005219,TKT004267,AGT008,2026-01-12,155
WL0005220,TKT004268,AGT003,2026-01-12,38
WL0005221,TKT004269,AGT016,2026-01-12,47
WL0005222,TKT004270,AGT014,2026-01-12,37
WL0005223,TKT004271,AGT004,2026-01-12,19
WL0005224,TKT004272,AGT005,2026-01-12,39
WL0005225,TKT004273,AGT015,2026-01-12,20
WL0005226,TKT004274,AGT018,2026-01-12,148
WL0005227,TKT004275,AGT018,2026-01-12,145
WL0005228,TKT004276,AGT009,2026-01-12,93
WL0005229,TKT004277,AGT011,2026-01-12,119
WL0005230,TKT004278,AGT009,2026-01-12,59
WL0005231,TKT004278,AGT010,2026-01-12,32
WL0005232,TKT004279,AGT016,2026-01-12,148
WL0005233,TKT004280,AGT014,2026-01-12,57
WL0005234,TKT004281,AGT016,2026-01-12,43
WL0005235,TKT004282,AGT015,2026-01-12,18
WL0005236,TKT004282,AGT018,2026-01-12,135
WL0005237,TKT004283,AGT003,2026-01-12,69
WL0005238,TKT004284,AGT014,2026-01-12,12
WL0005239,TKT004284,AGT015,2026-01-12,22
WL0005240,TKT004285,AGT011,2026-01-12,184
WL0005241,TKT004286,AGT014,2026-01-12,82
WL0005244,TKT004288,AGT010,2026-01-12,155
WL0005245,TKT004289,AGT004,2026-01-12,71
WL0005246,TKT004290,AGT002,2026-01-12,45
WL0005247,TKT004291,AGT005,2026-01-12,44
WL0005248,TKT004292,AGT015,2026-01-12,70
WL0005249,TKT004293,AGT016,2026-01-12,30
WL0005250,TKT004294,AGT004,2026-01-12,17
WL0005251,TKT004294,AGT005,2026-01-12,29
WL0005252,TKT004295,AGT015,2026-01-12,51
WL0005253,TKT004296,AGT016,2026-01-12,69
WL0005254,TKT004297,AGT004,2026-01-12,72
WL0005255,TKT004298,AGT008,2026-01-12,48
WL0005256,TKT004298,AGT011,2026-01-12,40
WL0005257,TKT004299,AGT018,2026-01-13,42
WL0005258,TKT004300,AGT001,2026-01-13,14
WL0005259,TKT004300,AGT003,2026-01-13,9
WL0005260,TKT004301,AGT012,2026-01-13,272
WL0005261,TKT004302,AGT013,2026-01-13,151
WL0005262,TKT004303,AGT011,2026-01-13,70
WL0005263,TKT004304,AGT002,2026-01-13,39
WL0005264,TKT004304,AGT005,2026-01-13,21
WL0005265,TKT004305,AGT009,2026-01-13,118
WL0005266,TKT004306,AGT005,2026-01-13,32
WL0005267,TKT004307,AGT015,2026-01-13,63
WL0005268,TKT004308,AGT002,2026-01-13,183
WL0005269,TKT004309,AGT009,2026-01-13,78
WL0005270,TKT004309,AGT011,2026-01-13,43
WL0005271,TKT004310,AGT004,2026-01-13,30
WL0005272,TKT004311,AGT003,2026-01-13,52
WL0005273,TKT004312,AGT015,2026-01-13,41
WL0005274,TKT004313,AGT013,2026-01-13,50
WL0005275,TKT004314,AGT016,2026-01-13,38
WL0005276,TKT004315,AGT003,2026-01-13,86
WL0005277,TKT004316,AGT015,2026-01-13,79
WL0005278,TKT004317,AGT015,2026-01-13,19
WL0005279,TKT004317,AGT018,2026-01-13,35
WL0005280,TKT004318,AGT008,2026-01-13,86
WL0005281,TKT004319,AGT015,2026-01-13,36
WL0005282,TKT004319,AGT016,2026-01-13,20
WL0005283,TKT004320,AGT004,2026-01-13,38
WL0005284,TKT004321,AGT013,2026-01-13,21
WL0005285,TKT004321,AGT015,2026-01-13,37
WL0005286,TKT004322,AGT001,2026-01-13,100
WL0005287,TKT004322,AGT002,2026-01-13,54
WL0005288,TKT004323,AGT002,2026-01-13,26
WL0005289,TKT004324,AGT009,2026-01-13,29
WL0005290,TKT004324,AGT011,2026-01-13,17
WL0005291,TKT004325,AGT004,2026-01-13,34
WL0005292,TKT004326,AGT008,2026-01-13,180
WL0005293,TKT004327,AGT008,2026-01-13,207
WL0005294,TKT004328,AGT004,2026-01-13,44
WL0005295,TKT004329,AGT004,2026-01-13,25
WL0005296,TKT004330,AGT008,2026-01-13,7
WL0005297,TKT004330,AGT012,2026-01-13,120
WL0005298,TKT004331,AGT009,2026-01-13,96
WL0005299,TKT004332,AGT011,2026-01-13,84
WL0005300,TKT004333,AGT007,2026-01-13,13
WL0005301,TKT004333,AGT009,2026-01-13,24
WL0005302,TKT004334,AGT004,2026-01-13,56
WL0005303,TKT004335,AGT009,2026-01-13,66
WL0005304,TKT004335,AGT012,2026-01-13,37
WL0005305,TKT004336,AGT002,2026-01-13,46
WL0005306,TKT004336,AGT004,2026-01-13,25
WL0005307,TKT004337,AGT002,2026-01-13,24
WL0005308,TKT004338,AGT007,2026-01-13,55
WL0005309,TKT004339,AGT016,2026-01-13,78
WL0005310,TKT004340,AGT016,2026-01-13,108
WL0005311,TKT004341,AGT002,2026-01-13,38
WL0005312,TKT004342,AGT013,2026-01-13,55
WL0005313,TKT004343,AGT017,2026-01-14,15
WL0005314,TKT004344,AGT014,2026-01-14,82
WL0005315,TKT004345,AGT013,2026-01-14,25
WL0005316,TKT004345,AGT014,2026-01-14,44
WL0005317,TKT004346,AGT012,2026-01-14,83
WL0005318,TKT004347,AGT017,2026-01-14,48
WL0005319,TKT004348,AGT017,2026-01-14,62
WL0005320,TKT004349,AGT011,2026-01-14,90
WL0005321,TKT004349,AGT012,2026-01-14,49
WL0005322,TKT004350,AGT008,2026-01-14,142
WL0005323,TKT004351,AGT011,2026-01-14,125
WL0005324,TKT004352,AGT013,2026-01-14,145
WL0005325,TKT004353,AGT013,2026-01-14,154
WL0005326,TKT004354,AGT001,2026-01-14,126
WL0005327,TKT004355,AGT013,2026-01-14,26
WL0005328,TKT004355,AGT014,2026-01-14,14
WL0005329,TKT004356,AGT003,2026-01-14,208
WL0005330,TKT004357,AGT010,2026-01-14,55
WL0005331,TKT004358,AGT013,2026-01-14,73
WL0005332,TKT004359,AGT003,2026-01-14,36
WL0005333,TKT004360,AGT013,2026-01-14,57
WL0005334,TKT004360,AGT014,2026-01-14,62
WL0005335,TKT004361,AGT016,2026-01-14,64
WL0005336,TKT004362,AGT014,2026-01-14,91
WL0005337,TKT004363,AGT017,2026-01-14,127
WL0005338,TKT004364,AGT017,2026-01-14,65
WL0005339,TKT004365,AGT016,2026-01-14,36
WL0005340,TKT004366,AGT005,2026-01-14,34
WL0005341,TKT004367,AGT004,2026-01-14,64
WL0005342,TKT004368,AGT002,2026-01-14,49
WL0005343,TKT004369,AGT016,2026-01-14,81
WL0005344,TKT004370,AGT011,2026-01-14,86
WL0005345,TKT004371,AGT014,2026-01-14,73
WL0005346,TKT004372,AGT016,2026-01-14,56
WL0005347,TKT004372,AGT017,2026-01-14,13
WL0005348,TKT004373,AGT016,2026-01-14,49
WL0005349,TKT004374,AGT002,2026-01-14,38
WL0005350,TKT004375,AGT001,2026-01-14,31
WL0005351,TKT004376,AGT014,2026-01-14,114
WL0005352,TKT004376,AGT016,2026-01-14,103
WL0005353,TKT004377,AGT002,2026-01-14,32
WL0005354,TKT004377,AGT016,2026-01-14,61
WL0005355,TKT004378,AGT009,2026-01-14,185
WL0005356,TKT004379,AGT009,2026-01-14,111
WL0005357,TKT004380,AGT002,2026-01-14,58
WL0005358,TKT004381,AGT001,2026-01-14,42
WL0005359,TKT004381,AGT009,2026-01-14,24
WL0005360,TKT004382,AGT010,2026-01-14,70
WL0005361,TKT004383,AGT012,2026-01-14,81
WL0005362,TKT004384,AGT002,2026-01-14,30
WL0005363,TKT004384,AGT011,2026-01-14,54
WL0005364,TKT004385,AGT003,2026-01-14,52
WL0005365,TKT004386,AGT002,2026-01-14,98
WL0005366,TKT004387,AGT011,2026-01-14,20
WL0005367,TKT004388,AGT004,2026-01-14,31
WL0005368,TKT004389,AGT009,2026-01-15,39
WL0005369,TKT004389,AGT010,2026-01-15,71
WL0005370,TKT004390,AGT013,2026-01-15,28
WL0005371,TKT004390,AGT018,2026-01-15,52
WL0005372,TKT004391,AGT009,2026-01-15,69
WL0005373,TKT004392,AGT002,2026-01-15,105
WL0005374,TKT004393,AGT008,2026-01-15,188
WL0005375,TKT004394,AGT013,2026-01-15,34
WL0005376,TKT004394,AGT017,2026-01-15,62
WL0005377,TKT004395,AGT014,2026-01-15,42
WL0005378,TKT004396,AGT003,2026-01-15,37
WL0005379,TKT004397,AGT016,2026-01-15,100
WL0005380,TKT004398,AGT011,2026-01-15,239
WL0005381,TKT004399,AGT010,2026-01-15,138
WL0005382,TKT004400,AGT001,2026-01-15,116
WL0005383,TKT004401,AGT018,2026-01-15,30
WL0005384,TKT004402,AGT010,2026-01-15,22
WL0005385,TKT004402,AGT011,2026-01-15,40
WL0005386,TKT004403,AGT018,2026-01-15,57
WL0005387,TKT004404,AGT016,2026-01-15,27
WL0005388,TKT004404,AGT017,2026-01-15,48
WL0005389,TKT004405,AGT008,2026-01-15,80
WL0005390,TKT004406,AGT016,2026-01-15,58
WL0005391,TKT004407,AGT008,2026-01-15,212
WL0005392,TKT004407,AGT010,2026-01-15,11
WL0005393,TKT004408,AGT011,2026-01-15,90
WL0005394,TKT004409,AGT005,2026-01-15,52
WL0005395,TKT004410,AGT004,2026-01-15,34
WL0005396,TKT004411,AGT014,2026-01-15,82
WL0005397,TKT004411,AGT016,2026-01-15,45
WL0005398,TKT004412,AGT014,2026-01-15,26
WL0005399,TKT004413,AGT010,2026-01-15,26
WL0005400,TKT004413,AGT011,2026-01-15,46
WL0005401,TKT004414,AGT014,2026-01-15,82
WL0005402,TKT004415,AGT014,2026-01-15,38
WL0005403,TKT004416,AGT003,2026-01-15,50
WL0005404,TKT004417,AGT014,2026-01-15,76
WL0005405,TKT004418,AGT014,2026-01-15,97
WL0005406,TKT004419,AGT004,2026-01-15,37
WL0005407,TKT004420,AGT017,2026-01-15,101
WL0005408,TKT004421,AGT004,2026-01-15,55
WL0005409,TKT004422,AGT004,2026-01-15,66
WL0005410,TKT004423,AGT011,2026-01-15,42
WL0005411,TKT004424,AGT016,2026-01-15,16
WL0005412,TKT004424,AGT018,2026-01-15,9
WL0005413,TKT004425,AGT001,2026-01-15,69
WL0005414,TKT004426,AGT009,2026-01-15,66
WL0005415,TKT004427,AGT018,2026-01-15,33
WL0005416,TKT004428,AGT005,2026-01-15,42
WL0005417,TKT004429,AGT010,2026-01-15,78
WL0005418,TKT004429,AGT012,2026-01-15,144
WL0005419,TKT004430,AGT003,2026-01-15,121
WL0005420,TKT004431,AGT003,2026-01-15,162
WL0005421,TKT004432,AGT005,2026-01-15,72
WL0005422,TKT004433,AGT013,2026-01-15,43
WL0005423,TKT004434,AGT001,2026-01-15,29
WL0005424,TKT004435,AGT004,2026-01-15,122
WL0005425,TKT004436,AGT012,2026-01-15,77
WL0005426,TKT004437,AGT012,2026-01-15,182
WL0005427,TKT004438,AGT009,2026-01-15,34
WL0005428,TKT004438,AGT011,2026-01-15,23
WL0005429,TKT004438,AGT012,2026-01-15,107
WL0005430,TKT004439,AGT001,2026-01-15,54
WL0005431,TKT004440,AGT001,2026-01-15,23
WL0005432,TKT004440,AGT002,2026-01-15,13
WL0005433,TKT004441,AGT001,2026-01-15,16
WL0005434,TKT004441,AGT003,2026-01-15,110
WL0005435,TKT004442,AGT004,2026-01-15,24
WL0005436,TKT004443,AGT002,2026-01-15,10
WL0005437,TKT004443,AGT005,2026-01-15,18
WL0005438,TKT004444,AGT009,2026-01-15,66
WL0005439,TKT004445,AGT013,2026-01-15,34
WL0005440,TKT004445,AGT017,2026-01-15,61
WL0005441,TKT004446,AGT015,2026-01-16,37
WL0005443,TKT004447,AGT010,2026-01-16,78
WL0005444,TKT004448,AGT010,2026-01-16,96
WL0005445,TKT004449,AGT015,2026-01-16,88
WL0005447,TKT004450,AGT018,2026-01-16,29
WL0005448,TKT004451,AGT014,2026-01-16,35
WL0005449,TKT004451,AGT015,2026-01-16,64
WL0005450,TKT004452,AGT008,2026-01-16,142
WL0005451,TKT004453,AGT008,2026-01-16,55
WL0005452,TKT004453,AGT010,2026-01-16,102
WL0005453,TKT004454,AGT001,2026-01-16,23
WL0005454,TKT004455,AGT010,2026-01-16,82
WL0005455,TKT004456,AGT014,2026-01-16,69
WL0005456,TKT004457,AGT016,2026-01-16,76
WL0005457,TKT004458,AGT015,2026-01-16,59
WL0005458,TKT004459,AGT009,2026-01-16,41
WL0005459,TKT004460,AGT002,2026-01-16,25
WL0005460,TKT004460,AGT005,2026-01-16,44
WL0005461,TKT004461,AGT002,2026-01-16,113
WL0005462,TKT004462,AGT005,2026-01-16,87
WL0005463,TKT004463,AGT010,2026-01-16,90
WL0005464,TKT004464,AGT005,2026-01-16,53
WL0005465,TKT004465,AGT001,2026-01-16,40
WL0005466,TKT004466,AGT003,2026-01-16,36
WL0005467,TKT004466,AGT005,2026-01-16,20
WL0005468,TKT004467,AGT018,2026-01-16,23
WL0005469,TKT004468,AGT008,2026-01-16,87
WL0005470,TKT004469,AGT007,2026-01-16,32
WL0005471,TKT004469,AGT009,2026-01-16,18
WL0005472,TKT004470,AGT008,2026-01-16,112
WL0005473,TKT004471,AGT016,2026-01-16,144
WL0005475,TKT004473,AGT007,2026-01-16,55
WL0005476,TKT004473,AGT012,2026-01-16,102
WL0005477,TKT004474,AGT014,2026-01-16,95
WL0005478,TKT004475,AGT012,2026-01-16,146
WL0005479,TKT004476,AGT016,2026-01-17,30
WL0005480,TKT004476,AGT018,2026-01-17,17
WL0005481,TKT004477,AGT016,2026-01-17,16
WL0005482,TKT004477,AGT018,2026-01-17,29
WL0005483,TKT004478,AGT016,2026-01-17,20
WL0005484,TKT004478,AGT018,2026-01-17,35
WL0005485,TKT004479,AGT001,2026-01-17,128
WL0005486,TKT004480,AGT018,2026-01-17,32
WL0005487,TKT004481,AGT001,2026-01-17,27
WL0005488,TKT004481,AGT003,2026-01-17,16
WL0005489,TKT004482,AGT011,2026-01-17,103
WL0005490,TKT004483,AGT003,2026-01-17,69
WL0005491,TKT004484,AGT018,2026-01-17,62
WL0005492,TKT004485,AGT010,2026-01-17,81
WL0005493,TKT004486,AGT010,2026-01-17,53
WL0005494,TKT004487,AGT003,2026-01-17,52
WL0005495,TKT004488,AGT010,2026-01-17,212
WL0005496,TKT004489,AGT010,2026-01-17,30
WL0005497,TKT004489,AGT011,2026-01-17,53
WL0005498,TKT004490,AGT010,2026-01-17,98
WL0005499,TKT004491,AGT016,2026-01-17,22
WL0005500,TKT004491,AGT018,2026-01-17,39
WL0005501,TKT004492,AGT002,2026-01-18,77
WL0005502,TKT004493,AGT007,2026-01-18,135
WL0005503,TKT004494,AGT007,2026-01-18,19
WL0005504,TKT004495,AGT018,2026-01-18,39
WL0005505,TKT004496,AGT001,2026-01-18,23
WL0005506,TKT004497,AGT002,2026-01-18,60
WL0005507,TKT004498,AGT015,2026-01-18,30
WL0005508,TKT004498,AGT018,2026-01-18,17
WL0005509,TKT004499,AGT008,2026-01-18,126
WL0005510,TKT004500,AGT005,2026-01-18,64
WL0005511,TKT004501,AGT007,2026-01-18,93
WL0005512,TKT004502,AGT002,2026-01-18,57
WL0005513,TKT004503,AGT007,2026-01-18,65
WL0005514,TKT004504,AGT015,2026-01-18,40
WL0005515,TKT004505,AGT008,2026-01-18,308
WL0005516,TKT004506,AGT015,2026-01-18,52
WL0005517,TKT004507,AGT018,2026-01-18,44
WL0005518,TKT004508,AGT007,2026-01-18,80
WL0005519,TKT004509,AGT015,2026-01-18,58
WL0005520,TKT004510,AGT012,2026-01-19,194
WL0005521,TKT004511,AGT011,2026-01-19,40
WL0005522,TKT004512,AGT004,2026-01-19,29
WL0005523,TKT004513,AGT011,2026-01-19,63
WL0005524,TKT004514,AGT013,2026-01-19,50
WL0005525,TKT004515,AGT004,2026-01-19,58
WL0005526,TKT004516,AGT014,2026-01-19,94
WL0005527,TKT004516,AGT017,2026-01-19,51
WL0005528,TKT004517,AGT003,2026-01-19,55
WL0005530,TKT004519,AGT005,2026-01-19,22
WL0005531,TKT004520,AGT005,2026-01-19,42
WL0005532,TKT004521,AGT013,2026-01-19,109
WL0005533,TKT004522,AGT015,2026-01-19,72
WL0005534,TKT004523,AGT012,2026-01-19,152
WL0005535,TKT004524,AGT017,2026-01-19,184
WL0005536,TKT004525,AGT018,2026-01-19,95
WL0005537,TKT004526,AGT005,2026-01-19,160
WL0005538,TKT004527,AGT014,2026-01-19,132
WL0005539,TKT004528,AGT012,2026-01-19,102
WL0005540,TKT004529,AGT011,2026-01-19,76
WL0005541,TKT004529,AGT012,2026-01-19,32
WL0005542,TKT004530,AGT014,2026-01-19,36
WL0005543,TKT004531,AGT007,2026-01-19,33
WL0005544,TKT004531,AGT011,2026-01-19,61
WL0005545,TKT004532,AGT009,2026-01-19,72
WL0005546,TKT004533,AGT018,2026-01-19,38
WL0005547,TKT004534,AGT017,2026-01-19,48
WL0005548,TKT004535,AGT003,2026-01-19,125
WL0005549,TKT004536,AGT004,2026-01-19,73
WL0005550,TKT004537,AGT008,2026-01-19,357
WL0005551,TKT004538,AGT004,2026-01-19,50
WL0005552,TKT004539,AGT007,2026-01-19,106
WL0005553,TKT004540,AGT003,2026-01-19,31
WL0005554,TKT004540,AGT005,2026-01-19,18
WL0005556,TKT004542,AGT009,2026-01-19,64
WL0005557,TKT004543,AGT004,2026-01-19,73
WL0005558,TKT004544,AGT018,2026-01-19,62
WL0005559,TKT004545,AGT008,2026-01-19,20
WL0005560,TKT004545,AGT009,2026-01-19,11
WL0005561,TKT004546,AGT008,2026-01-19,44
WL0005562,TKT004547,AGT003,2026-01-19,51
WL0005563,TKT004547,AGT004,2026-01-19,94
WL0005564,TKT004548,AGT018,2026-01-19,126
WL0005565,TKT004549,AGT013,2026-01-19,26
WL0005566,TKT004549,AGT015,2026-01-19,48
WL0005567,TKT004550,AGT013,2026-01-19,65
WL0005568,TKT004551,AGT004,2026-01-19,46
WL0005569,TKT004552,AGT009,2026-01-19,64
WL0005570,TKT004552,AGT011,2026-01-19,35
WL0005571,TKT004553,AGT007,2026-01-19,121
WL0005572,TKT004554,AGT007,2026-01-19,64
WL0005573,TKT004555,AGT008,2026-01-19,24
WL0005574,TKT004556,AGT014,2026-01-19,87
WL0005575,TKT004557,AGT002,2026-01-19,50
WL0005576,TKT004558,AGT003,2026-01-19,14
WL0005577,TKT004558,AGT004,2026-01-19,27
WL0005578,TKT004559,AGT011,2026-01-19,68
WL0005579,TKT004560,AGT003,2026-01-19,45
WL0005580,TKT004561,AGT014,2026-01-19,36
WL0005581,TKT004562,AGT017,2026-01-19,139
WL0005582,TKT004563,AGT011,2026-01-19,82
WL0005583,TKT004564,AGT008,2026-01-19,8
WL0005584,TKT004564,AGT011,2026-01-19,55
WL0005585,TKT004565,AGT017,2026-01-20,18
WL0005586,TKT004566,AGT008,2026-01-20,84
WL0005587,TKT004567,AGT002,2026-01-20,105
WL0005588,TKT004567,AGT003,2026-01-20,57
WL0005589,TKT004568,AGT011,2026-01-20,198
WL0005590,TKT004569,AGT008,2026-01-20,167
WL0005591,TKT004570,AGT001,2026-01-20,48
WL0005592,TKT004570,AGT005,2026-01-20,27
WL0005593,TKT004571,AGT001,2026-01-20,90
WL0005594,TKT004571,AGT003,2026-01-20,49
WL0005595,TKT004572,AGT002,2026-01-20,56
WL0005596,TKT004573,AGT001,2026-01-20,59
WL0005597,TKT004574,AGT003,2026-01-20,43
WL0005598,TKT004575,AGT011,2026-01-20,178
WL0005599,TKT004576,AGT011,2026-01-20,66
WL0005600,TKT004577,AGT003,2026-01-20,78
WL0005601,TKT004578,AGT018,2026-01-20,44
WL0005602,TKT004579,AGT018,2026-01-20,133
WL0005603,TKT004580,AGT008,2026-01-20,137
WL0005604,TKT004580,AGT011,2026-01-20,38
WL0005605,TKT004581,AGT013,2026-01-20,21
WL0005606,TKT004582,AGT013,2026-01-20,93
WL0005607,TKT004583,AGT007,2026-01-20,155
WL0005608,TKT004584,AGT017,2026-01-20,107
WL0005609,TKT004585,AGT005,2026-01-20,48
WL0005610,TKT004586,AGT018,2026-01-20,45
WL0005611,TKT004587,AGT016,2026-01-20,59
WL0005612,TKT004588,AGT001,2026-01-20,27
WL0005613,TKT004589,AGT018,2026-01-20,43
WL0005614,TKT004590,AGT001,2026-01-20,108
WL0005615,TKT004591,AGT007,2026-01-20,104
WL0005616,TKT004592,AGT017,2026-01-20,44
WL0005617,TKT004593,AGT002,2026-01-20,55
WL0005618,TKT004594,AGT017,2026-01-20,60
WL0005619,TKT004595,AGT003,2026-01-21,23
WL0005620,TKT004596,AGT018,2026-01-21,47
WL0005621,TKT004597,AGT015,2026-01-21,64
WL0005622,TKT004598,AGT005,2026-01-21,26
WL0005623,TKT004599,AGT007,2026-01-21,161
WL0005624,TKT004600,AGT013,2026-01-21,69
WL0005625,TKT004601,AGT002,2026-01-21,75
WL0005626,TKT004602,AGT009,2026-01-21,68
WL0005627,TKT004602,AGT010,2026-01-21,38
WL0005628,TKT004603,AGT002,2026-01-21,46
WL0005629,TKT004604,AGT001,2026-01-21,67
WL0005630,TKT004605,AGT013,2026-01-21,191
WL0005631,TKT004606,AGT018,2026-01-21,103
WL0005632,TKT004607,AGT016,2026-01-21,42
WL0005633,TKT004608,AGT013,2026-01-21,45
WL0005634,TKT004609,AGT012,2026-01-21,52
WL0005635,TKT004610,AGT001,2026-01-21,30
WL0005636,TKT004611,AGT017,2026-01-21,63
WL0005637,TKT004612,AGT004,2026-01-21,50
WL0005638,TKT004612,AGT005,2026-01-21,28
WL0005639,TKT004613,AGT005,2026-01-21,20
WL0005640,TKT004614,AGT001,2026-01-21,42
WL0005641,TKT004615,AGT007,2026-01-21,40
WL0005642,TKT004615,AGT012,2026-01-21,72
WL0005643,TKT004616,AGT017,2026-01-21,71
WL0005644,TKT004617,AGT005,2026-01-21,25
WL0005645,TKT004618,AGT017,2026-01-21,68
WL0005646,TKT004619,AGT015,2026-01-21,47
WL0005647,TKT004620,AGT002,2026-01-21,110
WL0005648,TKT004621,AGT018,2026-01-21,55
WL0005649,TKT004622,AGT017,2026-01-21,35
WL0005650,TKT004623,AGT008,2026-01-21,211
WL0005651,TKT004624,AGT018,2026-01-21,91
WL0005652,TKT004625,AGT014,2026-01-21,68
WL0005653,TKT004626,AGT005,2026-01-21,116
WL0005654,TKT004627,AGT008,2026-01-21,104
WL0005655,TKT004628,AGT005,2026-01-21,71
WL0005656,TKT004629,AGT001,2026-01-21,97
WL0005657,TKT004630,AGT002,2026-01-21,117
WL0005658,TKT004631,AGT007,2026-01-21,50
WL0005659,TKT004632,AGT017,2026-01-21,70
WL0005660,TKT004632,AGT018,2026-01-21,38
WL0005661,TKT004633,AGT014,2026-01-21,67
WL0005662,TKT004634,AGT008,2026-01-21,135
WL0005663,TKT004634,AGT011,2026-01-21,156
WL0005664,TKT004635,AGT015,2026-01-21,31
WL0005665,TKT004635,AGT018,2026-01-21,55
WL0005666,TKT004636,AGT007,2026-01-21,27
WL0005667,TKT004636,AGT010,2026-01-21,50
WL0005668,TKT004637,AGT002,2026-01-21,102
WL0005669,TKT004638,AGT002,2026-01-22,90
WL0005670,TKT004639,AGT017,2026-01-22,41
WL0005671,TKT004640,AGT012,2026-01-22,52
WL0005672,TKT004641,AGT009,2026-01-22,22
WL0005673,TKT004641,AGT012,2026-01-22,13
WL0005674,TKT004642,AGT018,2026-01-22,79
WL0005675,TKT004643,AGT001,2026-01-22,60
WL0005676,TKT004643,AGT005,2026-01-22,109
WL0005677,TKT004644,AGT011,2026-01-22,135
WL0005678,TKT004645,AGT009,2026-01-22,42
WL0005679,TKT004645,AGT012,2026-01-22,76
WL0005680,TKT004646,AGT005,2026-01-22,114
WL0005681,TKT004647,AGT018,2026-01-22,33
WL0005682,TKT004648,AGT012,2026-01-22,76
WL0005683,TKT004649,AGT014,2026-01-22,68
WL0005684,TKT004650,AGT018,2026-01-22,120
WL0005685,TKT004651,AGT010,2026-01-22,322
WL0005686,TKT004652,AGT001,2026-01-22,208
WL0005687,TKT004653,AGT014,2026-01-22,85
WL0005688,TKT004654,AGT003,2026-01-22,115
WL0005689,TKT004655,AGT014,2026-01-22,49
WL0005691,TKT004657,AGT002,2026-01-22,43
WL0005692,TKT004658,AGT018,2026-01-22,64
WL0005693,TKT004659,AGT010,2026-01-22,108
WL0005694,TKT004659,AGT011,2026-01-22,4
WL0005695,TKT004660,AGT017,2026-01-22,89
WL0005696,TKT004661,AGT018,2026-01-22,71
WL0005697,TKT004662,AGT009,2026-01-22,124
WL0005698,TKT004662,AGT012,2026-01-22,68
WL0005699,TKT004663,AGT002,2026-01-22,53
WL0005700,TKT004664,AGT015,2026-01-22,46
WL0005701,TKT004664,AGT018,2026-01-22,26
WL0005702,TKT004665,AGT005,2026-01-22,82
WL0005703,TKT004666,AGT016,2026-01-22,123
WL0005704,TKT004667,AGT002,2026-01-22,153
WL0005705,TKT004668,AGT012,2026-01-22,107
WL0005706,TKT004669,AGT014,2026-01-22,21
WL0005707,TKT004669,AGT017,2026-01-22,12
WL0005708,TKT004670,AGT015,2026-01-22,17
WL0005709,TKT004671,AGT011,2026-01-22,81
WL0005710,TKT004672,AGT001,2026-01-22,78
WL0005711,TKT004673,AGT017,2026-01-22,24
WL0005712,TKT004674,AGT002,2026-01-22,141
WL0005713,TKT004674,AGT005,2026-01-22,5
WL0005714,TKT004675,AGT017,2026-01-22,51
WL0005715,TKT004675,AGT018,2026-01-22,57
WL0005716,TKT004676,AGT017,2026-01-22,109
WL0005717,TKT004677,AGT014,2026-01-22,105
WL0005718,TKT004678,AGT011,2026-01-22,69
WL0005719,TKT004678,AGT012,2026-01-22,38
WL0005720,TKT004679,AGT011,2026-01-22,95
WL0005721,TKT004680,AGT016,2026-01-22,49
WL0005722,TKT004681,AGT001,2026-01-22,22
WL0005723,TKT004682,AGT003,2026-01-22,96
WL0005724,TKT004683,AGT009,2026-01-22,95
WL0005725,TKT004684,AGT009,2026-01-22,26
WL0005726,TKT004684,AGT011,2026-01-22,47
WL0005727,TKT004685,AGT016,2026-01-22,62
WL0005728,TKT004686,AGT003,2026-01-22,97
WL0005729,TKT004687,AGT005,2026-01-22,19
WL0005730,TKT004688,AGT012,2026-01-22,71
WL0005731,TKT004689,AGT001,2026-01-22,82
WL0005732,TKT004689,AGT005,2026-01-22,25
WL0005733,TKT004690,AGT016,2026-01-22,27
WL0005734,TKT004691,AGT009,2026-01-22,126
WL0005735,TKT004691,AGT011,2026-01-22,49
WL0005736,TKT004691,AGT012,2026-01-22,9
WL0005737,TKT004692,AGT003,2026-01-22,115
WL0005738,TKT004693,AGT015,2026-01-22,88
WL0005739,TKT004694,AGT003,2026-01-22,52
WL0005740,TKT004695,AGT003,2026-01-22,5
WL0005741,TKT004695,AGT009,2026-01-22,45
WL0005742,TKT004695,AGT016,2026-01-22,147
WL0005743,TKT004696,AGT015,2026-01-22,149
WL0005744,TKT004697,AGT015,2026-01-23,45
WL0005746,TKT004699,AGT008,2026-01-23,41
WL0005747,TKT004700,AGT002,2026-01-23,44
WL0005748,TKT004701,AGT014,2026-01-23,16
WL0005749,TKT004701,AGT018,2026-01-23,27
WL0005750,TKT004702,AGT004,2026-01-23,42
WL0005751,TKT004703,AGT001,2026-01-23,72
WL0005752,TKT004704,AGT002,2026-01-23,50
WL0005753,TKT004705,AGT001,2026-01-23,28
WL0005754,TKT004706,AGT012,2026-01-23,52
WL0005755,TKT004707,AGT005,2026-01-23,46
WL0005756,TKT004708,AGT018,2026-01-23,102
WL0005757,TKT004709,AGT009,2026-01-23,108
WL0005758,TKT004710,AGT012,2026-01-23,65
WL0005759,TKT004711,AGT001,2026-01-23,104
WL0005760,TKT004712,AGT017,2026-01-23,37
WL0005761,TKT004713,AGT015,2026-01-23,30
WL0005762,TKT004714,AGT013,2026-01-23,63
WL0005765,TKT004716,AGT004,2026-01-23,25
WL0005766,TKT004717,AGT010,2026-01-23,187
WL0005767,TKT004718,AGT014,2026-01-23,43
WL0005768,TKT004719,AGT012,2026-01-23,48
WL0005769,TKT004720,AGT017,2026-01-23,62
WL0005770,TKT004721,AGT001,2026-01-23,53
WL0005771,TKT004722,AGT015,2026-01-23,50
WL0005772,TKT004723,AGT005,2026-01-23,56
WL0005773,TKT004724,AGT015,2026-01-23,92
WL0005774,TKT004725,AGT018,2026-01-23,41
WL0005775,TKT004726,AGT005,2026-01-23,44
WL0005776,TKT004727,AGT010,2026-01-23,121
WL0005777,TKT004728,AGT004,2026-01-23,82
WL0005778,TKT004729,AGT010,2026-01-23,103
WL0005779,TKT004730,AGT005,2026-01-23,61
WL0005780,TKT004731,AGT002,2026-01-23,35
WL0005781,TKT004732,AGT018,2026-01-23,25
WL0005782,TKT004733,AGT012,2026-01-23,35
WL0005783,TKT004734,AGT004,2026-01-23,34
WL0005784,TKT004735,AGT004,2026-01-23,98
WL0005785,TKT004736,AGT014,2026-01-23,43
WL0005786,TKT004737,AGT013,2026-01-23,47
WL0005787,TKT004738,AGT017,2026-01-23,55
WL0005788,TKT004739,AGT018,2026-01-23,91
WL0005789,TKT004740,AGT009,2026-01-23,47
WL0005790,TKT004741,AGT013,2026-01-23,67
WL0005791,TKT004742,AGT007,2026-01-23,75
WL0005792,TKT004742,AGT012,2026-01-23,41
WL0005793,TKT004743,AGT002,2026-01-23,34
WL0005794,TKT004744,AGT007,2026-01-24,45
WL0005795,TKT004744,AGT012,2026-01-24,82
WL0005796,TKT004745,AGT005,2026-01-24,37
WL0005797,TKT004746,AGT007,2026-01-24,70
WL0005798,TKT004746,AGT011,2026-01-24,129
WL0005799,TKT004747,AGT014,2026-01-24,34
WL0005800,TKT004748,AGT011,2026-01-24,162
WL0005801,TKT004749,AGT011,2026-01-24,92
WL0005802,TKT004750,AGT005,2026-01-24,55
WL0005803,TKT004751,AGT014,2026-01-24,21
WL0005804,TKT004751,AGT017,2026-01-24,38
WL0005805,TKT004752,AGT001,2026-01-24,89
WL0005806,TKT004753,AGT004,2026-01-24,34
WL0005807,TKT004754,AGT001,2026-01-24,95
WL0005808,TKT004754,AGT005,2026-01-24,175
WL0005809,TKT004755,AGT014,2026-01-24,173
WL0005810,TKT004756,AGT017,2026-01-24,78
WL0005811,TKT004757,AGT017,2026-01-24,23
WL0005812,TKT004758,AGT017,2026-01-24,24
WL0005813,TKT004759,AGT014,2026-01-24,22
WL0005814,TKT004759,AGT017,2026-01-24,40
WL0005815,TKT004760,AGT007,2026-01-24,184
WL0005816,TKT004761,AGT017,2026-01-24,36
WL0005817,TKT004762,AGT005,2026-01-24,71
WL0005818,TKT004763,AGT007,2026-01-24,51
WL0005819,TKT004763,AGT012,2026-01-24,94
WL0005820,TKT004764,AGT017,2026-01-24,86
WL0005822,TKT004766,AGT001,2026-01-24,45
WL0005823,TKT004767,AGT002,2026-01-25,80
WL0005824,TKT004768,AGT002,2026-01-25,27
WL0005825,TKT004769,AGT014,2026-01-25,36
WL0005826,TKT004770,AGT015,2026-01-25,112
WL0005827,TKT004771,AGT014,2026-01-25,117
WL0005828,TKT004772,AGT003,2026-01-25,18
WL0005829,TKT004773,AGT008,2026-01-25,33
WL0005830,TKT004773,AGT009,2026-01-25,59
WL0005831,TKT004774,AGT018,2026-01-25,49
WL0005832,TKT004775,AGT013,2026-01-25,39
WL0005833,TKT004776,AGT008,2026-01-25,65
WL0005834,TKT004777,AGT015,2026-01-25,17
WL0005835,TKT004777,AGT016,2026-01-25,31
WL0005836,TKT004778,AGT008,2026-01-25,80
WL0005837,TKT004779,AGT013,2026-01-25,17
WL0005838,TKT004780,AGT014,2026-01-25,35
WL0005839,TKT004781,AGT014,2026-01-25,30
WL0005840,TKT004782,AGT008,2026-01-25,52
WL0005841,TKT004783,AGT008,2026-01-25,93
WL0005842,TKT004784,AGT009,2026-01-25,54
WL0005843,TKT004785,AGT008,2026-01-25,122
WL0005844,TKT004786,AGT008,2026-01-25,28
WL0005845,TKT004787,AGT013,2026-01-25,71
WL0005846,TKT004788,AGT009,2026-01-26,103
WL0005847,TKT004788,AGT011,2026-01-26,56
WL0005848,TKT004789,AGT003,2026-01-26,116
WL0005849,TKT004790,AGT014,2026-01-26,35
WL0005850,TKT004791,AGT017,2026-01-26,23
WL0005851,TKT004792,AGT016,2026-01-26,27
WL0005852,TKT004793,AGT017,2026-01-26,48
WL0005853,TKT004794,AGT018,2026-01-26,78
WL0005854,TKT004795,AGT018,2026-01-26,33
WL0005855,TKT004796,AGT001,2026-01-26,82
WL0005856,TKT004797,AGT017,2026-01-26,77
WL0005857,TKT004798,AGT005,2026-01-26,63
WL0005858,TKT004799,AGT008,2026-01-26,97
WL0005859,TKT004800,AGT008,2026-01-26,198
WL0005860,TKT004800,AGT009,2026-01-26,108
WL0005861,TKT004801,AGT002,2026-01-26,20
WL0005862,TKT004802,AGT010,2026-01-26,74
WL0005863,TKT004802,AGT011,2026-01-26,41
WL0005864,TKT004803,AGT018,2026-01-26,55
WL0005865,TKT004804,AGT014,2026-01-26,113
WL0005866,TKT004805,AGT014,2026-01-26,36
WL0005867,TKT004806,AGT004,2026-01-26,55
WL0005868,TKT004807,AGT004,2026-01-26,67
WL0005869,TKT004808,AGT014,2026-01-26,123
WL0005870,TKT004809,AGT017,2026-01-26,52
WL0005871,TKT004810,AGT014,2026-01-26,66
WL0005872,TKT004810,AGT018,2026-01-26,36
WL0005873,TKT004811,AGT012,2026-01-26,33
WL0005874,TKT004812,AGT005,2026-01-26,48
WL0005875,TKT004813,AGT009,2026-01-26,183
WL0005876,TKT004814,AGT012,2026-01-26,208
WL0005877,TKT004815,AGT002,2026-01-26,25
WL0005878,TKT004815,AGT005,2026-01-26,45
WL0005879,TKT004816,AGT017,2026-01-26,65
WL0005880,TKT004817,AGT008,2026-01-26,82
WL0005881,TKT004817,AGT011,2026-01-26,45
WL0005882,TKT004818,AGT018,2026-01-26,61
WL0005883,TKT004819,AGT001,2026-01-26,76
WL0005884,TKT004820,AGT008,2026-01-26,30
WL0005885,TKT004820,AGT012,2026-01-26,53
WL0005886,TKT004821,AGT009,2026-01-26,23
WL0005887,TKT004821,AGT011,2026-01-26,40
WL0005888,TKT004822,AGT010,2026-01-26,77
WL0005889,TKT004823,AGT014,2026-01-26,48
WL0005890,TKT004823,AGT016,2026-01-26,26
WL0005891,TKT004824,AGT014,2026-01-26,29
WL0005892,TKT004824,AGT018,2026-01-26,62
WL0005893,TKT004825,AGT005,2026-01-26,56
WL0005894,TKT004826,AGT002,2026-01-26,36
WL0005895,TKT004827,AGT008,2026-01-26,73
WL0005896,TKT004827,AGT011,2026-01-26,7
WL0005897,TKT004828,AGT009,2026-01-26,63
WL0005898,TKT004828,AGT012,2026-01-26,9
WL0005899,TKT004829,AGT010,2026-01-26,207
WL0005900,TKT004830,AGT002,2026-01-26,88
WL0005901,TKT004831,AGT010,2026-01-26,38
WL0005902,TKT004831,AGT011,2026-01-26,69
WL0005903,TKT004832,AGT003,2026-01-26,46
WL0005904,TKT004833,AGT010,2026-01-26,71
WL0005905,TKT004834,AGT001,2026-01-26,94
WL0005906,TKT004835,AGT004,2026-01-26,20
WL0005907,TKT004836,AGT010,2026-01-26,33
WL0005908,TKT004837,AGT017,2026-01-26,55
WL0005909,TKT004838,AGT010,2026-01-26,10
WL0005910,TKT004838,AGT011,2026-01-26,128
WL0005911,TKT004839,AGT017,2026-01-26,50
WL0005912,TKT004840,AGT011,2026-01-26,94
WL0005913,TKT004840,AGT012,2026-01-26,147
WL0005914,TKT004840,AGT018,2026-01-26,65
WL0005915,TKT004841,AGT016,2026-01-26,58
WL0005916,TKT004842,AGT017,2026-01-26,52
WL0005917,TKT004843,AGT005,2026-01-26,67
WL0005918,TKT004844,AGT001,2026-01-27,50
WL0005919,TKT004845,AGT010,2026-01-27,54
WL0005920,TKT004846,AGT002,2026-01-27,29
WL0005921,TKT004847,AGT002,2026-01-27,67
WL0005922,TKT004848,AGT009,2026-01-27,48
WL0005923,TKT004849,AGT012,2026-01-27,29
WL0005924,TKT004850,AGT009,2026-01-27,71
WL0005925,TKT004851,AGT007,2026-01-27,140
WL0005926,TKT004852,AGT007,2026-01-27,58
WL0005927,TKT004853,AGT009,2026-01-27,21
WL0005928,TKT004853,AGT011,2026-01-27,37
WL0005929,TKT004854,AGT007,2026-01-27,79
WL0005931,TKT004856,AGT002,2026-01-27,16
WL0005932,TKT004856,AGT004,2026-01-27,27
WL0005933,TKT004857,AGT014,2026-01-27,41
WL0005934,TKT004858,AGT013,2026-01-27,64
WL0005935,TKT004859,AGT010,2026-01-27,117
WL0005936,TKT004860,AGT001,2026-01-27,35
WL0005937,TKT004861,AGT012,2026-01-27,52
WL0005938,TKT004862,AGT014,2026-01-27,92
WL0005939,TKT004863,AGT002,2026-01-27,176
WL0005940,TKT004864,AGT013,2026-01-27,36
WL0005941,TKT004865,AGT009,2026-01-27,77
WL0005942,TKT004865,AGT011,2026-01-27,42
WL0005943,TKT004866,AGT018,2026-01-27,63
WL0005944,TKT004867,AGT002,2026-01-27,56
WL0005945,TKT004868,AGT002,2026-01-27,29
WL0005946,TKT004869,AGT017,2026-01-27,44
WL0005947,TKT004870,AGT007,2026-01-27,122
WL0005948,TKT004871,AGT007,2026-01-27,38
WL0005949,TKT004872,AGT011,2026-01-27,14
WL0005950,TKT004872,AGT012,2026-01-27,25
WL0005951,TKT004873,AGT002,2026-01-27,107
WL0005952,TKT004873,AGT004,2026-01-27,12
WL0005953,TKT004874,AGT004,2026-01-27,130
WL0005954,TKT004875,AGT001,2026-01-27,72
WL0005955,TKT004876,AGT004,2026-01-27,122
WL0005956,TKT004877,AGT004,2026-01-27,182
WL0005957,TKT004878,AGT016,2026-01-27,47
WL0005958,TKT004879,AGT013,2026-01-27,191
WL0005959,TKT004880,AGT001,2026-01-27,57
WL0005960,TKT004880,AGT004,2026-01-27,7
WL0005961,TKT004881,AGT013,2026-01-27,53
WL0005962,TKT004882,AGT011,2026-01-27,125
WL0005963,TKT004883,AGT009,2026-01-27,158
WL0005964,TKT004884,AGT001,2026-01-27,101
WL0005965,TKT004885,AGT007,2026-01-27,43
WL0005966,TKT004885,AGT011,2026-01-27,15
WL0005968,TKT004887,AGT001,2026-01-27,28
WL0005969,TKT004888,AGT001,2026-01-27,46
WL0005970,TKT004889,AGT001,2026-01-27,29
WL0005971,TKT004890,AGT010,2026-01-27,28
WL0005972,TKT004890,AGT012,2026-01-27,51
WL0005973,TKT004891,AGT001,2026-01-27,62
WL0005974,TKT004891,AGT016,2026-01-27,2
WL0005975,TKT004892,AGT012,2026-01-27,193
WL0005976,TKT004893,AGT010,2026-01-27,75
WL0005977,TKT004894,AGT012,2026-01-27,85
WL0005978,TKT004895,AGT011,2026-01-27,96
WL0005979,TKT004895,AGT013,2026-01-27,53
WL0005980,TKT004896,AGT014,2026-01-27,67
WL0005981,TKT004896,AGT018,2026-01-27,37
WL0005982,TKT004897,AGT010,2026-01-27,29
WL0005983,TKT004897,AGT012,2026-01-27,16
WL0005984,TKT004898,AGT010,2026-01-27,106
WL0005985,TKT004898,AGT011,2026-01-27,181
WL0005986,TKT004899,AGT017,2026-01-27,28
WL0005987,TKT004900,AGT014,2026-01-27,73
WL0005988,TKT004901,AGT010,2026-01-27,36
WL0005989,TKT004902,AGT009,2026-01-27,12
WL0005990,TKT004902,AGT010,2026-01-27,5
WL0005991,TKT004902,AGT017,2026-01-27,31
WL0005992,TKT004903,AGT018,2026-01-27,42
WL0005993,TKT004904,AGT009,2026-01-27,93
WL0005994,TKT004904,AGT012,2026-01-27,59
WL0005995,TKT004904,AGT014,2026-01-27,142
WL0005996,TKT004905,AGT014,2026-01-27,38
WL0005997,TKT004905,AGT018,2026-01-27,68
WL0005998,TKT004906,AGT018,2026-01-27,94
WL0005999,TKT004907,AGT017,2026-01-27,52
WL0006000,TKT004908,AGT018,2026-01-27,104
WL0006001,TKT004909,AGT014,2026-01-27,16
WL0006002,TKT004910,AGT014,2026-01-27,11
WL0006003,TKT004910,AGT016,2026-01-27,80
WL0006004,TKT004911,AGT016,2026-01-27,74
WL0006005,TKT004912,AGT013,2026-01-27,20
WL0006006,TKT004912,AGT016,2026-01-27,39
WL0006007,TKT004912,AGT018,2026-01-27,1
WL0006008,TKT004913,AGT017,2026-01-27,44
WL0006009,TKT004914,AGT017,2026-01-27,89
WL0006010,TKT004915,AGT013,2026-01-27,34
WL0006011,TKT004915,AGT016,2026-01-27,194
WL0006012,TKT004916,AGT016,2026-01-27,44
WL0006013,TKT004916,AGT017,2026-01-27,96
WL0006014,TKT004917,AGT017,2026-01-27,34
WL0006015,TKT004918,AGT017,2026-01-27,34
WL0006016,TKT004919,AGT010,2026-01-28,264
WL0006017,TKT004920,AGT018,2026-01-28,90
WL0006018,TKT004921,AGT002,2026-01-28,54
WL0006019,TKT004922,AGT012,2026-01-28,206
WL0006020,TKT004923,AGT017,2026-01-28,49
WL0006021,TKT004924,AGT005,2026-01-28,52
WL0006022,TKT004925,AGT003,2026-01-28,39
WL0006023,TKT004926,AGT010,2026-01-28,73
WL0006024,TKT004927,AGT009,2026-01-28,25
WL0006025,TKT004928,AGT010,2026-01-28,143
WL0006026,TKT004928,AGT011,2026-01-28,168
WL0006027,TKT004929,AGT007,2026-01-28,149
WL0006028,TKT004930,AGT013,2026-01-28,43
WL0006029,TKT004930,AGT015,2026-01-28,24
WL0006030,TKT004931,AGT009,2026-01-28,104
WL0006031,TKT004932,AGT003,2026-01-28,24
WL0006032,TKT004933,AGT016,2026-01-28,39
WL0006033,TKT004934,AGT005,2026-01-28,114
WL0006034,TKT004935,AGT018,2026-01-28,81
WL0006035,TKT004936,AGT003,2026-01-28,80
WL0006036,TKT004937,AGT016,2026-01-28,196
WL0006037,TKT004938,AGT011,2026-01-28,173
WL0006038,TKT004939,AGT002,2026-01-28,42
WL0006039,TKT004940,AGT002,2026-01-28,204
WL0006040,TKT004941,AGT003,2026-01-28,19
WL0006041,TKT004941,AGT004,2026-01-28,33
WL0006042,TKT004942,AGT014,2026-01-28,53
WL0006043,TKT004942,AGT015,2026-01-28,98
WL0006044,TKT004943,AGT004,2026-01-28,105
WL0006045,TKT004943,AGT005,2026-01-28,57
WL0006046,TKT004944,AGT009,2026-01-28,90
WL0006047,TKT004945,AGT004,2026-01-28,48
WL0006048,TKT004945,AGT005,2026-01-28,89
WL0006049,TKT004946,AGT007,2026-01-28,74
WL0006050,TKT004947,AGT008,2026-01-28,65
WL0006051,TKT004947,AGT011,2026-01-28,36
WL0006052,TKT004948,AGT014,2026-01-28,60
WL0006053,TKT004949,AGT017,2026-01-28,52
WL0006054,TKT004950,AGT015,2026-01-28,172
WL0006055,TKT004951,AGT011,2026-01-28,75
WL0006056,TKT004952,AGT004,2026-01-28,75
WL0006057,TKT004953,AGT008,2026-01-28,47
WL0006058,TKT004954,AGT011,2026-01-28,28
WL0006059,TKT004954,AGT012,2026-01-28,102
WL0006060,TKT004955,AGT017,2026-01-28,50
WL0006061,TKT004956,AGT004,2026-01-28,41
WL0006062,TKT004957,AGT002,2026-01-29,20
WL0006063,TKT004957,AGT005,2026-01-29,11
WL0006064,TKT004958,AGT004,2026-01-29,34
WL0006065,TKT004959,AGT014,2026-01-29,10
WL0006066,TKT004959,AGT016,2026-01-29,17
WL0006067,TKT004960,AGT007,2026-01-29,16
WL0006068,TKT004960,AGT008,2026-01-29,27
WL0006069,TKT004961,AGT007,2026-01-29,127
WL0006070,TKT004962,AGT015,2026-01-29,33
WL0006071,TKT004963,AGT014,2026-01-29,54
WL0006072,TKT004964,AGT015,2026-01-29,29
WL0006073,TKT004965,AGT008,2026-01-29,203
WL0006074,TKT004966,AGT003,2026-01-29,29
WL0006075,TKT004966,AGT004,2026-01-29,16
WL0006076,TKT004967,AGT014,2026-01-29,129
WL0006077,TKT004967,AGT015,2026-01-29,70
WL0006078,TKT004968,AGT016,2026-01-29,54
WL0006079,TKT004969,AGT016,2026-01-29,128
WL0006080,TKT004970,AGT007,2026-01-29,23
WL0006081,TKT004970,AGT011,2026-01-29,41
WL0006082,TKT004971,AGT015,2026-01-29,39
WL0006083,TKT004972,AGT015,2026-01-29,77
WL0006084,TKT004973,AGT002,2026-01-29,90
WL0006085,TKT004974,AGT011,2026-01-29,124
WL0006086,TKT004975,AGT002,2026-01-29,57
WL0006087,TKT004976,AGT017,2026-01-29,65
WL0006088,TKT004977,AGT005,2026-01-29,69
WL0006089,TKT004978,AGT016,2026-01-29,205
WL0006090,TKT004979,AGT015,2026-01-29,41
WL0006091,TKT004980,AGT015,2026-01-29,43
WL0006092,TKT004981,AGT017,2026-01-29,57
WL0006093,TKT004982,AGT014,2026-01-29,20
WL0006094,TKT004982,AGT016,2026-01-29,76
WL0006095,TKT004983,AGT007,2026-01-29,118
WL0006096,TKT004984,AGT014,2026-01-29,124
WL0006097,TKT004985,AGT003,2026-01-29,41
WL0006098,TKT004985,AGT004,2026-01-29,23
WL0006099,TKT004986,AGT017,2026-01-29,59
WL0006100,TKT004987,AGT009,2026-01-29,28
WL0006101,TKT004988,AGT014,2026-01-29,78
WL0006102,TKT004989,AGT017,2026-01-29,126
WL0006103,TKT004990,AGT015,2026-01-29,34
WL0006104,TKT004991,AGT014,2026-01-29,35
WL0006105,TKT004991,AGT017,2026-01-29,13
WL0006106,TKT004992,AGT002,2026-01-29,60
WL0006107,TKT004993,AGT007,2026-01-29,161
WL0006108,TKT004994,AGT010,2026-01-29,170
WL0006109,TKT004994,AGT011,2026-01-29,93
WL0006110,TKT004995,AGT002,2026-01-29,95
WL0006111,TKT004996,AGT002,2026-01-29,24
WL0006112,TKT004996,AGT005,2026-01-29,44
WL0006113,TKT004997,AGT008,2026-01-29,67
WL0006114,TKT004998,AGT015,2026-01-29,84
WL0006115,TKT004999,AGT015,2026-01-29,30
WL0006116,TKT004999,AGT017,2026-01-29,29
WL0006117,TKT005000,AGT010,2026-01-29,83
WL0006118,TKT005000,AGT011,2026-01-29,45
WL0006119,TKT005001,AGT017,2026-01-29,38
WL0006120,TKT005002,AGT017,2026-01-29,35
WL0006121,TKT005003,AGT010,2026-01-29,21
WL0006122,TKT005003,AGT017,2026-01-29,88
WL0006123,TKT005004,AGT002,2026-01-29,46
WL0006124,TKT005005,AGT002,2026-01-29,88
WL0006125,TKT005005,AGT003,2026-01-29,11
WL0006126,TKT005006,AGT008,2026-01-29,62
WL0006127,TKT005007,AGT005,2026-01-29,66
WL0006128,TKT005008,AGT004,2026-01-29,24
WL0006129,TKT005009,AGT010,2026-01-29,16
WL0006130,TKT005010,AGT009,2026-01-29,19
WL0006131,TKT005010,AGT010,2026-01-29,34
WL0006132,TKT005011,AGT003,2026-01-29,44
WL0006133,TKT005012,AGT007,2026-01-29,5
WL0006134,TKT005012,AGT008,2026-01-29,35
WL0006135,TKT005013,AGT010,2026-01-29,64
WL0006136,TKT005014,AGT012,2026-01-29,81
WL0006137,TKT005015,AGT005,2026-01-29,144
WL0006138,TKT005016,AGT004,2026-01-30,82
WL0006139,TKT005017,AGT012,2026-01-30,43
WL0006140,TKT005018,AGT005,2026-01-30,40
WL0006141,TKT005019,AGT004,2026-01-30,27
WL0006142,TKT005020,AGT004,2026-01-30,40
WL0006143,TKT005021,AGT013,2026-01-30,81
WL0006144,TKT005022,AGT015,2026-01-30,39
WL0006145,TKT005023,AGT017,2026-01-30,65
WL0006146,TKT005024,AGT016,2026-01-30,95
WL0006147,TKT005025,AGT016,2026-01-30,171
WL0006148,TKT005026,AGT015,2026-01-30,42
WL0006149,TKT005026,AGT016,2026-01-30,23
WL0006150,TKT005027,AGT011,2026-01-30,78
WL0006151,TKT005028,AGT002,2026-01-30,115
WL0006152,TKT005029,AGT013,2026-01-30,51
WL0006153,TKT005030,AGT002,2026-01-30,60
WL0006154,TKT005031,AGT017,2026-01-30,93
WL0006155,TKT005032,AGT011,2026-01-30,199
WL0006156,TKT005033,AGT005,2026-01-30,102
WL0006157,TKT005034,AGT014,2026-01-30,53
WL0006158,TKT005035,AGT010,2026-01-30,72
WL0006159,TKT005035,AGT012,2026-01-30,40
WL0006160,TKT005036,AGT005,2026-01-30,38
WL0006161,TKT005037,AGT003,2026-01-30,33
WL0006162,TKT005038,AGT013,2026-01-30,67
WL0006163,TKT005039,AGT011,2026-01-30,38
WL0006164,TKT005040,AGT010,2026-01-30,20
WL0006165,TKT005040,AGT011,2026-01-30,165
WL0006166,TKT005041,AGT015,2026-01-30,84
WL0006167,TKT005042,AGT018,2026-01-30,18
WL0006168,TKT005043,AGT005,2026-01-30,30
WL0006169,TKT005044,AGT010,2026-01-30,135
WL0006170,TKT005045,AGT010,2026-01-30,78
WL0006172,TKT005047,AGT012,2026-01-30,50
WL0006173,TKT005048,AGT013,2026-01-30,51
WL0006175,TKT005050,AGT004,2026-01-30,54
WL0006176,TKT005051,AGT018,2026-01-30,32
WL0006177,TKT005052,AGT002,2026-01-30,42
WL0006178,TKT005053,AGT010,2026-01-30,89
WL0006179,TKT005054,AGT004,2026-01-30,71
WL0006180,TKT005055,AGT015,2026-01-30,128
WL0006181,TKT005056,AGT014,2026-01-30,40
WL0006182,TKT005056,AGT017,2026-01-30,22
WL0006183,TKT005057,AGT012,2026-01-30,78
WL0006184,TKT005058,AGT004,2026-01-30,46
WL0006185,TKT005059,AGT012,2026-01-30,58
WL0006186,TKT005060,AGT004,2026-01-30,40
WL0006187,TKT005061,AGT012,2026-01-30,112
WL0006188,TKT005062,AGT002,2026-01-30,35
WL0006189,TKT005063,AGT014,2026-01-30,26
WL0006190,TKT005064,AGT002,2026-01-30,36
WL0006191,TKT005064,AGT004,2026-01-30,66
WL0006192,TKT005065,AGT017,2026-01-30,23
WL0006193,TKT005066,AGT009,2026-01-31,169
WL0006194,TKT005067,AGT015,2026-01-31,81
WL0006195,TKT005068,AGT010,2026-01-31,148
WL0006196,TKT005069,AGT003,2026-01-31,83
WL0006197,TKT005070,AGT015,2026-01-31,18
WL0006198,TKT005070,AGT016,2026-01-31,33
WL0006199,TKT005071,AGT014,2026-01-31,41
WL0006200,TKT005072,AGT001,2026-01-31,105
WL0006201,TKT005073,AGT015,2026-01-31,103
WL0006202,TKT005074,AGT016,2026-01-31,37
WL0006203,TKT005075,AGT003,2026-01-31,18
WL0006204,TKT005076,AGT015,2026-01-31,67
WL0006205,TKT005077,AGT014,2026-01-31,53
WL0006206,TKT005078,AGT001,2026-01-31,61
WL0006207,TKT005079,AGT016,2026-01-31,26
WL0006208,TKT005079,AGT018,2026-01-31,46
WL0006209,TKT005080,AGT018,2026-01-31,61
WL0006210,TKT005081,AGT003,2026-01-31,98
WL0006211,TKT005082,AGT003,2026-01-31,69
WL0006212,TKT005082,AGT005,2026-01-31,38
WL0006213,TKT005083,AGT014,2026-01-31,41
WL0006214,TKT005084,AGT018,2026-01-31,50
WL0006215,TKT005085,AGT010,2026-01-31,83
WL0006216,TKT005086,AGT001,2026-01-31,21
WL0006217,TKT005087,AGT018,2026-01-31,59
WL0006218,TKT005088,AGT018,2026-01-31,97
WL0006219,TKT005089,AGT011,2026-02-01,208
WL0006220,TKT005090,AGT011,2026-02-01,59
WL0006221,TKT005091,AGT011,2026-02-01,66
WL0006222,TKT005092,AGT014,2026-02-01,70
WL0006223,TKT005092,AGT018,2026-02-01,39
WL0006224,TKT005093,AGT017,2026-02-01,31
WL0006225,TKT005094,AGT014,2026-02-01,26
WL0006226,TKT005095,AGT014,2026-02-01,34
WL0006227,TKT005096,AGT012,2026-02-01,82
WL0006228,TKT005097,AGT014,2026-02-01,78
WL0006229,TKT005098,AGT005,2026-02-01,42
WL0006230,TKT005099,AGT004,2026-02-01,115
WL0006231,TKT005100,AGT014,2026-02-01,102
WL0006232,TKT005101,AGT012,2026-02-01,145
WL0006233,TKT005102,AGT011,2026-02-01,85
WL0006234,TKT005102,AGT012,2026-02-01,46
WL0006235,TKT005103,AGT018,2026-02-01,39
WL0006236,TKT005104,AGT005,2026-02-01,47
WL0006237,TKT005105,AGT014,2026-02-01,26
WL0006238,TKT005106,AGT004,2026-02-01,42
WL0006239,TKT005107,AGT005,2026-02-01,45
WL0006240,TKT005108,AGT012,2026-02-01,87
WL0006241,TKT005109,AGT005,2026-02-01,38
WL0006242,TKT005110,AGT011,2026-02-01,62
WL0006243,TKT005110,AGT012,2026-02-01,24
WL0006244,TKT005111,AGT002,2026-02-01,50
WL0006245,TKT005112,AGT014,2026-02-01,42
WL0006246,TKT005113,AGT018,2026-02-01,28
WL0006247,TKT005114,AGT014,2026-02-01,63
WL0006248,TKT005115,AGT004,2026-02-01,69
WL0006249,TKT005116,AGT001,2026-02-02,85
WL0006250,TKT005116,AGT002,2026-02-02,46
WL0006251,TKT005117,AGT001,2026-02-02,38
WL0006252,TKT005118,AGT009,2026-02-02,107
WL0006253,TKT005119,AGT013,2026-02-02,95
WL0006254,TKT005119,AGT014,2026-02-02,52
WL0006255,TKT005120,AGT009,2026-02-02,102
WL0006256,TKT005121,AGT017,2026-02-02,31
WL0006257,TKT005122,AGT014,2026-02-02,57
WL0006258,TKT005123,AGT004,2026-02-02,65
WL0006259,TKT005124,AGT001,2026-02-02,49
WL0006260,TKT005124,AGT004,2026-02-02,27
WL0006261,TKT005125,AGT013,2026-02-02,92
WL0006262,TKT005126,AGT002,2026-02-02,46
WL0006263,TKT005126,AGT004,2026-02-02,26
WL0006264,TKT005127,AGT010,2026-02-02,67
WL0006265,TKT005128,AGT010,2026-02-02,76
WL0006266,TKT005129,AGT004,2026-02-02,48
WL0006267,TKT005130,AGT010,2026-02-02,68
WL0006268,TKT005130,AGT012,2026-02-02,37
WL0006269,TKT005131,AGT002,2026-02-02,106
WL0006270,TKT005132,AGT005,2026-02-02,20
WL0006271,TKT005133,AGT007,2026-02-02,90
WL0006272,TKT005134,AGT001,2026-02-02,14
WL0006274,TKT005136,AGT014,2026-02-02,89
WL0006275,TKT005136,AGT015,2026-02-02,48
WL0006276,TKT005137,AGT004,2026-02-02,43
WL0006277,TKT005138,AGT016,2026-02-02,63
WL0006278,TKT005139,AGT018,2026-02-02,153
WL0006279,TKT005140,AGT014,2026-02-02,45
WL0006280,TKT005141,AGT002,2026-02-02,85
WL0006281,TKT005142,AGT018,2026-02-02,72
WL0006282,TKT005143,AGT013,2026-02-02,47
WL0006283,TKT005144,AGT012,2026-02-02,188
WL0006284,TKT005145,AGT002,2026-02-02,94
WL0006285,TKT005146,AGT014,2026-02-02,49
WL0006286,TKT005147,AGT005,2026-02-02,45
WL0006287,TKT005148,AGT014,2026-02-02,55
WL0006288,TKT005149,AGT010,2026-02-02,40
WL0006289,TKT005150,AGT009,2026-02-02,92
WL0006290,TKT005151,AGT009,2026-02-02,149
WL0006291,TKT005151,AGT010,2026-02-02,41
WL0006292,TKT005152,AGT010,2026-02-02,40
WL0006293,TKT005152,AGT012,2026-02-02,23
WL0006294,TKT005153,AGT018,2026-02-02,31
WL0006295,TKT005154,AGT015,2026-02-02,41
WL0006296,TKT005155,AGT014,2026-02-02,77
WL0006297,TKT005156,AGT014,2026-02-02,51
WL0006298,TKT005157,AGT007,2026-02-02,93
WL0006299,TKT005158,AGT004,2026-02-02,43
WL0006300,TKT005159,AGT002,2026-02-02,78
WL0006301,TKT005160,AGT001,2026-02-02,97
WL0006302,TKT005161,AGT008,2026-02-03,79
WL0006303,TKT005162,AGT010,2026-02-03,113
WL0006304,TKT005163,AGT010,2026-02-03,40
WL0006305,TKT005163,AGT012,2026-02-03,74
WL0006306,TKT005164,AGT017,2026-02-03,177
WL0006307,TKT005165,AGT013,2026-02-03,20
WL0006308,TKT005165,AGT014,2026-02-03,11
WL0006309,TKT005166,AGT002,2026-02-03,40
WL0006310,TKT005167,AGT002,2026-02-03,22
WL0006312,TKT005169,AGT001,2026-02-03,13
WL0006313,TKT005169,AGT003,2026-02-03,24
WL0006314,TKT005170,AGT001,2026-02-03,87
WL0006315,TKT005171,AGT015,2026-02-03,53
WL0006317,TKT005173,AGT014,2026-02-03,21
WL0006318,TKT005173,AGT015,2026-02-03,38
WL0006319,TKT005174,AGT012,2026-02-03,78
WL0006320,TKT005175,AGT001,2026-02-03,97
WL0006321,TKT005176,AGT007,2026-02-03,83
WL0006322,TKT005176,AGT008,2026-02-03,46
WL0006323,TKT005177,AGT007,2026-02-03,191
WL0006324,TKT005178,AGT016,2026-02-03,64
WL0006325,TKT005179,AGT015,2026-02-03,75
WL0006326,TKT005180,AGT014,2026-02-03,44
WL0006327,TKT005181,AGT007,2026-02-03,82
WL0006328,TKT005181,AGT010,2026-02-03,64
WL0006329,TKT005182,AGT013,2026-02-03,106
WL0006330,TKT005183,AGT010,2026-02-03,142
WL0006331,TKT005184,AGT009,2026-02-03,71
WL0006332,TKT005185,AGT014,2026-02-03,18
WL0006333,TKT005186,AGT014,2026-02-03,158
WL0006334,TKT005187,AGT017,2026-02-03,72
WL0006335,TKT005188,AGT008,2026-02-03,220
WL0006336,TKT005189,AGT010,2026-02-03,97
WL0006337,TKT005190,AGT001,2026-02-03,19
WL0006338,TKT005191,AGT001,2026-02-03,57
WL0006339,TKT005192,AGT009,2026-02-03,216
WL0006340,TKT005192,AGT010,2026-02-03,24
WL0006341,TKT005193,AGT011,2026-02-03,38
WL0006342,TKT005194,AGT003,2026-02-03,45
WL0006343,TKT005195,AGT014,2026-02-03,149
WL0006344,TKT005196,AGT017,2026-02-03,62
WL0006345,TKT005197,AGT013,2026-02-03,29
WL0006346,TKT005197,AGT017,2026-02-03,16
WL0006347,TKT005198,AGT012,2026-02-03,164
WL0006348,TKT005199,AGT017,2026-02-03,40
WL0006349,TKT005200,AGT017,2026-02-03,32
WL0006350,TKT005201,AGT011,2026-02-03,88
WL0006351,TKT005202,AGT009,2026-02-03,108
WL0006352,TKT005203,AGT011,2026-02-03,105
WL0006353,TKT005204,AGT004,2026-02-04,49
WL0006354,TKT005205,AGT014,2026-02-04,44
WL0006355,TKT005206,AGT007,2026-02-04,91
WL0006356,TKT005207,AGT016,2026-02-04,68
WL0006357,TKT005208,AGT015,2026-02-04,39
WL0006358,TKT005209,AGT003,2026-02-04,65
WL0006359,TKT005210,AGT002,2026-02-04,97
WL0006360,TKT005211,AGT016,2026-02-04,62
WL0006361,TKT005212,AGT010,2026-02-04,98
WL0006362,TKT005213,AGT012,2026-02-04,272
WL0006363,TKT005214,AGT016,2026-02-04,80
WL0006364,TKT005215,AGT017,2026-02-04,36
WL0006365,TKT005216,AGT009,2026-02-04,110
WL0006366,TKT005217,AGT015,2026-02-04,24
WL0006367,TKT005218,AGT014,2026-02-04,28
WL0006368,TKT005218,AGT015,2026-02-04,16
WL0006369,TKT005219,AGT013,2026-02-04,84
WL0006370,TKT005220,AGT004,2026-02-04,67
WL0006371,TKT005221,AGT007,2026-02-04,22
WL0006372,TKT005221,AGT011,2026-02-04,39
WL0006373,TKT005222,AGT007,2026-02-04,25
WL0006374,TKT005222,AGT011,2026-02-04,45
WL0006375,TKT005223,AGT009,2026-02-04,39
WL0006376,TKT005223,AGT011,2026-02-04,70
WL0006377,TKT005224,AGT002,2026-02-04,37
WL0006378,TKT005225,AGT004,2026-02-04,138
WL0006379,TKT005226,AGT015,2026-02-04,48
WL0006380,TKT005227,AGT005,2026-02-04,75
WL0006381,TKT005228,AGT012,2026-02-04,82
WL0006382,TKT005229,AGT007,2026-02-04,80
WL0006383,TKT005230,AGT014,2026-02-04,61
WL0006384,TKT005231,AGT013,2026-02-04,35
WL0006385,TKT005231,AGT015,2026-02-04,20
WL0006386,TKT005232,AGT010,2026-02-04,52
WL0006387,TKT005233,AGT015,2026-02-04,36
WL0006388,TKT005233,AGT017,2026-02-04,20
WL0006389,TKT005234,AGT011,2026-02-04,44
WL0006390,TKT005235,AGT012,2026-02-04,53
WL0006391,TKT005236,AGT005,2026-02-04,44
WL0006392,TKT005237,AGT017,2026-02-04,33
WL0006393,TKT005237,AGT018,2026-02-04,19
WL0006394,TKT005238,AGT017,2026-02-04,19
WL0006395,TKT005239,AGT017,2026-02-04,49
WL0006396,TKT005240,AGT010,2026-02-04,133
WL0006397,TKT005241,AGT017,2026-02-04,58
WL0006398,TKT005242,AGT011,2026-02-04,236
WL0006399,TKT005243,AGT005,2026-02-04,58
WL0006400,TKT005244,AGT004,2026-02-04,32
WL0006403,TKT005246,AGT005,2026-02-04,68
WL0006404,TKT005247,AGT002,2026-02-04,194
WL0006405,TKT005248,AGT007,2026-02-04,22
WL0006406,TKT005248,AGT009,2026-02-04,13
WL0006407,TKT005249,AGT012,2026-02-04,56
WL0006408,TKT005250,AGT007,2026-02-04,56
WL0006409,TKT005250,AGT012,2026-02-04,17
WL0006410,TKT005251,AGT005,2026-02-04,37
WL0006411,TKT005252,AGT009,2026-02-04,108
WL0006412,TKT005252,AGT011,2026-02-04,46
WL0006413,TKT005253,AGT009,2026-02-04,210
WL0006414,TKT005253,AGT010,2026-02-04,56
WL0006415,TKT005254,AGT015,2026-02-04,47
WL0006416,TKT005255,AGT016,2026-02-04,21
WL0006417,TKT005255,AGT018,2026-02-04,38
WL0006418,TKT005256,AGT003,2026-02-04,45
WL0006419,TKT005257,AGT010,2026-02-04,64
WL0006420,TKT005258,AGT014,2026-02-04,51
WL0006421,TKT005259,AGT007,2026-02-04,180
WL0006422,TKT005260,AGT015,2026-02-04,26
WL0006423,TKT005260,AGT016,2026-02-04,46
WL0006424,TKT005261,AGT005,2026-02-05,42
WL0006425,TKT005262,AGT008,2026-02-05,113
WL0006426,TKT005262,AGT010,2026-02-05,208
WL0006427,TKT005263,AGT016,2026-02-05,58
WL0006428,TKT005264,AGT005,2026-02-05,211
WL0006429,TKT005265,AGT012,2026-02-05,96
WL0006430,TKT005266,AGT001,2026-02-05,105
WL0006431,TKT005267,AGT014,2026-02-05,41
WL0006432,TKT005268,AGT007,2026-02-05,32
WL0006433,TKT005269,AGT012,2026-02-05,105
WL0006434,TKT005270,AGT010,2026-02-05,134
WL0006435,TKT005271,AGT013,2026-02-05,97
WL0006436,TKT005272,AGT004,2026-02-05,39
WL0006437,TKT005273,AGT001,2026-02-05,37
WL0006438,TKT005273,AGT004,2026-02-05,20
WL0006439,TKT005274,AGT008,2026-02-05,95
WL0006440,TKT005275,AGT016,2026-02-05,89
WL0006441,TKT005276,AGT005,2026-02-05,33
WL0006442,TKT005277,AGT004,2026-02-05,68
WL0006443,TKT005278,AGT009,2026-02-05,131
WL0006444,TKT005279,AGT007,2026-02-05,74
WL0006445,TKT005280,AGT001,2026-02-05,13
WL0006446,TKT005280,AGT004,2026-02-05,23
WL0006447,TKT005281,AGT005,2026-02-05,33
WL0006448,TKT005282,AGT003,2026-02-05,72
WL0006449,TKT005283,AGT005,2026-02-05,34
WL0006450,TKT005284,AGT003,2026-02-05,8
WL0006451,TKT005284,AGT005,2026-02-05,14
WL0006452,TKT005285,AGT012,2026-02-05,71
WL0006453,TKT005286,AGT018,2026-02-05,76
WL0006454,TKT005287,AGT014,2026-02-05,99
WL0006455,TKT005288,AGT014,2026-02-05,43
WL0006456,TKT005289,AGT010,2026-02-05,44
WL0006457,TKT005289,AGT012,2026-02-05,25
WL0006458,TKT005290,AGT016,2026-02-05,50
WL0006459,TKT005291,AGT001,2026-02-05,57
WL0006460,TKT005292,AGT008,2026-02-05,29
WL0006461,TKT005292,AGT010,2026-02-05,52
WL0006462,TKT005293,AGT013,2026-02-05,48
WL0006463,TKT005294,AGT001,2026-02-05,12
WL0006464,TKT005294,AGT003,2026-02-05,7
WL0006465,TKT005295,AGT007,2026-02-05,76
WL0006466,TKT005296,AGT001,2026-02-05,80
WL0006467,TKT005297,AGT013,2026-02-05,21
WL0006468,TKT005297,AGT014,2026-02-05,39
WL0006469,TKT005298,AGT014,2026-02-05,49
WL0006470,TKT005299,AGT008,2026-02-05,159
WL0006471,TKT005300,AGT014,2026-02-05,88
WL0006472,TKT005301,AGT008,2026-02-05,78
WL0006473,TKT005301,AGT010,2026-02-05,42
WL0006474,TKT005302,AGT005,2026-02-06,83
WL0006475,TKT005303,AGT015,2026-02-06,67
WL0006476,TKT005304,AGT014,2026-02-06,59
WL0006477,TKT005305,AGT001,2026-02-06,32
WL0006478,TKT005306,AGT012,2026-02-06,87
WL0006479,TKT005307,AGT001,2026-02-06,166
WL0006480,TKT005308,AGT003,2026-02-06,119
WL0006481,TKT005309,AGT014,2026-02-06,53
WL0006482,TKT005310,AGT001,2026-02-06,40
WL0006484,TKT005312,AGT012,2026-02-06,101
WL0006485,TKT005313,AGT002,2026-02-06,86
WL0006486,TKT005314,AGT012,2026-02-06,71
WL0006487,TKT005315,AGT004,2026-02-06,57
WL0006488,TKT005316,AGT015,2026-02-06,58
WL0006489,TKT005317,AGT003,2026-02-06,9
WL0006490,TKT005317,AGT004,2026-02-06,15
WL0006491,TKT005318,AGT004,2026-02-06,28
WL0006492,TKT005319,AGT009,2026-02-06,107
WL0006493,TKT005319,AGT012,2026-02-06,59
WL0006494,TKT005320,AGT016,2026-02-06,42
WL0006495,TKT005321,AGT013,2026-02-06,22
WL0006496,TKT005322,AGT012,2026-02-06,109
WL0006497,TKT005323,AGT016,2026-02-06,52
WL0006498,TKT005324,AGT009,2026-02-06,73
WL0006499,TKT005325,AGT016,2026-02-06,177
WL0006500,TKT005326,AGT011,2026-02-06,82
WL0006501,TKT005327,AGT003,2026-02-06,38
WL0006502,TKT005327,AGT005,2026-02-06,21
WL0006503,TKT005328,AGT004,2026-02-06,41
WL0006504,TKT005329,AGT014,2026-02-06,73
WL0006505,TKT005330,AGT004,2026-02-06,30
WL0006506,TKT005331,AGT007,2026-02-06,69
WL0006507,TKT005331,AGT012,2026-02-06,53
WL0006508,TKT005332,AGT001,2026-02-06,14
WL0006509,TKT005332,AGT002,2026-02-06,24
WL0006510,TKT005333,AGT004,2026-02-06,57
WL0006511,TKT005334,AGT001,2026-02-06,148
WL0006512,TKT005335,AGT014,2026-02-06,42
WL0006513,TKT005336,AGT003,2026-02-06,11
WL0006514,TKT005336,AGT004,2026-02-06,19
WL0006515,TKT005337,AGT004,2026-02-06,74
WL0006516,TKT005338,AGT003,2026-02-06,88
WL0006517,TKT005339,AGT014,2026-02-06,63
WL0006518,TKT005340,AGT009,2026-02-06,37
WL0006519,TKT005340,AGT010,2026-02-06,67
WL0006520,TKT005341,AGT011,2026-02-06,255
WL0006522,TKT005343,AGT009,2026-02-06,192
WL0006523,TKT005344,AGT007,2026-02-06,47
WL0006524,TKT005345,AGT017,2026-02-07,61
WL0006525,TKT005346,AGT005,2026-02-07,43
WL0006526,TKT005347,AGT011,2026-02-07,140
WL0006527,TKT005348,AGT005,2026-02-07,68
WL0006528,TKT005349,AGT013,2026-02-07,44
WL0006529,TKT005350,AGT014,2026-02-07,68
WL0006530,TKT005350,AGT017,2026-02-07,37
WL0006531,TKT005351,AGT017,2026-02-07,71
WL0006532,TKT005352,AGT005,2026-02-07,35
WL0006533,TKT005353,AGT001,2026-02-07,70
WL0006534,TKT005354,AGT005,2026-02-07,32
WL0006535,TKT005355,AGT010,2026-02-07,103
WL0006536,TKT005356,AGT005,2026-02-07,56
WL0006537,TKT005357,AGT005,2026-02-07,82
WL0006538,TKT005358,AGT001,2026-02-07,11
WL0006539,TKT005358,AGT005,2026-02-07,18
WL0006540,TKT005359,AGT007,2026-02-07,39
WL0006541,TKT005360,AGT001,2026-02-07,37
WL0006542,TKT005360,AGT005,2026-02-07,20
WL0006543,TKT005361,AGT014,2026-02-07,35
WL0006544,TKT005362,AGT007,2026-02-07,106
WL0006545,TKT005363,AGT007,2026-02-07,62
WL0006546,TKT005363,AGT010,2026-02-07,115
WL0006547,TKT005364,AGT005,2026-02-07,53
WL0006548,TKT005365,AGT001,2026-02-07,88
WL0006549,TKT005366,AGT014,2026-02-07,47
WL0006550,TKT005366,AGT017,2026-02-07,26
WL0006551,TKT005367,AGT001,2026-02-07,7
WL0006552,TKT005367,AGT005,2026-02-07,73
WL0006553,TKT005368,AGT001,2026-02-07,51
WL0006554,TKT005369,AGT017,2026-02-07,46
WL0006555,TKT005370,AGT001,2026-02-07,97
WL0006556,TKT005371,AGT013,2026-02-07,39
WL0006557,TKT005372,AGT014,2026-02-07,69
WL0006558,TKT005373,AGT013,2026-02-07,76
WL0006559,TKT005374,AGT010,2026-02-07,113
WL0006560,TKT005375,AGT014,2026-02-07,171
WL0006561,TKT005376,AGT007,2026-02-07,24
WL0006562,TKT005376,AGT011,2026-02-07,44
WL0006563,TKT005377,AGT011,2026-02-07,17
WL0006564,TKT005378,AGT017,2026-02-07,49
WL0006565,TKT005379,AGT013,2026-02-07,27
WL0006566,TKT005379,AGT014,2026-02-07,15
WL0006567,TKT005380,AGT001,2026-02-07,113
WL0006568,TKT005381,AGT012,2026-02-08,62
WL0006569,TKT005382,AGT012,2026-02-08,109
WL0006570,TKT005383,AGT005,2026-02-08,30
WL0006571,TKT005384,AGT005,2026-02-08,42
WL0006572,TKT005385,AGT018,2026-02-08,21
WL0006573,TKT005386,AGT010,2026-02-08,96
WL0006574,TKT005387,AGT005,2026-02-08,71
WL0006575,TKT005388,AGT018,2026-02-08,111
WL0006576,TKT005389,AGT004,2026-02-08,72
WL0006577,TKT005389,AGT005,2026-02-08,40
WL0006579,TKT005391,AGT005,2026-02-08,79
WL0006580,TKT005392,AGT005,2026-02-08,63
WL0006581,TKT005393,AGT002,2026-02-08,131
WL0006582,TKT005394,AGT012,2026-02-08,106
WL0006583,TKT005395,AGT010,2026-02-08,26
WL0006584,TKT005396,AGT008,2026-02-08,67
WL0006585,TKT005397,AGT018,2026-02-08,96
WL0006586,TKT005398,AGT002,2026-02-08,33
WL0006587,TKT005399,AGT005,2026-02-08,52
WL0006588,TKT005400,AGT004,2026-02-09,73
WL0006589,TKT005401,AGT017,2026-02-09,66
WL0006590,TKT005402,AGT016,2026-02-09,71
WL0006591,TKT005403,AGT013,2026-02-09,33
WL0006592,TKT005404,AGT016,2026-02-09,44
WL0006593,TKT005405,AGT018,2026-02-09,52
WL0006594,TKT005406,AGT014,2026-02-09,50
WL0006595,TKT005407,AGT004,2026-02-09,26
WL0006596,TKT005408,AGT001,2026-02-09,24
WL0006597,TKT005408,AGT002,2026-02-09,13
WL0006598,TKT005409,AGT008,2026-02-09,80
WL0006599,TKT005410,AGT010,2026-02-09,70
WL0006600,TKT005411,AGT013,2026-02-09,70
WL0006601,TKT005412,AGT001,2026-02-09,14
WL0006602,TKT005412,AGT002,2026-02-09,25
WL0006603,TKT005413,AGT003,2026-02-09,69
WL0006604,TKT005413,AGT004,2026-02-09,38
WL0006605,TKT005414,AGT013,2026-02-09,26
WL0006606,TKT005414,AGT018,2026-02-09,47
WL0006607,TKT005415,AGT015,2026-02-09,63
WL0006608,TKT005416,AGT018,2026-02-09,130
WL0006609,TKT005417,AGT014,2026-02-09,36
WL0006610,TKT005418,AGT018,2026-02-09,75
WL0006611,TKT005419,AGT002,2026-02-09,112
WL0006612,TKT005420,AGT002,2026-02-09,123
WL0006613,TKT005421,AGT014,2026-02-09,97
WL0006614,TKT005422,AGT013,2026-02-09,14
WL0006615,TKT005422,AGT018,2026-02-09,26
WL0006616,TKT005423,AGT015,2026-02-09,11
WL0006617,TKT005423,AGT016,2026-02-09,18
WL0006618,TKT005424,AGT016,2026-02-09,79
WL0006619,TKT005425,AGT017,2026-02-09,23
WL0006620,TKT005426,AGT003,2026-02-09,42
WL0006621,TKT005427,AGT013,2026-02-09,43
WL0006622,TKT005428,AGT012,2026-02-09,132
WL0006623,TKT005429,AGT009,2026-02-09,67
WL0006624,TKT005429,AGT012,2026-02-09,123
WL0006625,TKT005430,AGT002,2026-02-09,34
WL0006626,TKT005430,AGT003,2026-02-09,62
WL0006627,TKT005431,AGT018,2026-02-09,53
WL0006628,TKT005432,AGT002,2026-02-09,67
WL0006629,TKT005433,AGT017,2026-02-09,16
WL0006630,TKT005434,AGT009,2026-02-09,25
WL0006631,TKT005434,AGT011,2026-02-09,44
WL0006632,TKT005435,AGT015,2026-02-09,24
WL0006633,TKT005435,AGT018,2026-02-09,42
WL0006634,TKT005436,AGT002,2026-02-09,81
WL0006635,TKT005437,AGT012,2026-02-09,62
WL0006636,TKT005438,AGT010,2026-02-09,106
WL0006637,TKT005439,AGT002,2026-02-09,25
WL0006638,TKT005439,AGT003,2026-02-09,179
WL0006639,TKT005440,AGT017,2026-02-09,79
WL0006640,TKT005441,AGT010,2026-02-09,65
WL0006641,TKT005442,AGT011,2026-02-09,29
WL0006642,TKT005443,AGT003,2026-02-09,6
WL0006643,TKT005443,AGT004,2026-02-09,9
WL0006644,TKT005444,AGT004,2026-02-09,99
WL0006645,TKT005445,AGT014,2026-02-09,58
WL0006646,TKT005445,AGT015,2026-02-09,106
WL0006647,TKT005446,AGT001,2026-02-09,22
WL0006648,TKT005447,AGT013,2026-02-09,80
WL0006649,TKT005448,AGT010,2026-02-09,176
WL0006650,TKT005449,AGT003,2026-02-09,92
WL0006651,TKT005449,AGT004,2026-02-09,64
WL0006652,TKT005450,AGT010,2026-02-09,41
WL0006653,TKT005451,AGT016,2026-02-09,89
WL0006654,TKT005452,AGT011,2026-02-09,103
WL0006655,TKT005453,AGT004,2026-02-09,49
WL0006656,TKT005454,AGT008,2026-02-09,113
WL0006657,TKT005455,AGT013,2026-02-09,26
WL0006658,TKT005455,AGT014,2026-02-09,15
WL0006659,TKT005456,AGT001,2026-02-09,18
WL0006660,TKT005457,AGT001,2026-02-09,11
WL0006661,TKT005457,AGT004,2026-02-09,19
WL0006662,TKT005458,AGT004,2026-02-09,59
WL0006663,TKT005459,AGT004,2026-02-09,27
WL0006664,TKT005460,AGT009,2026-02-09,46
WL0006665,TKT005460,AGT011,2026-02-09,84
WL0006666,TKT005461,AGT017,2026-02-09,21
WL0006667,TKT005462,AGT010,2026-02-09,22
WL0006668,TKT005462,AGT011,2026-02-09,55
WL0006669,TKT005463,AGT009,2026-02-09,57
WL0006670,TKT005464,AGT011,2026-02-09,132
WL0006671,TKT005465,AGT014,2026-02-09,67
WL0006672,TKT005466,AGT014,2026-02-09,32
WL0006673,TKT005467,AGT014,2026-02-10,54
WL0006674,TKT005468,AGT011,2026-02-10,129
WL0006675,TKT005469,AGT016,2026-02-10,47
WL0006676,TKT005469,AGT017,2026-02-10,26
WL0006677,TKT005470,AGT008,2026-02-10,97
WL0006678,TKT005471,AGT017,2026-02-10,67
WL0006679,TKT005472,AGT008,2026-02-10,129
WL0006680,TKT005473,AGT004,2026-02-10,110
WL0006681,TKT005474,AGT014,2026-02-10,26
WL0006682,TKT005475,AGT010,2026-02-10,51
WL0006683,TKT005475,AGT011,2026-02-10,94
WL0006684,TKT005476,AGT007,2026-02-10,58
WL0006685,TKT005477,AGT005,2026-02-10,28
WL0006686,TKT005478,AGT001,2026-02-10,24
WL0006688,TKT005480,AGT014,2026-02-10,66
WL0006689,TKT005481,AGT001,2026-02-10,156
WL0006690,TKT005482,AGT002,2026-02-10,24
WL0006691,TKT005483,AGT014,2026-02-10,67
WL0006692,TKT005484,AGT013,2026-02-10,36
WL0006693,TKT005485,AGT002,2026-02-10,73
WL0006694,TKT005486,AGT002,2026-02-10,29
WL0006695,TKT005487,AGT018,2026-02-10,42
WL0006696,TKT005488,AGT002,2026-02-10,70
WL0006697,TKT005489,AGT014,2026-02-10,35
WL0006698,TKT005490,AGT012,2026-02-10,106
WL0006699,TKT005491,AGT015,2026-02-10,95
WL0006700,TKT005492,AGT017,2026-02-10,161
WL0006701,TKT005493,AGT013,2026-02-10,71
WL0006702,TKT005494,AGT007,2026-02-10,77
WL0006703,TKT005495,AGT009,2026-02-10,110
WL0006704,TKT005496,AGT008,2026-02-10,17
WL0006705,TKT005496,AGT010,2026-02-10,30
WL0006706,TKT005497,AGT014,2026-02-10,69
WL0006707,TKT005498,AGT015,2026-02-10,81
WL0006708,TKT005499,AGT005,2026-02-10,260
WL0006709,TKT005500,AGT015,2026-02-10,97
WL0006710,TKT005501,AGT007,2026-02-10,48
WL0006711,TKT005502,AGT011,2026-02-10,102
WL0006712,TKT005503,AGT015,2026-02-10,24
WL0006713,TKT005503,AGT017,2026-02-10,114
WL0006714,TKT005504,AGT007,2026-02-10,23
WL0006715,TKT005504,AGT008,2026-02-10,237
WL0006716,TKT005505,AGT004,2026-02-10,56
WL0006717,TKT005505,AGT005,2026-02-10,31
WL0006718,TKT005506,AGT007,2026-02-10,95
WL0006719,TKT005507,AGT015,2026-02-10,43
WL0006720,TKT005508,AGT010,2026-02-10,46
WL0006722,TKT005510,AGT014,2026-02-11,82
WL0006723,TKT005511,AGT014,2026-02-11,85
WL0006724,TKT005512,AGT014,2026-02-11,56
WL0006725,TKT005512,AGT016,2026-02-11,31
WL0006726,TKT005513,AGT017,2026-02-11,58
WL0006727,TKT005514,AGT016,2026-02-11,13
WL0006728,TKT005514,AGT017,2026-02-11,22
WL0006729,TKT005515,AGT009,2026-02-11,194
WL0006730,TKT005516,AGT014,2026-02-11,99
WL0006731,TKT005517,AGT005,2026-02-11,78
WL0006732,TKT005518,AGT009,2026-02-11,76
WL0006733,TKT005519,AGT011,2026-02-11,52
WL0006734,TKT005520,AGT014,2026-02-11,34
WL0006735,TKT005520,AGT016,2026-02-11,4
WL0006736,TKT005521,AGT017,2026-02-11,83
WL0006737,TKT005522,AGT007,2026-02-11,84
WL0006738,TKT005523,AGT004,2026-02-11,55
WL0006739,TKT005524,AGT017,2026-02-11,41
WL0006740,TKT005525,AGT016,2026-02-11,37
WL0006741,TKT005526,AGT017,2026-02-11,63
WL0006742,TKT005527,AGT009,2026-02-11,149
WL0006743,TKT005527,AGT012,2026-02-11,81
WL0006744,TKT005528,AGT017,2026-02-11,31
WL0006745,TKT005529,AGT002,2026-02-11,20
WL0006746,TKT005529,AGT004,2026-02-11,36
WL0006747,TKT005530,AGT017,2026-02-11,37
WL0006748,TKT005531,AGT002,2026-02-11,93
WL0006749,TKT005532,AGT002,2026-02-11,40
WL0006750,TKT005532,AGT004,2026-02-11,23
WL0006751,TKT005533,AGT017,2026-02-11,55
WL0006752,TKT005534,AGT016,2026-02-11,109
WL0006753,TKT005534,AGT017,2026-02-11,90
WL0006754,TKT005535,AGT016,2026-02-11,60
WL0006755,TKT005536,AGT004,2026-02-11,57
WL0006756,TKT005536,AGT005,2026-02-11,32
WL0006757,TKT005537,AGT004,2026-02-11,33
WL0006758,TKT005537,AGT005,2026-02-11,18
WL0006759,TKT005538,AGT008,2026-02-11,73
WL0006760,TKT005538,AGT012,2026-02-11,133
WL0006761,TKT005539,AGT016,2026-02-11,50
WL0006762,TKT005540,AGT008,2026-02-11,53
WL0006763,TKT005541,AGT016,2026-02-11,68
WL0006764,TKT005542,AGT010,2026-02-12,124
WL0006765,TKT005543,AGT014,2026-02-12,14
WL0006766,TKT005543,AGT016,2026-02-12,25
WL0006767,TKT005544,AGT004,2026-02-12,67
WL0006768,TKT005545,AGT018,2026-02-12,119
WL0006769,TKT005546,AGT016,2026-02-12,215
WL0006770,TKT005547,AGT015,2026-02-12,49
WL0006771,TKT005548,AGT010,2026-02-12,54
WL0006772,TKT005549,AGT016,2026-02-12,42
WL0006773,TKT005550,AGT015,2026-02-12,34
WL0006774,TKT005551,AGT002,2026-02-12,64
WL0006775,TKT005552,AGT009,2026-02-12,80
WL0006776,TKT005553,AGT017,2026-02-12,73
WL0006777,TKT005554,AGT014,2026-02-12,49
WL0006778,TKT005555,AGT004,2026-02-12,64
WL0006779,TKT005556,AGT010,2026-02-12,195
WL0006780,TKT005557,AGT011,2026-02-12,42
WL0006781,TKT005558,AGT011,2026-02-12,86
WL0006782,TKT005559,AGT018,2026-02-12,26
WL0006783,TKT005560,AGT003,2026-02-12,41
WL0006784,TKT005561,AGT005,2026-02-12,56
WL0006785,TKT005562,AGT008,2026-02-12,83
WL0006786,TKT005563,AGT015,2026-02-12,26
WL0006787,TKT005564,AGT013,2026-02-12,56
WL0006788,TKT005564,AGT015,2026-02-12,31
WL0006789,TKT005565,AGT005,2026-02-12,45
WL0006790,TKT005566,AGT004,2026-02-12,40
WL0006791,TKT005567,AGT013,2026-02-12,83
WL0006792,TKT005568,AGT009,2026-02-12,66
WL0006793,TKT005569,AGT017,2026-02-12,79
WL0006794,TKT005570,AGT015,2026-02-12,24
WL0006795,TKT005571,AGT004,2026-02-12,114
WL0006796,TKT005572,AGT002,2026-02-12,62
WL0006797,TKT005573,AGT002,2026-02-12,30
WL0006798,TKT005574,AGT002,2026-02-12,28
WL0006799,TKT005574,AGT005,2026-02-12,52
WL0006800,TKT005575,AGT007,2026-02-12,40
WL0006801,TKT005576,AGT015,2026-02-12,120
WL0006802,TKT005577,AGT017,2026-02-12,31
WL0006803,TKT005578,AGT001,2026-02-13,55
WL0006804,TKT005578,AGT005,2026-02-13,31
WL0006805,TKT005579,AGT017,2026-02-13,32
WL0006806,TKT005580,AGT018,2026-02-13,115
WL0006807,TKT005581,AGT018,2026-02-13,29
WL0006808,TKT005582,AGT011,2026-02-13,87
WL0006809,TKT005582,AGT012,2026-02-13,47
WL0006810,TKT005583,AGT013,2026-02-13,64
WL0006811,TKT005584,AGT017,2026-02-13,55
WL0006812,TKT005585,AGT018,2026-02-13,79
WL0006813,TKT005586,AGT002,2026-02-13,19
WL0006814,TKT005586,AGT004,2026-02-13,35
WL0006815,TKT005587,AGT017,2026-02-13,49
WL0006816,TKT005588,AGT018,2026-02-13,31
WL0006817,TKT005589,AGT011,2026-02-13,68
WL0006818,TKT005590,AGT009,2026-02-13,138
WL0006819,TKT005590,AGT011,2026-02-13,75
WL0006820,TKT005591,AGT002,2026-02-13,29
WL0006821,TKT005592,AGT003,2026-02-13,74
WL0006822,TKT005593,AGT018,2026-02-13,45
WL0006823,TKT005594,AGT013,2026-02-13,40
WL0006824,TKT005595,AGT013,2026-02-13,38
WL0006825,TKT005596,AGT015,2026-02-13,53
WL0006826,TKT005597,AGT015,2026-02-13,25
WL0006827,TKT005597,AGT018,2026-02-13,44
WL0006828,TKT005598,AGT011,2026-02-13,176
WL0006829,TKT005599,AGT015,2026-02-13,39
WL0006830,TKT005600,AGT017,2026-02-13,43
WL0006831,TKT005601,AGT007,2026-02-13,111
WL0006832,TKT005602,AGT011,2026-02-13,73
WL0006833,TKT005602,AGT012,2026-02-13,133
WL0006834,TKT005603,AGT007,2026-02-13,41
WL0006835,TKT005604,AGT001,2026-02-13,26
WL0006836,TKT005604,AGT003,2026-02-13,48
WL0006837,TKT005605,AGT012,2026-02-13,73
WL0006838,TKT005606,AGT007,2026-02-13,41
WL0006839,TKT005606,AGT011,2026-02-13,31
WL0006840,TKT005607,AGT007,2026-02-13,88
WL0006841,TKT005608,AGT003,2026-02-13,44
WL0006842,TKT005609,AGT018,2026-02-13,103
WL0006843,TKT005610,AGT007,2026-02-13,75
WL0006844,TKT005611,AGT003,2026-02-13,45
WL0006845,TKT005612,AGT003,2026-02-13,93
WL0006846,TKT005612,AGT005,2026-02-13,51
WL0006847,TKT005613,AGT005,2026-02-13,56
WL0006848,TKT005614,AGT004,2026-02-13,109
WL0006849,TKT005615,AGT012,2026-02-13,35
WL0006850,TKT005616,AGT012,2026-02-13,33
WL0006851,TKT005617,AGT017,2026-02-13,70
WL0006852,TKT005618,AGT016,2026-02-13,43
WL0006853,TKT005619,AGT016,2026-02-13,76
WL0006854,TKT005620,AGT017,2026-02-13,26
WL0006855,TKT005621,AGT007,2026-02-13,101
WL0006856,TKT005622,AGT002,2026-02-13,54
WL0006857,TKT005623,AGT009,2026-02-13,59
WL0006858,TKT005624,AGT007,2026-02-14,86
WL0006859,TKT005625,AGT004,2026-02-14,64
WL0006860,TKT005626,AGT012,2026-02-14,51
WL0006861,TKT005627,AGT004,2026-02-14,28
WL0006862,TKT005628,AGT018,2026-02-14,48
WL0006863,TKT005629,AGT013,2026-02-14,86
WL0006864,TKT005630,AGT014,2026-02-14,116
WL0006865,TKT005631,AGT014,2026-02-14,64
WL0006866,TKT005631,AGT018,2026-02-14,35
WL0006867,TKT005632,AGT013,2026-02-14,50
WL0006868,TKT005632,AGT018,2026-02-14,91
WL0006869,TKT005633,AGT013,2026-02-14,112
WL0006870,TKT005634,AGT014,2026-02-14,43
WL0006871,TKT005635,AGT018,2026-02-14,54
WL0006872,TKT005636,AGT003,2026-02-14,83
WL0006873,TKT005637,AGT003,2026-02-14,108
WL0006874,TKT005638,AGT011,2026-02-14,97
WL0006875,TKT005639,AGT013,2026-02-14,175
WL0006876,TKT005640,AGT011,2026-02-14,105
WL0006877,TKT005641,AGT018,2026-02-14,34
WL0006878,TKT005642,AGT005,2026-02-14,95
WL0006879,TKT005643,AGT011,2026-02-14,94
WL0006880,TKT005644,AGT007,2026-02-14,105
WL0006881,TKT005645,AGT012,2026-02-14,88
WL0006882,TKT005646,AGT013,2026-02-14,29
WL0006883,TKT005647,AGT007,2026-02-14,69
WL0006884,TKT005648,AGT012,2026-02-14,48
WL0006885,TKT005649,AGT007,2026-02-14,43
WL0006886,TKT005649,AGT011,2026-02-14,24
WL0006887,TKT005650,AGT007,2026-02-14,45
WL0006888,TKT005651,AGT014,2026-02-15,19
WL0006889,TKT005651,AGT017,2026-02-15,33
WL0006890,TKT005652,AGT017,2026-02-15,104
WL0006891,TKT005653,AGT014,2026-02-15,87
WL0006892,TKT005654,AGT014,2026-02-15,46
WL0006893,TKT005655,AGT004,2026-02-15,37
WL0006894,TKT005655,AGT005,2026-02-15,20
WL0006895,TKT005656,AGT017,2026-02-15,37
WL0006896,TKT005657,AGT014,2026-02-15,106
WL0006897,TKT005658,AGT008,2026-02-15,160
WL0006898,TKT005659,AGT008,2026-02-15,154
WL0006899,TKT005659,AGT009,2026-02-15,84
WL0006900,TKT005660,AGT001,2026-02-15,22
WL0006901,TKT005660,AGT005,2026-02-15,12
WL0006902,TKT005661,AGT017,2026-02-15,66
WL0006903,TKT005662,AGT007,2026-02-15,242
WL0006904,TKT005663,AGT009,2026-02-15,42
WL0006905,TKT005664,AGT007,2026-02-15,81
WL0006906,TKT005665,AGT008,2026-02-15,56
WL0006907,TKT005666,AGT004,2026-02-15,74
WL0006908,TKT005667,AGT005,2026-02-15,82
WL0006909,TKT005668,AGT008,2026-02-15,110
WL0006910,TKT005668,AGT009,2026-02-15,122
WL0006911,TKT005669,AGT017,2026-02-15,55
WL0006912,TKT005670,AGT014,2026-02-15,37
WL0006913,TKT005671,AGT009,2026-02-15,95
WL0006914,TKT005672,AGT014,2026-02-15,148
WL0006915,TKT005673,AGT009,2026-02-15,50
WL0006916,TKT005674,AGT005,2026-02-15,39
WL0006917,TKT005675,AGT001,2026-02-15,47
WL0006918,TKT005676,AGT014,2026-02-15,10
WL0006919,TKT005676,AGT017,2026-02-15,17
WL0006920,TKT005677,AGT005,2026-02-15,104
WL0006921,TKT005678,AGT007,2026-02-15,100
WL0006922,TKT005678,AGT009,2026-02-15,55
WL0006923,TKT005679,AGT004,2026-02-16,40
WL0006924,TKT005680,AGT004,2026-02-16,45
WL0006925,TKT005681,AGT001,2026-02-16,60
WL0006926,TKT005681,AGT002,2026-02-16,33
WL0006927,TKT005682,AGT004,2026-02-16,163
WL0006928,TKT005683,AGT008,2026-02-16,59
WL0006929,TKT005683,AGT009,2026-02-16,33
WL0006930,TKT005684,AGT015,2026-02-16,26
WL0006931,TKT005685,AGT002,2026-02-16,37
WL0006932,TKT005686,AGT008,2026-02-16,40
WL0006933,TKT005686,AGT010,2026-02-16,74
WL0006934,TKT005687,AGT013,2026-02-16,52
WL0006935,TKT005688,AGT008,2026-02-16,64
WL0006936,TKT005689,AGT017,2026-02-16,26
WL0006937,TKT005690,AGT014,2026-02-16,56
WL0006938,TKT005691,AGT008,2026-02-16,15
WL0006939,TKT005691,AGT009,2026-02-16,27
WL0006940,TKT005692,AGT016,2026-02-16,98
WL0006941,TKT005693,AGT008,2026-02-16,126
WL0006942,TKT005694,AGT017,2026-02-16,56
WL0006943,TKT005695,AGT015,2026-02-16,37
WL0006944,TKT005696,AGT015,2026-02-16,188
WL0006945,TKT005697,AGT017,2026-02-16,121
WL0006946,TKT005698,AGT008,2026-02-16,32
WL0006947,TKT005698,AGT009,2026-02-16,59
WL0006948,TKT005699,AGT005,2026-02-16,23
WL0006949,TKT005700,AGT009,2026-02-16,125
WL0006950,TKT005701,AGT008,2026-02-16,114
WL0006951,TKT005701,AGT010,2026-02-16,29
WL0006952,TKT005702,AGT002,2026-02-16,155
WL0006953,TKT005703,AGT013,2026-02-16,110
WL0006954,TKT005704,AGT004,2026-02-16,43
WL0006955,TKT005705,AGT014,2026-02-16,61
WL0006956,TKT005706,AGT009,2026-02-16,76
WL0006957,TKT005707,AGT013,2026-02-16,63
WL0006958,TKT005708,AGT005,2026-02-16,95
WL0006959,TKT005709,AGT004,2026-02-16,46
WL0006960,TKT005710,AGT005,2026-02-16,153
WL0006961,TKT005711,AGT014,2026-02-16,79
WL0006962,TKT005712,AGT015,2026-02-16,38
WL0006963,TKT005713,AGT016,2026-02-16,343
WL0006964,TKT005714,AGT001,2026-02-16,23
WL0006965,TKT005715,AGT014,2026-02-16,199
WL0006966,TKT005716,AGT004,2026-02-16,79
WL0006967,TKT005717,AGT002,2026-02-16,80
WL0006968,TKT005718,AGT014,2026-02-16,14
WL0006969,TKT005718,AGT016,2026-02-16,39
WL0006970,TKT005719,AGT001,2026-02-16,57
WL0006971,TKT005719,AGT005,2026-02-16,31
WL0006972,TKT005720,AGT018,2026-02-16,67
WL0006973,TKT005721,AGT010,2026-02-16,103
WL0006974,TKT005722,AGT002,2026-02-16,129
WL0006975,TKT005723,AGT009,2026-02-16,160
WL0006976,TKT005723,AGT010,2026-02-16,22
WL0006977,TKT005724,AGT004,2026-02-16,31
WL0006978,TKT005725,AGT018,2026-02-16,38
WL0006979,TKT005726,AGT010,2026-02-16,76
WL0006980,TKT005727,AGT014,2026-02-16,41
WL0006981,TKT005727,AGT017,2026-02-16,100
WL0006982,TKT005728,AGT005,2026-02-16,17
WL0006983,TKT005729,AGT018,2026-02-16,52
WL0006984,TKT005730,AGT013,2026-02-16,79
WL0006985,TKT005731,AGT017,2026-02-16,9
WL0006986,TKT005731,AGT018,2026-02-16,15
WL0006987,TKT005732,AGT015,2026-02-16,67
WL0006988,TKT005733,AGT010,2026-02-16,58
WL0006989,TKT005733,AGT012,2026-02-16,32
WL0006990,TKT005734,AGT015,2026-02-16,48
WL0006991,TKT005735,AGT004,2026-02-17,21
WL0006992,TKT005736,AGT014,2026-02-17,57
WL0006993,TKT005736,AGT018,2026-02-17,32
WL0006994,TKT005737,AGT018,2026-02-17,119
WL0006995,TKT005738,AGT017,2026-02-17,42
WL0006996,TKT005739,AGT004,2026-02-17,43
WL0006997,TKT005740,AGT001,2026-02-17,80
WL0006998,TKT005741,AGT007,2026-02-17,77
WL0006999,TKT005742,AGT015,2026-02-17,25
WL0007000,TKT005743,AGT001,2026-02-17,17
WL0007001,TKT005743,AGT002,2026-02-17,31
WL0007002,TKT005744,AGT009,2026-02-17,128
WL0007003,TKT005745,AGT002,2026-02-17,38
WL0007004,TKT005746,AGT008,2026-02-17,139
WL0007005,TKT005747,AGT005,2026-02-17,119
WL0007006,TKT005748,AGT015,2026-02-17,50
WL0007007,TKT005749,AGT014,2026-02-17,37
WL0007008,TKT005750,AGT015,2026-02-17,49
WL0007009,TKT005751,AGT017,2026-02-17,77
WL0007010,TKT005752,AGT004,2026-02-17,57
WL0007011,TKT005753,AGT011,2026-02-17,98
WL0007012,TKT005754,AGT010,2026-02-17,44
WL0007013,TKT005755,AGT018,2026-02-17,61
WL0007014,TKT005756,AGT002,2026-02-17,58
WL0007017,TKT005759,AGT008,2026-02-17,75
WL0007018,TKT005760,AGT002,2026-02-17,19
WL0007019,TKT005760,AGT004,2026-02-17,11
WL0007020,TKT005761,AGT004,2026-02-17,47
WL0007021,TKT005762,AGT001,2026-02-17,21
WL0007022,TKT005762,AGT004,2026-02-17,39
WL0007023,TKT005763,AGT001,2026-02-17,63
WL0007024,TKT005763,AGT004,2026-02-17,34
WL0007025,TKT005764,AGT002,2026-02-17,56
WL0007026,TKT005765,AGT002,2026-02-17,23
WL0007027,TKT005766,AGT001,2026-02-17,41
WL0007028,TKT005767,AGT014,2026-02-17,72
WL0007029,TKT005768,AGT015,2026-02-17,21
WL0007030,TKT005768,AGT017,2026-02-17,38
WL0007031,TKT005769,AGT002,2026-02-17,41
WL0007032,TKT005770,AGT004,2026-02-17,44
WL0007033,TKT005771,AGT016,2026-02-17,66
WL0007034,TKT005772,AGT007,2026-02-17,198
WL0007035,TKT005772,AGT012,2026-02-17,107
WL0007036,TKT005773,AGT014,2026-02-17,23
WL0007038,TKT005775,AGT011,2026-02-17,148
WL0007039,TKT005776,AGT001,2026-02-17,206
WL0007040,TKT005777,AGT014,2026-02-17,118
WL0007041,TKT005778,AGT017,2026-02-17,102
WL0007042,TKT005779,AGT008,2026-02-17,123
WL0007043,TKT005780,AGT014,2026-02-17,36
WL0007044,TKT005781,AGT015,2026-02-17,56
WL0007045,TKT005782,AGT014,2026-02-18,92
WL0007046,TKT005783,AGT017,2026-02-18,96
WL0007047,TKT005784,AGT018,2026-02-18,70
WL0007048,TKT005785,AGT016,2026-02-18,54
WL0007049,TKT005786,AGT009,2026-02-18,55
WL0007050,TKT005787,AGT014,2026-02-18,85
WL0007051,TKT005788,AGT014,2026-02-18,48
WL0007052,TKT005789,AGT003,2026-02-18,76
WL0007053,TKT005790,AGT012,2026-02-18,32
WL0007054,TKT005791,AGT014,2026-02-18,44
WL0007055,TKT005791,AGT015,2026-02-18,81
WL0007056,TKT005792,AGT004,2026-02-18,49
WL0007057,TKT005793,AGT011,2026-02-18,113
WL0007059,TKT005795,AGT008,2026-02-18,38
WL0007060,TKT005795,AGT010,2026-02-18,69
WL0007061,TKT005796,AGT005,2026-02-18,39
WL0007062,TKT005797,AGT003,2026-02-18,24
WL0007063,TKT005798,AGT010,2026-02-18,204
WL0007064,TKT005799,AGT015,2026-02-18,144
WL0007065,TKT005800,AGT014,2026-02-18,30
WL0007066,TKT005801,AGT009,2026-02-18,126
WL0007067,TKT005802,AGT017,2026-02-18,46
WL0007068,TKT005803,AGT011,2026-02-18,136
WL0007069,TKT005804,AGT004,2026-02-18,61
WL0007070,TKT005805,AGT011,2026-02-18,78
WL0007071,TKT005806,AGT011,2026-02-18,131
WL0007072,TKT005807,AGT004,2026-02-18,38
WL0007073,TKT005808,AGT012,2026-02-18,65
WL0007074,TKT005809,AGT004,2026-02-18,51
WL0007075,TKT005810,AGT003,2026-02-18,65
WL0007076,TKT005811,AGT003,2026-02-18,30
WL0007077,TKT005812,AGT005,2026-02-18,63
WL0007078,TKT005813,AGT018,2026-02-18,30
WL0007079,TKT005814,AGT015,2026-02-18,40
WL0007080,TKT005815,AGT003,2026-02-18,25
WL0007081,TKT005816,AGT010,2026-02-18,107
WL0007082,TKT005817,AGT007,2026-02-18,47
WL0007083,TKT005817,AGT011,2026-02-18,22
WL0007084,TKT005818,AGT014,2026-02-18,70
WL0007085,TKT005819,AGT016,2026-02-18,67
WL0007086,TKT005820,AGT010,2026-02-18,52
WL0007087,TKT005820,AGT012,2026-02-18,29
WL0007088,TKT005821,AGT003,2026-02-18,36
WL0007089,TKT005822,AGT016,2026-02-18,20
WL0007090,TKT005822,AGT018,2026-02-18,12
WL0007091,TKT005823,AGT012,2026-02-18,105
WL0007092,TKT005824,AGT015,2026-02-18,31
WL0007093,TKT005825,AGT003,2026-02-18,55
WL0007094,TKT005825,AGT005,2026-02-18,31
WL0007095,TKT005826,AGT003,2026-02-18,70
WL0007096,TKT005827,AGT017,2026-02-18,107
WL0007097,TKT005828,AGT015,2026-02-18,88
WL0007098,TKT005829,AGT015,2026-02-18,23
WL0007099,TKT005830,AGT014,2026-02-18,37
WL0007100,TKT005831,AGT017,2026-02-18,64
WL0007101,TKT005832,AGT014,2026-02-18,74
WL0007102,TKT005832,AGT016,2026-02-18,64
WL0007103,TKT005833,AGT008,2026-02-18,56
WL0007104,TKT005834,AGT005,2026-02-18,60
WL0007105,TKT005835,AGT016,2026-02-18,25
WL0007106,TKT005835,AGT017,2026-02-18,45
WL0007107,TKT005836,AGT013,2026-02-19,140
WL0007108,TKT005837,AGT004,2026-02-19,26
WL0007109,TKT005838,AGT007,2026-02-19,98
WL0007110,TKT005839,AGT009,2026-02-19,50
WL0007111,TKT005840,AGT007,2026-02-19,30
WL0007112,TKT005840,AGT010,2026-02-19,54
WL0007113,TKT005841,AGT009,2026-02-19,170
WL0007114,TKT005842,AGT004,2026-02-19,232
WL0007115,TKT005843,AGT014,2026-02-19,154
WL0007116,TKT005844,AGT002,2026-02-19,27
WL0007117,TKT005845,AGT007,2026-02-19,270
WL0007118,TKT005846,AGT010,2026-02-19,109
WL0007119,TKT005847,AGT009,2026-02-19,55
WL0007120,TKT005848,AGT017,2026-02-19,53
WL0007121,TKT005849,AGT004,2026-02-19,36
WL0007122,TKT005850,AGT009,2026-02-19,30
WL0007123,TKT005850,AGT011,2026-02-19,53
WL0007124,TKT005851,AGT009,2026-02-19,23
WL0007125,TKT005851,AGT011,2026-02-19,41
WL0007126,TKT005852,AGT012,2026-02-19,66
WL0007127,TKT005853,AGT009,2026-02-19,80
WL0007128,TKT005854,AGT018,2026-02-19,24
WL0007129,TKT005855,AGT013,2026-02-19,13
WL0007130,TKT005856,AGT017,2026-02-19,36
WL0007131,TKT005857,AGT015,2026-02-19,93
WL0007132,TKT005858,AGT018,2026-02-19,39
WL0007133,TKT005859,AGT011,2026-02-19,163
WL0007134,TKT005860,AGT014,2026-02-19,73
WL0007135,TKT005861,AGT015,2026-02-19,39
WL0007136,TKT005862,AGT018,2026-02-19,37
WL0007137,TKT005863,AGT003,2026-02-19,58
WL0007138,TKT005864,AGT015,2026-02-19,21
WL0007139,TKT005864,AGT018,2026-02-19,38
WL0007140,TKT005865,AGT004,2026-02-19,36
WL0007141,TKT005866,AGT007,2026-02-19,68
WL0007142,TKT005867,AGT013,2026-02-19,56
WL0007143,TKT005867,AGT017,2026-02-19,104
WL0007144,TKT005868,AGT004,2026-02-19,25
WL0007145,TKT005868,AGT005,2026-02-19,45
WL0007146,TKT005869,AGT004,2026-02-19,29
WL0007147,TKT005870,AGT005,2026-02-19,49
WL0007148,TKT005871,AGT001,2026-02-19,190
WL0007149,TKT005872,AGT014,2026-02-19,39
WL0007150,TKT005873,AGT014,2026-02-19,40
WL0007151,TKT005873,AGT017,2026-02-19,72
WL0007152,TKT005874,AGT001,2026-02-19,57
WL0007153,TKT005875,AGT011,2026-02-19,58
WL0007154,TKT005876,AGT015,2026-02-19,32
WL0007155,TKT005877,AGT018,2026-02-19,80
WL0007157,TKT005879,AGT005,2026-02-19,75
WL0007158,TKT005880,AGT017,2026-02-19,142
WL0007159,TKT005881,AGT014,2026-02-19,49
WL0007160,TKT005881,AGT016,2026-02-19,90
WL0007161,TKT005882,AGT013,2026-02-19,100
WL0007162,TKT005882,AGT016,2026-02-19,55
WL0007163,TKT005883,AGT015,2026-02-19,23
WL0007164,TKT005883,AGT017,2026-02-19,40
WL0007165,TKT005884,AGT017,2026-02-19,33
WL0007166,TKT005884,AGT018,2026-02-19,17
WL0007167,TKT005885,AGT007,2026-02-19,14
WL0007168,TKT005885,AGT012,2026-02-19,76
WL0007170,TKT005887,AGT007,2026-02-20,33
WL0007171,TKT005887,AGT011,2026-02-20,61
WL0007172,TKT005888,AGT013,2026-02-20,97
WL0007175,TKT005890,AGT013,2026-02-20,16
WL0007176,TKT005890,AGT015,2026-02-20,28
WL0007178,TKT005892,AGT016,2026-02-20,87
WL0007179,TKT005893,AGT007,2026-02-20,77
WL0007180,TKT005894,AGT004,2026-02-20,59
WL0007182,TKT005896,AGT009,2026-02-20,146
WL0007183,TKT005897,AGT007,2026-02-20,205
WL0007184,TKT005898,AGT007,2026-02-20,66
WL0007185,TKT005899,AGT010,2026-02-20,110
WL0007186,TKT005900,AGT004,2026-02-20,32
WL0007188,TKT005902,AGT009,2026-02-20,151
WL0007189,TKT005903,AGT015,2026-02-20,83
WL0007190,TKT005904,AGT018,2026-02-20,90
WL0007192,TKT005906,AGT010,2026-02-20,75
WL0007193,TKT005907,AGT001,2026-02-20,29
WL0007194,TKT005908,AGT004,2026-02-20,38
WL0007195,TKT005909,AGT017,2026-02-20,37
WL0007196,TKT005910,AGT017,2026-02-20,92
WL0007197,TKT005911,AGT018,2026-02-20,122
WL0007198,TKT005912,AGT004,2026-02-20,66
WL0007199,TKT005913,AGT007,2026-02-20,39
WL0007200,TKT005913,AGT011,2026-02-20,70
WL0007201,TKT005914,AGT015,2026-02-20,8
WL0007202,TKT005914,AGT018,2026-02-20,13
WL0007203,TKT005915,AGT013,2026-02-20,24
WL0007204,TKT005915,AGT015,2026-02-20,44
WL0007205,TKT005916,AGT012,2026-02-20,159
WL0007206,TKT005917,AGT009,2026-02-20,79
WL0007207,TKT005918,AGT012,2026-02-20,120
WL0007208,TKT005919,AGT002,2026-02-21,51
WL0007209,TKT005920,AGT018,2026-02-21,72
WL0007210,TKT005921,AGT014,2026-02-21,78
WL0007211,TKT005922,AGT007,2026-02-21,86
WL0007212,TKT005923,AGT001,2026-02-21,142
WL0007213,TKT005924,AGT017,2026-02-21,29
WL0007214,TKT005925,AGT001,2026-02-21,43
WL0007215,TKT005926,AGT001,2026-02-21,223
WL0007216,TKT005927,AGT010,2026-02-21,45
WL0007217,TKT005928,AGT002,2026-02-21,44
WL0007218,TKT005929,AGT018,2026-02-21,24
WL0007219,TKT005930,AGT010,2026-02-21,70
WL0007220,TKT005931,AGT010,2026-02-21,58
WL0007221,TKT005931,AGT012,2026-02-21,32
WL0007222,TKT005932,AGT012,2026-02-21,328
WL0007223,TKT005933,AGT001,2026-02-21,42
WL0007224,TKT005933,AGT002,2026-02-21,87
WL0007225,TKT005934,AGT007,2026-02-21,1
WL0007226,TKT005934,AGT012,2026-02-21,120
WL0007227,TKT005935,AGT002,2026-02-21,46
WL0007228,TKT005936,AGT013,2026-02-21,52
WL0007229,TKT005937,AGT002,2026-02-21,64
WL0007230,TKT005938,AGT007,2026-02-21,85
WL0007231,TKT005938,AGT010,2026-02-21,47
WL0007232,TKT005939,AGT014,2026-02-21,29
WL0007233,TKT005940,AGT017,2026-02-21,25
WL0007234,TKT005941,AGT002,2026-02-21,120
WL0007235,TKT005942,AGT007,2026-02-21,97
WL0007236,TKT005943,AGT002,2026-02-21,44
WL0007237,TKT005944,AGT018,2026-02-21,65
WL0007238,TKT005945,AGT018,2026-02-21,51
WL0007239,TKT005946,AGT002,2026-02-21,24
WL0007240,TKT005946,AGT013,2026-02-21,78
WL0007241,TKT005947,AGT014,2026-02-21,37
WL0007242,TKT005948,AGT014,2026-02-21,38
WL0007243,TKT005949,AGT010,2026-02-21,42
WL0007244,TKT005949,AGT017,2026-02-21,76
WL0007245,TKT005950,AGT017,2026-02-21,72
WL0007246,TKT005950,AGT018,2026-02-21,40
WL0007247,TKT005951,AGT008,2026-02-21,12
WL0007248,TKT005951,AGT010,2026-02-21,218
WL0007249,TKT005952,AGT010,2026-02-22,82
WL0007250,TKT005953,AGT011,2026-02-22,56
WL0007251,TKT005953,AGT012,2026-02-22,103
WL0007252,TKT005954,AGT012,2026-02-22,128
WL0007253,TKT005955,AGT014,2026-02-22,37
WL0007254,TKT005956,AGT014,2026-02-22,46
WL0007255,TKT005957,AGT018,2026-02-22,99
WL0007256,TKT005958,AGT012,2026-02-22,180
WL0007257,TKT005959,AGT014,2026-02-22,23
WL0007258,TKT005959,AGT018,2026-02-22,40
WL0007259,TKT005960,AGT013,2026-02-22,61
WL0007260,TKT005960,AGT017,2026-02-22,33
WL0007261,TKT005961,AGT003,2026-02-22,73
WL0007262,TKT005962,AGT011,2026-02-22,140
WL0007263,TKT005962,AGT012,2026-02-22,69
WL0007264,TKT005963,AGT018,2026-02-22,76
WL0007265,TKT005964,AGT013,2026-02-22,129
WL0007266,TKT005964,AGT014,2026-02-22,70
WL0007267,TKT005965,AGT010,2026-02-22,197
WL0007268,TKT005966,AGT010,2026-02-22,121
WL0007269,TKT005967,AGT001,2026-02-22,35
WL0007270,TKT005968,AGT007,2026-02-22,68
WL0007271,TKT005969,AGT010,2026-02-22,50
WL0007272,TKT005970,AGT013,2026-02-22,12
WL0007273,TKT005970,AGT014,2026-02-22,22
WL0007274,TKT005971,AGT013,2026-02-22,52
WL0007275,TKT005972,AGT018,2026-02-22,58
WL0007276,TKT005973,AGT001,2026-02-23,78
WL0007277,TKT005974,AGT009,2026-02-23,67
WL0007278,TKT005975,AGT005,2026-02-23,117
WL0007279,TKT005976,AGT017,2026-02-23,40
WL0007280,TKT005976,AGT018,2026-02-23,73
WL0007281,TKT005977,AGT017,2026-02-23,89
WL0007283,TKT005979,AGT015,2026-02-23,24
WL0007284,TKT005980,AGT008,2026-02-23,67
WL0007285,TKT005981,AGT013,2026-02-23,26
WL0007286,TKT005982,AGT013,2026-02-23,71
WL0007287,TKT005983,AGT008,2026-02-23,99
WL0007288,TKT005983,AGT010,2026-02-23,54
WL0007289,TKT005984,AGT002,2026-02-23,105
WL0007290,TKT005985,AGT010,2026-02-23,80
WL0007291,TKT005986,AGT010,2026-02-23,105
WL0007292,TKT005987,AGT009,2026-02-23,93
WL0007293,TKT005988,AGT015,2026-02-23,57
WL0007294,TKT005989,AGT010,2026-02-23,72
WL0007295,TKT005989,AGT012,2026-02-23,131
WL0007296,TKT005990,AGT002,2026-02-23,98
WL0007297,TKT005991,AGT001,2026-02-23,20
WL0007298,TKT005991,AGT002,2026-02-23,37
WL0007299,TKT005992,AGT014,2026-02-23,30
WL0007300,TKT005992,AGT015,2026-02-23,54
WL0007301,TKT005993,AGT013,2026-02-23,43
WL0007302,TKT005994,AGT001,2026-02-23,40
WL0007303,TKT005995,AGT010,2026-02-23,59
WL0007304,TKT005995,AGT012,2026-02-23,33
WL0007305,TKT005996,AGT012,2026-02-23,57
WL0007306,TKT005997,AGT014,2026-02-23,220
WL0007307,TKT005998,AGT016,2026-02-23,37
WL0007308,TKT005998,AGT017,2026-02-23,66
WL0007309,TKT005999,AGT013,2026-02-23,36
WL0007311,TKT006001,AGT010,2026-02-23,45
WL0007312,TKT006002,AGT017,2026-02-23,62
WL0007313,TKT006003,AGT003,2026-02-23,53
WL0007314,TKT006004,AGT001,2026-02-23,10
WL0007315,TKT006004,AGT002,2026-02-23,16
WL0007316,TKT006005,AGT009,2026-02-23,2
WL0007317,TKT006005,AGT010,2026-02-23,65
WL0007318,TKT006006,AGT016,2026-02-23,130
WL0007319,TKT006006,AGT017,2026-02-23,71
WL0007320,TKT006007,AGT001,2026-02-23,73
WL0007321,TKT006008,AGT015,2026-02-23,71
WL0007322,TKT006009,AGT002,2026-02-23,38
WL0007323,TKT006010,AGT018,2026-02-23,175
WL0007324,TKT006011,AGT002,2026-02-23,82
WL0007325,TKT006012,AGT013,2026-02-23,28
WL0007326,TKT006013,AGT017,2026-02-23,67
WL0007327,TKT006014,AGT004,2026-02-23,65
WL0007328,TKT006015,AGT018,2026-02-23,30
WL0007329,TKT006016,AGT008,2026-02-23,185
WL0007330,TKT006016,AGT012,2026-02-23,74
WL0007331,TKT006017,AGT012,2026-02-23,85
WL0007332,TKT006018,AGT001,2026-02-23,121
WL0007333,TKT006019,AGT009,2026-02-23,55
WL0007334,TKT006020,AGT001,2026-02-23,41
WL0007335,TKT006021,AGT017,2026-02-23,66
WL0007336,TKT006022,AGT001,2026-02-23,42
WL0007337,TKT006023,AGT014,2026-02-23,6
WL0007338,TKT006023,AGT017,2026-02-23,19
WL0007339,TKT006023,AGT018,2026-02-23,44
WL0007340,TKT006024,AGT003,2026-02-24,89
WL0007341,TKT006025,AGT010,2026-02-24,88
WL0007342,TKT006026,AGT010,2026-02-24,42
WL0007343,TKT006026,AGT012,2026-02-24,77
WL0007344,TKT006027,AGT013,2026-02-24,56
WL0007345,TKT006028,AGT015,2026-02-24,43
WL0007346,TKT006029,AGT016,2026-02-24,59
WL0007347,TKT006030,AGT012,2026-02-24,58
WL0007348,TKT006031,AGT018,2026-02-24,30
WL0007349,TKT006032,AGT012,2026-02-24,131
WL0007350,TKT006033,AGT001,2026-02-24,63
WL0007351,TKT006034,AGT001,2026-02-24,39
WL0007352,TKT006035,AGT015,2026-02-24,46
WL0007353,TKT006036,AGT012,2026-02-24,141
WL0007354,TKT006037,AGT003,2026-02-24,39
WL0007355,TKT006038,AGT007,2026-02-24,79
WL0007356,TKT006039,AGT010,2026-02-24,85
WL0007357,TKT006040,AGT018,2026-02-24,73
WL0007358,TKT006041,AGT001,2026-02-24,13
WL0007359,TKT006041,AGT003,2026-02-24,22
WL0007360,TKT006042,AGT005,2026-02-24,58
WL0007361,TKT006043,AGT013,2026-02-24,23
WL0007362,TKT006043,AGT015,2026-02-24,41
WL0007363,TKT006044,AGT013,2026-02-24,106
WL0007364,TKT006045,AGT015,2026-02-24,28
WL0007365,TKT006045,AGT018,2026-02-24,51
WL0007366,TKT006046,AGT003,2026-02-24,38
WL0007367,TKT006047,AGT010,2026-02-24,123
WL0007368,TKT006048,AGT015,2026-02-24,51
WL0007369,TKT006049,AGT013,2026-02-24,155
WL0007370,TKT006050,AGT007,2026-02-24,36
WL0007371,TKT006050,AGT010,2026-02-24,142
WL0007372,TKT006050,AGT012,2026-02-24,73
WL0007373,TKT006051,AGT015,2026-02-24,46
WL0007374,TKT006052,AGT005,2026-02-24,71
WL0007375,TKT006053,AGT016,2026-02-24,25
WL0007376,TKT006054,AGT001,2026-02-24,113
WL0007377,TKT006055,AGT018,2026-02-24,28
WL0007378,TKT006056,AGT011,2026-02-24,102
WL0007379,TKT006057,AGT003,2026-02-24,113
WL0007380,TKT006058,AGT015,2026-02-24,70
WL0007381,TKT006059,AGT018,2026-02-24,34
WL0007382,TKT006060,AGT018,2026-02-24,26
WL0007383,TKT006061,AGT013,2026-02-24,88
WL0007384,TKT006062,AGT007,2026-02-24,137
WL0007385,TKT006063,AGT011,2026-02-24,135
WL0007386,TKT006064,AGT011,2026-02-25,180
WL0007387,TKT006065,AGT015,2026-02-25,33
WL0007388,TKT006065,AGT018,2026-02-25,19
WL0007389,TKT006066,AGT014,2026-02-25,107
WL0007390,TKT006067,AGT017,2026-02-25,18
WL0007391,TKT006067,AGT018,2026-02-25,10
WL0007392,TKT006068,AGT014,2026-02-25,86
WL0007393,TKT006069,AGT015,2026-02-25,35
WL0007394,TKT006070,AGT018,2026-02-25,54
WL0007395,TKT006071,AGT010,2026-02-25,122
WL0007396,TKT006072,AGT008,2026-02-25,27
WL0007397,TKT006073,AGT008,2026-02-25,78
WL0007398,TKT006074,AGT009,2026-02-25,275
WL0007399,TKT006075,AGT008,2026-02-25,117
WL0007400,TKT006076,AGT002,2026-02-25,11
WL0007401,TKT006076,AGT004,2026-02-25,20
WL0007402,TKT006077,AGT013,2026-02-25,24
WL0007403,TKT006078,AGT002,2026-02-25,19
WL0007404,TKT006078,AGT004,2026-02-25,35
WL0007405,TKT006079,AGT013,2026-02-25,44
WL0007406,TKT006080,AGT004,2026-02-25,53
WL0007407,TKT006081,AGT009,2026-02-25,93
WL0007408,TKT006081,AGT011,2026-02-25,51
WL0007409,TKT006082,AGT015,2026-02-25,72
WL0007411,TKT006084,AGT014,2026-02-25,85
WL0007412,TKT006085,AGT011,2026-02-25,72
WL0007413,TKT006086,AGT004,2026-02-25,41
WL0007414,TKT006087,AGT011,2026-02-25,58
WL0007415,TKT006088,AGT012,2026-02-25,210
WL0007416,TKT006089,AGT014,2026-02-25,73
WL0007417,TKT006090,AGT002,2026-02-25,26
WL0007418,TKT006091,AGT009,2026-02-25,112
WL0007419,TKT006091,AGT011,2026-02-25,38
WL0007420,TKT006092,AGT002,2026-02-25,38
WL0007421,TKT006093,AGT015,2026-02-25,49
WL0007422,TKT006094,AGT014,2026-02-25,21
WL0007423,TKT006094,AGT016,2026-02-25,38
WL0007424,TKT006095,AGT008,2026-02-25,84
WL0007425,TKT006096,AGT004,2026-02-25,83
WL0007426,TKT006097,AGT002,2026-02-25,58
WL0007427,TKT006098,AGT002,2026-02-25,62
WL0007428,TKT006099,AGT002,2026-02-25,128
WL0007429,TKT006100,AGT014,2026-02-25,73
WL0007430,TKT006101,AGT004,2026-02-25,127
WL0007431,TKT006102,AGT002,2026-02-25,101
WL0007432,TKT006103,AGT004,2026-02-25,51
WL0007433,TKT006104,AGT016,2026-02-25,89
WL0007434,TKT006105,AGT017,2026-02-25,54
WL0007435,TKT006106,AGT018,2026-02-25,115
WL0007437,TKT006108,AGT002,2026-02-25,37
WL0007438,TKT006108,AGT004,2026-02-25,70
WL0007439,TKT006108,AGT015,2026-02-25,44
WL0007440,TKT006109,AGT008,2026-02-25,52
WL0007441,TKT006110,AGT017,2026-02-25,48
WL0007442,TKT006111,AGT015,2026-02-25,49
WL0007443,TKT006112,AGT010,2026-02-25,32
WL0007444,TKT006113,AGT014,2026-02-25,35
WL0007445,TKT006113,AGT016,2026-02-25,121
WL0007447,TKT006115,AGT013,2026-02-25,86
WL0007448,TKT006116,AGT018,2026-02-25,115
WL0007449,TKT006117,AGT016,2026-02-25,63
WL0007450,TKT006118,AGT008,2026-02-25,3
WL0007451,TKT006118,AGT010,2026-02-25,70
WL0007452,TKT006119,AGT018,2026-02-25,22
WL0007453,TKT006120,AGT008,2026-02-25,79
WL0007454,TKT006121,AGT011,2026-02-25,62
WL0007455,TKT006122,AGT008,2026-02-25,40
WL0007456,TKT006122,AGT011,2026-02-25,19
WL0007457,TKT006122,AGT012,2026-02-25,150
WL0007458,TKT006123,AGT017,2026-02-25,71
WL0007459,TKT006124,AGT013,2026-02-25,76
WL0007460,TKT006125,AGT015,2026-02-25,37
WL0007461,TKT006126,AGT018,2026-02-25,65
WL0007462,TKT006127,AGT012,2026-02-25,104
WL0007463,TKT006128,AGT016,2026-02-26,87
WL0007464,TKT006128,AGT018,2026-02-26,48
WL0007465,TKT006129,AGT005,2026-02-26,36
WL0007466,TKT006130,AGT014,2026-02-26,118
WL0007467,TKT006131,AGT016,2026-02-26,56
WL0007468,TKT006132,AGT008,2026-02-26,29
WL0007469,TKT006133,AGT016,2026-02-26,50
WL0007470,TKT006134,AGT009,2026-02-26,71
WL0007471,TKT006135,AGT009,2026-02-26,112
WL0007472,TKT006136,AGT004,2026-02-26,31
WL0007473,TKT006137,AGT004,2026-02-26,61
WL0007474,TKT006138,AGT004,2026-02-26,44
WL0007475,TKT006138,AGT005,2026-02-26,80
WL0007476,TKT006139,AGT004,2026-02-26,80
WL0007477,TKT006140,AGT016,2026-02-26,63
WL0007478,TKT006141,AGT014,2026-02-26,76
WL0007479,TKT006142,AGT002,2026-02-26,62
WL0007480,TKT006143,AGT005,2026-02-26,90
WL0007481,TKT006144,AGT008,2026-02-26,133
WL0007482,TKT006145,AGT007,2026-02-26,33
WL0007483,TKT006145,AGT011,2026-02-26,19
WL0007484,TKT006146,AGT018,2026-02-26,90
WL0007485,TKT006147,AGT016,2026-02-26,57
WL0007486,TKT006147,AGT017,2026-02-26,31
WL0007487,TKT006148,AGT016,2026-02-26,66
WL0007488,TKT006149,AGT014,2026-02-26,74
WL0007489,TKT006150,AGT018,2026-02-26,88
WL0007490,TKT006151,AGT008,2026-02-26,85
WL0007491,TKT006152,AGT007,2026-02-26,73
WL0007492,TKT006153,AGT002,2026-02-26,26
WL0007493,TKT006154,AGT005,2026-02-26,23
WL0007494,TKT006155,AGT011,2026-02-26,179
WL0007495,TKT006156,AGT007,2026-02-26,119
WL0007496,TKT006157,AGT007,2026-02-26,133
WL0007497,TKT006158,AGT016,2026-02-26,75
WL0007498,TKT006159,AGT018,2026-02-26,123
WL0007499,TKT006160,AGT014,2026-02-26,63
WL0007500,TKT006161,AGT007,2026-02-26,33
WL0007501,TKT006161,AGT008,2026-02-26,59
WL0007502,TKT006162,AGT007,2026-02-26,21
WL0007503,TKT006162,AGT011,2026-02-26,38
WL0007504,TKT006163,AGT014,2026-02-26,93
WL0007505,TKT006163,AGT016,2026-02-26,26
WL0007506,TKT006164,AGT004,2026-02-26,149
WL0007507,TKT006165,AGT017,2026-02-26,37
WL0007508,TKT006166,AGT014,2026-02-26,24
WL0007509,TKT006166,AGT018,2026-02-26,14
WL0007510,TKT006167,AGT014,2026-02-26,32
WL0007511,TKT006167,AGT018,2026-02-26,22
WL0007512,TKT006168,AGT017,2026-02-26,23
WL0007513,TKT006168,AGT018,2026-02-26,41
WL0007514,TKT006169,AGT009,2026-02-26,101
WL0007515,TKT006170,AGT017,2026-02-26,38
WL0007516,TKT006171,AGT005,2026-02-26,21
WL0007517,TKT006172,AGT009,2026-02-26,98
WL0007518,TKT006173,AGT015,2026-02-27,31
WL0007519,TKT006174,AGT008,2026-02-27,145
WL0007520,TKT006175,AGT009,2026-02-27,47
WL0007521,TKT006176,AGT017,2026-02-27,28
WL0007522,TKT006177,AGT005,2026-02-27,43
WL0007523,TKT006178,AGT009,2026-02-27,69
WL0007524,TKT006179,AGT007,2026-02-27,30
WL0007525,TKT006179,AGT012,2026-02-27,17
WL0007526,TKT006180,AGT003,2026-02-27,47
WL0007527,TKT006181,AGT013,2026-02-27,54
WL0007528,TKT006182,AGT008,2026-02-27,37
WL0007529,TKT006182,AGT011,2026-02-27,21
WL0007530,TKT006183,AGT012,2026-02-27,58
WL0007531,TKT006184,AGT014,2026-02-27,88
WL0007532,TKT006185,AGT003,2026-02-27,65
WL0007533,TKT006186,AGT012,2026-02-27,142
WL0007534,TKT006187,AGT002,2026-02-27,87
WL0007535,TKT006188,AGT002,2026-02-27,44
WL0007536,TKT006189,AGT012,2026-02-27,125
WL0007537,TKT006190,AGT018,2026-02-27,72
WL0007538,TKT006191,AGT011,2026-02-27,141
WL0007539,TKT006192,AGT016,2026-02-27,40
WL0007540,TKT006193,AGT001,2026-02-28,62
WL0007541,TKT006194,AGT001,2026-02-28,91
WL0007542,TKT006195,AGT014,2026-02-28,111
WL0007543,TKT006196,AGT003,2026-02-28,98
WL0007544,TKT006197,AGT015,2026-02-28,118
WL0007545,TKT006198,AGT008,2026-02-28,66
WL0007546,TKT006199,AGT015,2026-02-28,44
WL0007547,TKT006200,AGT001,2026-02-28,28
WL0007548,TKT006201,AGT014,2026-02-28,42
WL0007549,TKT006201,AGT015,2026-02-28,78
WL0007550,TKT006202,AGT018,2026-02-28,112
WL0007551,TKT006203,AGT014,2026-02-28,68
WL0007552,TKT006204,AGT007,2026-02-28,99
WL0007553,TKT006205,AGT001,2026-02-28,23
WL0007554,TKT006206,AGT010,2026-02-28,113
WL0007555,TKT006207,AGT015,2026-02-28,49
WL0007556,TKT006208,AGT008,2026-02-28,237
WL0007557,TKT006209,AGT010,2026-02-28,73
WL0007558,TKT006210,AGT003,2026-02-28,132
WL0007559,TKT006211,AGT015,2026-02-28,85
WL0007560,TKT006212,AGT007,2026-02-28,130
WL0007561,TKT006213,AGT013,2026-02-28,17
WL0007562,TKT006213,AGT018,2026-02-28,30
WL0007563,TKT006214,AGT015,2026-02-28,66
WL0007564,TKT006215,AGT015,2026-02-28,17
WL0007565,TKT006216,AGT017,2026-03-01,34
WL0007566,TKT006217,AGT017,2026-03-01,52
WL0007567,TKT006218,AGT003,2026-03-01,27
WL0007568,TKT006219,AGT009,2026-03-01,111
WL0007569,TKT006220,AGT003,2026-03-01,79
WL0007570,TKT006221,AGT003,2026-03-01,101
WL0007571,TKT006222,AGT009,2026-03-01,53
WL0007572,TKT006222,AGT010,2026-03-01,29
WL0007573,TKT006223,AGT012,2026-03-01,308
WL0007574,TKT006224,AGT008,2026-03-01,55
WL0007575,TKT006225,AGT008,2026-03-01,146
WL0007576,TKT006226,AGT009,2026-03-01,53
WL0007577,TKT006227,AGT017,2026-03-01,21
WL0007578,TKT006227,AGT018,2026-03-01,37
WL0007579,TKT006228,AGT015,2026-03-01,46
WL0007580,TKT006228,AGT017,2026-03-01,83
WL0007581,TKT006229,AGT014,2026-03-01,88
WL0007582,TKT006230,AGT010,2026-03-01,29
WL0007583,TKT006231,AGT014,2026-03-01,75
WL0007584,TKT006232,AGT017,2026-03-01,133
WL0007585,TKT006233,AGT012,2026-03-01,94
WL0007586,TKT006234,AGT001,2026-03-01,38
WL0007587,TKT006234,AGT003,2026-03-01,70
WL0007588,TKT006235,AGT001,2026-03-01,32
WL0007589,TKT006235,AGT003,2026-03-01,59
WL0007590,TKT006236,AGT003,2026-03-01,34
WL0007591,TKT006237,AGT003,2026-03-01,36
WL0007592,TKT006238,AGT001,2026-03-01,61
WL0007593,TKT006238,AGT003,2026-03-01,74
WL0007594,TKT006239,AGT018,2026-03-01,164
WL0007595,TKT006240,AGT001,2026-03-01,27
WL0007596,TKT006241,AGT018,2026-03-01,53
WL0007597,TKT006242,AGT009,2026-03-02,39
WL0007598,TKT006243,AGT012,2026-03-02,130
WL0007599,TKT006244,AGT015,2026-03-02,58
WL0007600,TKT006245,AGT001,2026-03-02,31
WL0007601,TKT006246,AGT009,2026-03-02,75
WL0007602,TKT006247,AGT011,2026-03-02,140
WL0007603,TKT006248,AGT004,2026-03-02,42
WL0007604,TKT006249,AGT017,2026-03-02,21
WL0007605,TKT006250,AGT007,2026-03-02,106
WL0007606,TKT006251,AGT004,2026-03-02,40
WL0007607,TKT006252,AGT005,2026-03-02,94
WL0007608,TKT006253,AGT012,2026-03-02,129
WL0007609,TKT006254,AGT011,2026-03-02,46
WL0007610,TKT006255,AGT001,2026-03-02,74
WL0007611,TKT006256,AGT001,2026-03-02,77
WL0007612,TKT006257,AGT012,2026-03-02,60
WL0007613,TKT006258,AGT010,2026-03-02,55
WL0007614,TKT006258,AGT012,2026-03-02,30
WL0007615,TKT006259,AGT010,2026-03-02,264
WL0007616,TKT006260,AGT007,2026-03-02,36
WL0007617,TKT006261,AGT014,2026-03-02,44
WL0007618,TKT006261,AGT017,2026-03-02,24
WL0007619,TKT006262,AGT011,2026-03-02,37
WL0007620,TKT006262,AGT012,2026-03-02,68
WL0007621,TKT006263,AGT008,2026-03-02,150
WL0007622,TKT006264,AGT017,2026-03-02,76
WL0007623,TKT006265,AGT011,2026-03-02,44
WL0007624,TKT006266,AGT004,2026-03-02,40
WL0007625,TKT006267,AGT008,2026-03-02,86
WL0007626,TKT006268,AGT007,2026-03-02,31
WL0007627,TKT006269,AGT015,2026-03-02,34
WL0007628,TKT006270,AGT002,2026-03-02,25
WL0007629,TKT006271,AGT007,2026-03-02,70
WL0007630,TKT006271,AGT011,2026-03-02,39
WL0007631,TKT006272,AGT014,2026-03-02,41
WL0007632,TKT006273,AGT015,2026-03-02,103
WL0007633,TKT006274,AGT013,2026-03-02,31
WL0007634,TKT006275,AGT014,2026-03-02,35
WL0007635,TKT006275,AGT017,2026-03-02,64
WL0007636,TKT006276,AGT008,2026-03-02,97
WL0007637,TKT006277,AGT013,2026-03-02,73
WL0007638,TKT006278,AGT007,2026-03-02,42
WL0007639,TKT006279,AGT005,2026-03-02,66
WL0007640,TKT006280,AGT010,2026-03-02,161
WL0007641,TKT006280,AGT011,2026-03-02,1
WL0007642,TKT006281,AGT013,2026-03-02,85
WL0007643,TKT006282,AGT015,2026-03-02,69
WL0007644,TKT006283,AGT005,2026-03-02,28
WL0007645,TKT006284,AGT008,2026-03-02,104
WL0007646,TKT006285,AGT003,2026-03-02,49
WL0007648,TKT006287,AGT011,2026-03-02,56
WL0007649,TKT006288,AGT001,2026-03-02,58
WL0007650,TKT006289,AGT005,2026-03-02,32
WL0007651,TKT006290,AGT004,2026-03-02,19
WL0007652,TKT006290,AGT005,2026-03-02,34
WL0007653,TKT006291,AGT013,2026-03-02,135
WL0007654,TKT006292,AGT018,2026-03-02,217
WL0007655,TKT006293,AGT014,2026-03-02,42
WL0007656,TKT006294,AGT001,2026-03-02,32
WL0007657,TKT006295,AGT017,2026-03-02,53
WL0007658,TKT006296,AGT015,2026-03-02,137
WL0007659,TKT006296,AGT016,2026-03-02,75
WL0007660,TKT006297,AGT002,2026-03-02,22
WL0007661,TKT006298,AGT003,2026-03-02,12
WL0007662,TKT006298,AGT005,2026-03-02,21
WL0007663,TKT006299,AGT001,2026-03-02,36
WL0007664,TKT006300,AGT005,2026-03-02,29
WL0007665,TKT006301,AGT014,2026-03-02,132
WL0007666,TKT006302,AGT001,2026-03-02,20
WL0007667,TKT006303,AGT005,2026-03-02,75
WL0007668,TKT006304,AGT002,2026-03-02,120
WL0007669,TKT006305,AGT015,2026-03-02,53
WL0007670,TKT006306,AGT007,2026-03-02,46
WL0007671,TKT006306,AGT011,2026-03-02,26
WL0007672,TKT006307,AGT014,2026-03-03,125
WL0007673,TKT006308,AGT017,2026-03-03,72
WL0007674,TKT006309,AGT001,2026-03-03,49
WL0007675,TKT006309,AGT003,2026-03-03,90
WL0007676,TKT006310,AGT005,2026-03-03,74
WL0007677,TKT006311,AGT003,2026-03-03,41
WL0007678,TKT006312,AGT008,2026-03-03,52
WL0007679,TKT006313,AGT002,2026-03-03,53
WL0007680,TKT006314,AGT003,2026-03-03,41
WL0007681,TKT006315,AGT014,2026-03-03,52
WL0007682,TKT006316,AGT016,2026-03-03,37
WL0007683,TKT006317,AGT013,2026-03-03,27
WL0007684,TKT006318,AGT008,2026-03-03,131
WL0007685,TKT006318,AGT011,2026-03-03,71
WL0007686,TKT006319,AGT013,2026-03-03,42
WL0007687,TKT006319,AGT014,2026-03-03,77
WL0007688,TKT006320,AGT013,2026-03-03,56
WL0007689,TKT006321,AGT013,2026-03-03,136
WL0007690,TKT006322,AGT017,2026-03-03,223
WL0007691,TKT006323,AGT010,2026-03-03,180
WL0007692,TKT006324,AGT008,2026-03-03,163
WL0007693,TKT006325,AGT003,2026-03-03,34
WL0007694,TKT006325,AGT005,2026-03-03,62
WL0007695,TKT006326,AGT009,2026-03-03,38
WL0007696,TKT006326,AGT012,2026-03-03,69
WL0007697,TKT006327,AGT011,2026-03-03,114
WL0007698,TKT006328,AGT010,2026-03-03,55
WL0007699,TKT006328,AGT012,2026-03-03,31
WL0007700,TKT006329,AGT016,2026-03-03,89
WL0007701,TKT006330,AGT018,2026-03-03,45
WL0007702,TKT006331,AGT013,2026-03-03,44
WL0007703,TKT006332,AGT001,2026-03-03,44
WL0007704,TKT006333,AGT007,2026-03-03,68
WL0007705,TKT006333,AGT008,2026-03-03,134
WL0007706,TKT006334,AGT010,2026-03-03,32
WL0007707,TKT006334,AGT011,2026-03-03,57
WL0007708,TKT006335,AGT010,2026-03-03,38
WL0007709,TKT006336,AGT010,2026-03-03,145
WL0007710,TKT006336,AGT012,2026-03-03,8
WL0007711,TKT006337,AGT003,2026-03-03,17
WL0007712,TKT006338,AGT003,2026-03-03,30
WL0007713,TKT006339,AGT011,2026-03-03,73
WL0007714,TKT006340,AGT018,2026-03-03,221
WL0007716,TKT006342,AGT016,2026-03-03,37
WL0007717,TKT006343,AGT005,2026-03-03,154
WL0007718,TKT006344,AGT001,2026-03-03,70
WL0007719,TKT006344,AGT003,2026-03-03,38
WL0007720,TKT006345,AGT011,2026-03-03,95
WL0007721,TKT006346,AGT007,2026-03-03,95
WL0007722,TKT006347,AGT009,2026-03-03,79
WL0007723,TKT006347,AGT011,2026-03-03,70
WL0007724,TKT006348,AGT002,2026-03-03,91
WL0007725,TKT006348,AGT003,2026-03-03,189
WL0007726,TKT006349,AGT016,2026-03-03,98
WL0007727,TKT006350,AGT015,2026-03-03,42
WL0007728,TKT006351,AGT002,2026-03-03,24
WL0007729,TKT006352,AGT001,2026-03-03,84
WL0007730,TKT006353,AGT005,2026-03-03,72
WL0007731,TKT006354,AGT001,2026-03-03,24
WL0007732,TKT006354,AGT005,2026-03-03,14
WL0007733,TKT006355,AGT012,2026-03-03,134
WL0007734,TKT006356,AGT018,2026-03-03,23
WL0007735,TKT006357,AGT001,2026-03-03,63
WL0007736,TKT006357,AGT002,2026-03-03,115
WL0007737,TKT006358,AGT010,2026-03-04,42
WL0007738,TKT006359,AGT004,2026-03-04,58
WL0007739,TKT006360,AGT017,2026-03-04,25
WL0007740,TKT006361,AGT015,2026-03-04,120
WL0007741,TKT006362,AGT016,2026-03-04,96
WL0007742,TKT006363,AGT016,2026-03-04,124
WL0007743,TKT006364,AGT010,2026-03-04,37
WL0007744,TKT006365,AGT004,2026-03-04,44
WL0007745,TKT006365,AGT005,2026-03-04,79
WL0007746,TKT006366,AGT008,2026-03-04,97
WL0007747,TKT006367,AGT009,2026-03-04,81
WL0007748,TKT006368,AGT001,2026-03-04,48
WL0007749,TKT006369,AGT009,2026-03-04,74
WL0007750,TKT006370,AGT004,2026-03-04,32
WL0007751,TKT006371,AGT001,2026-03-04,72
WL0007752,TKT006372,AGT017,2026-03-04,73
WL0007753,TKT006373,AGT004,2026-03-04,43
WL0007754,TKT006374,AGT013,2026-03-04,17
WL0007755,TKT006374,AGT015,2026-03-04,31
WL0007756,TKT006375,AGT017,2026-03-04,24
WL0007757,TKT006376,AGT009,2026-03-04,79
WL0007758,TKT006377,AGT008,2026-03-04,28
WL0007759,TKT006377,AGT011,2026-03-04,50
WL0007760,TKT006378,AGT005,2026-03-04,86
WL0007761,TKT006379,AGT010,2026-03-04,115
WL0007762,TKT006379,AGT011,2026-03-04,62
WL0007763,TKT006380,AGT016,2026-03-04,34
WL0007764,TKT006381,AGT004,2026-03-04,101
WL0007765,TKT006382,AGT015,2026-03-04,105
WL0007766,TKT006383,AGT011,2026-03-04,84
WL0007767,TKT006384,AGT009,2026-03-04,41
WL0007768,TKT006385,AGT005,2026-03-04,52
WL0007769,TKT006386,AGT008,2026-03-04,119
WL0007770,TKT006387,AGT001,2026-03-04,16
WL0007771,TKT006387,AGT004,2026-03-04,27
WL0007772,TKT006388,AGT016,2026-03-04,72
WL0007773,TKT006389,AGT015,2026-03-04,52
WL0007774,TKT006390,AGT013,2026-03-04,37
WL0007775,TKT006391,AGT009,2026-03-04,46
WL0007776,TKT006392,AGT017,2026-03-04,29
WL0007777,TKT006393,AGT016,2026-03-04,40
WL0007778,TKT006394,AGT008,2026-03-04,23
WL0007779,TKT006395,AGT005,2026-03-04,114
WL0007780,TKT006396,AGT001,2026-03-04,16
WL0007781,TKT006396,AGT005,2026-03-04,10
WL0007782,TKT006397,AGT018,2026-03-04,29
WL0007783,TKT006398,AGT015,2026-03-04,13
WL0007784,TKT006398,AGT018,2026-03-04,8
WL0007785,TKT006399,AGT011,2026-03-04,105
WL0007786,TKT006400,AGT013,2026-03-04,66
WL0007787,TKT006401,AGT008,2026-03-04,120
WL0007788,TKT006402,AGT007,2026-03-04,13
WL0007789,TKT006402,AGT008,2026-03-04,93
WL0007790,TKT006403,AGT004,2026-03-04,80
WL0007791,TKT006404,AGT018,2026-03-04,97
WL0007792,TKT006405,AGT007,2026-03-04,237
WL0007793,TKT006406,AGT015,2026-03-04,18
WL0007794,TKT006407,AGT015,2026-03-04,22
WL0007795,TKT006407,AGT016,2026-03-04,12
WL0007796,TKT006408,AGT017,2026-03-04,20
WL0007797,TKT006409,AGT007,2026-03-04,127
WL0007798,TKT006410,AGT015,2026-03-04,13
WL0007799,TKT006410,AGT016,2026-03-04,72
WL0007800,TKT006411,AGT003,2026-03-05,65
WL0007801,TKT006412,AGT009,2026-03-05,67
WL0007802,TKT006413,AGT003,2026-03-05,38
WL0007803,TKT006414,AGT014,2026-03-05,20
WL0007804,TKT006414,AGT015,2026-03-05,11
WL0007805,TKT006415,AGT003,2026-03-05,53
WL0007806,TKT006416,AGT012,2026-03-05,85
WL0007807,TKT006417,AGT014,2026-03-05,55
WL0007808,TKT006418,AGT010,2026-03-05,109
WL0007809,TKT006419,AGT003,2026-03-05,57
WL0007810,TKT006420,AGT001,2026-03-05,44
WL0007811,TKT006420,AGT003,2026-03-05,25
WL0007812,TKT006421,AGT018,2026-03-05,49
WL0007813,TKT006422,AGT010,2026-03-05,40
WL0007814,TKT006422,AGT011,2026-03-05,74
WL0007815,TKT006423,AGT017,2026-03-05,123
WL0007816,TKT006424,AGT002,2026-03-05,168
WL0007817,TKT006425,AGT003,2026-03-05,138
WL0007818,TKT006426,AGT010,2026-03-05,81
WL0007819,TKT006427,AGT001,2026-03-05,16
WL0007820,TKT006427,AGT005,2026-03-05,10
WL0007821,TKT006428,AGT015,2026-03-05,22
WL0007822,TKT006428,AGT017,2026-03-05,39
WL0007823,TKT006429,AGT007,2026-03-05,23
WL0007824,TKT006429,AGT009,2026-03-05,41
WL0007825,TKT006430,AGT003,2026-03-05,55
WL0007826,TKT006431,AGT011,2026-03-05,94
WL0007827,TKT006432,AGT014,2026-03-05,62
WL0007828,TKT006433,AGT010,2026-03-05,74
WL0007829,TKT006434,AGT016,2026-03-05,100
WL0007830,TKT006435,AGT015,2026-03-05,60
WL0007831,TKT006435,AGT017,2026-03-05,110
WL0007834,TKT006437,AGT005,2026-03-05,20
WL0007835,TKT006438,AGT012,2026-03-05,37
WL0007836,TKT006439,AGT014,2026-03-05,45
WL0007837,TKT006440,AGT014,2026-03-05,55
WL0007838,TKT006441,AGT012,2026-03-05,134
WL0007839,TKT006442,AGT015,2026-03-05,24
WL0007840,TKT006443,AGT018,2026-03-05,50
WL0007841,TKT006444,AGT017,2026-03-05,18
WL0007842,TKT006445,AGT002,2026-03-05,43
WL0007843,TKT006446,AGT007,2026-03-05,107
WL0007844,TKT006447,AGT005,2026-03-05,75
WL0007845,TKT006448,AGT005,2026-03-05,17
WL0007846,TKT006449,AGT010,2026-03-05,90
WL0007847,TKT006449,AGT011,2026-03-05,49
WL0007848,TKT006450,AGT016,2026-03-05,42
WL0007849,TKT006451,AGT010,2026-03-05,80
WL0007850,TKT006452,AGT011,2026-03-05,206
WL0007851,TKT006453,AGT012,2026-03-05,139
WL0007852,TKT006454,AGT018,2026-03-05,38
WL0007853,TKT006455,AGT009,2026-03-05,105
WL0007854,TKT006455,AGT011,2026-03-05,87
WL0007855,TKT006456,AGT009,2026-03-05,76
WL0007856,TKT006457,AGT016,2026-03-05,147
WL0007857,TKT006458,AGT017,2026-03-05,87
WL0007858,TKT006459,AGT015,2026-03-05,26
WL0007859,TKT006459,AGT018,2026-03-05,47
WL0007860,TKT006460,AGT002,2026-03-05,28
WL0007861,TKT006460,AGT005,2026-03-05,52
WL0007862,TKT006461,AGT014,2026-03-05,106
WL0007863,TKT006462,AGT014,2026-03-05,87
WL0007864,TKT006463,AGT007,2026-03-05,27
WL0007865,TKT006463,AGT010,2026-03-05,6
WL0007866,TKT006464,AGT007,2026-03-05,1
WL0007867,TKT006464,AGT012,2026-03-05,25
WL0007868,TKT006465,AGT005,2026-03-05,115
WL0007869,TKT006466,AGT005,2026-03-05,34
WL0007870,TKT006467,AGT015,2026-03-05,32
WL0007871,TKT006468,AGT016,2026-03-05,62
WL0007872,TKT006469,AGT013,2026-03-05,89
WL0007873,TKT006470,AGT002,2026-03-05,83
WL0007874,TKT006471,AGT014,2026-03-05,20
WL0007875,TKT006471,AGT016,2026-03-05,10
WL0007876,TKT006472,AGT018,2026-03-05,78
WL0007877,TKT006473,AGT017,2026-03-05,73
WL0007878,TKT006473,AGT018,2026-03-05,36
WL0007879,TKT006474,AGT009,2026-03-06,107
WL0007880,TKT006475,AGT009,2026-03-06,39
WL0007881,TKT006476,AGT017,2026-03-06,36
WL0007883,TKT006478,AGT014,2026-03-06,45
WL0007884,TKT006478,AGT017,2026-03-06,82
WL0007885,TKT006479,AGT002,2026-03-06,91
WL0007886,TKT006480,AGT005,2026-03-06,181
WL0007887,TKT006481,AGT009,2026-03-06,92
WL0007888,TKT006482,AGT017,2026-03-06,18
WL0007889,TKT006483,AGT003,2026-03-06,32
WL0007890,TKT006483,AGT005,2026-03-06,59
WL0007891,TKT006484,AGT017,2026-03-06,78
WL0007892,TKT006485,AGT016,2026-03-06,40
WL0007893,TKT006486,AGT002,2026-03-06,66
WL0007894,TKT006487,AGT002,2026-03-06,102
WL0007895,TKT006488,AGT005,2026-03-06,74
WL0007896,TKT006489,AGT016,2026-03-06,186
WL0007897,TKT006490,AGT015,2026-03-06,136
WL0007898,TKT006491,AGT008,2026-03-06,123
WL0007899,TKT006492,AGT008,2026-03-06,26
WL0007900,TKT006492,AGT009,2026-03-06,14
WL0007901,TKT006493,AGT017,2026-03-06,108
WL0007902,TKT006494,AGT002,2026-03-06,98
WL0007903,TKT006495,AGT002,2026-03-06,93
WL0007904,TKT006495,AGT003,2026-03-06,15
WL0007905,TKT006496,AGT003,2026-03-06,31
WL0007906,TKT006497,AGT010,2026-03-06,53
WL0007909,TKT006499,AGT014,2026-03-06,59
WL0007910,TKT006500,AGT003,2026-03-06,19
WL0007911,TKT006500,AGT005,2026-03-06,33
WL0007912,TKT006501,AGT012,2026-03-06,104
WL0007913,TKT006502,AGT010,2026-03-06,117
WL0007914,TKT006503,AGT009,2026-03-06,106
WL0007915,TKT006504,AGT014,2026-03-06,46
WL0007916,TKT006504,AGT016,2026-03-06,25
WL0007917,TKT006505,AGT007,2026-03-06,85
WL0007918,TKT006506,AGT016,2026-03-06,58
WL0007919,TKT006507,AGT007,2026-03-06,31
WL0007920,TKT006507,AGT008,2026-03-06,57
WL0007921,TKT006508,AGT014,2026-03-06,43
WL0007922,TKT006509,AGT015,2026-03-06,104
WL0007923,TKT006510,AGT017,2026-03-06,12
WL0007924,TKT006511,AGT015,2026-03-06,74
WL0007925,TKT006511,AGT017,2026-03-06,40
WL0007926,TKT006512,AGT008,2026-03-06,86
WL0007927,TKT006513,AGT010,2026-03-06,86
WL0007928,TKT006514,AGT010,2026-03-06,73
WL0007929,TKT006515,AGT009,2026-03-06,58
WL0007930,TKT006516,AGT007,2026-03-06,38
WL0007931,TKT006517,AGT001,2026-03-06,70
WL0007932,TKT006518,AGT014,2026-03-06,37
WL0007933,TKT006518,AGT016,2026-03-06,141
WL0007934,TKT006518,AGT017,2026-03-06,106
WL0007935,TKT006519,AGT008,2026-03-06,145
WL0007936,TKT006520,AGT001,2026-03-06,16
WL0007937,TKT006520,AGT003,2026-03-06,28
WL0007938,TKT006521,AGT014,2026-03-06,41
WL0007939,TKT006521,AGT015,2026-03-06,23
WL0007940,TKT006522,AGT015,2026-03-06,28
WL0007941,TKT006523,AGT008,2026-03-06,36
WL0007942,TKT006524,AGT014,2026-03-06,48
WL0007943,TKT006525,AGT010,2026-03-06,14
WL0007944,TKT006526,AGT003,2026-03-06,77
WL0007945,TKT006527,AGT014,2026-03-06,104
WL0007946,TKT006528,AGT001,2026-03-06,100
WL0007947,TKT006528,AGT005,2026-03-06,55
WL0007948,TKT006529,AGT014,2026-03-06,26
WL0007949,TKT006530,AGT007,2026-03-06,39
WL0007950,TKT006530,AGT009,2026-03-06,94
WL0007951,TKT006530,AGT010,2026-03-06,40
WL0007952,TKT006531,AGT015,2026-03-06,51
WL0007953,TKT006532,AGT005,2026-03-06,21
WL0007954,TKT006533,AGT014,2026-03-06,11
WL0007955,TKT006533,AGT015,2026-03-06,35
WL0007956,TKT006534,AGT008,2026-03-06,7
WL0007957,TKT006534,AGT012,2026-03-06,199
WL0007958,TKT006535,AGT005,2026-03-06,20
WL0007959,TKT006535,AGT014,2026-03-06,4
WL0007960,TKT006536,AGT001,2026-03-06,37
WL0007961,TKT006537,AGT003,2026-03-06,11
WL0007962,TKT006537,AGT005,2026-03-06,7
WL0007963,TKT006538,AGT007,2026-03-06,79
WL0007964,TKT006538,AGT012,2026-03-06,43
WL0007965,TKT006539,AGT001,2026-03-06,70
WL0007966,TKT006540,AGT001,2026-03-06,63
WL0007967,TKT006540,AGT007,2026-03-06,35
WL0007968,TKT006541,AGT001,2026-03-06,101
WL0007969,TKT006542,AGT001,2026-03-06,23
WL0007970,TKT006542,AGT007,2026-03-06,30
WL0007971,TKT006543,AGT007,2026-03-06,143
WL0007972,TKT006543,AGT012,2026-03-06,93
WL0007973,TKT006544,AGT003,2026-03-06,111
WL0007974,TKT006545,AGT012,2026-03-06,36
WL0007975,TKT006546,AGT003,2026-03-06,29
WL0007976,TKT006546,AGT012,2026-03-06,5
WL0007977,TKT006547,AGT005,2026-03-07,36
WL0007978,TKT006548,AGT010,2026-03-07,229
WL0007979,TKT006549,AGT009,2026-03-07,78
WL0007980,TKT006550,AGT005,2026-03-07,177
WL0007981,TKT006551,AGT018,2026-03-07,20
WL0007982,TKT006552,AGT009,2026-03-07,141
WL0007983,TKT006553,AGT002,2026-03-07,27
WL0007984,TKT006553,AGT005,2026-03-07,16
WL0007985,TKT006554,AGT016,2026-03-07,34
WL0007986,TKT006555,AGT009,2026-03-07,36
WL0007987,TKT006556,AGT013,2026-03-07,26
WL0007988,TKT006556,AGT018,2026-03-07,14
WL0007989,TKT006557,AGT002,2026-03-07,18
WL0007990,TKT006557,AGT005,2026-03-07,31
WL0007991,TKT006558,AGT010,2026-03-07,41
WL0007992,TKT006559,AGT005,2026-03-07,89
WL0007993,TKT006560,AGT002,2026-03-07,51
WL0007994,TKT006561,AGT002,2026-03-07,87
WL0007995,TKT006562,AGT015,2026-03-07,65
WL0007996,TKT006563,AGT005,2026-03-07,39
WL0007997,TKT006564,AGT009,2026-03-07,15
WL0007998,TKT006564,AGT010,2026-03-07,27
WL0007999,TKT006565,AGT009,2026-03-07,66
WL0008000,TKT006565,AGT010,2026-03-07,183
WL0008001,TKT006566,AGT013,2026-03-07,51
WL0008002,TKT006567,AGT009,2026-03-07,83
WL0008003,TKT006568,AGT009,2026-03-07,46
WL0008004,TKT006569,AGT014,2026-03-07,52
WL0008005,TKT006570,AGT002,2026-03-07,33
WL0008006,TKT006571,AGT009,2026-03-07,15
WL0008007,TKT006571,AGT016,2026-03-07,57
WL0008008,TKT006572,AGT002,2026-03-07,26
WL0008009,TKT006573,AGT015,2026-03-07,174
WL0008010,TKT006574,AGT018,2026-03-07,107
WL0008011,TKT006575,AGT002,2026-03-07,90
WL0008012,TKT006576,AGT016,2026-03-07,61
WL0008013,TKT006577,AGT002,2026-03-07,7
WL0008014,TKT006577,AGT005,2026-03-07,62
WL0008015,TKT006578,AGT015,2026-03-07,25
WL0008016,TKT006579,AGT010,2026-03-08,42
WL0008017,TKT006580,AGT010,2026-03-08,26
WL0008018,TKT006581,AGT016,2026-03-08,60
WL0008019,TKT006582,AGT004,2026-03-08,39
WL0008020,TKT006583,AGT016,2026-03-08,56
WL0008021,TKT006584,AGT013,2026-03-08,42
WL0008022,TKT006585,AGT016,2026-03-08,66
WL0008023,TKT006586,AGT012,2026-03-08,84
WL0008024,TKT006587,AGT005,2026-03-08,88
WL0008025,TKT006588,AGT004,2026-03-08,42
WL0008026,TKT006589,AGT013,2026-03-08,51
WL0008027,TKT006590,AGT009,2026-03-08,174
WL0008028,TKT006591,AGT012,2026-03-08,155
WL0008029,TKT006592,AGT009,2026-03-08,55
WL0008030,TKT006593,AGT010,2026-03-08,68
WL0008031,TKT006594,AGT013,2026-03-08,56
WL0008032,TKT006595,AGT016,2026-03-08,37
WL0008033,TKT006596,AGT013,2026-03-08,36
WL0008034,TKT006597,AGT004,2026-03-09,46
WL0008035,TKT006598,AGT001,2026-03-09,13
WL0008036,TKT006598,AGT002,2026-03-09,24
WL0008037,TKT006599,AGT018,2026-03-09,47
WL0008038,TKT006600,AGT013,2026-03-09,61
WL0008039,TKT006601,AGT013,2026-03-09,41
WL0008040,TKT006602,AGT018,2026-03-09,30
WL0008041,TKT006603,AGT018,2026-03-09,94
WL0008042,TKT006604,AGT017,2026-03-09,130
WL0008043,TKT006605,AGT002,2026-03-09,95
WL0008044,TKT006606,AGT018,2026-03-09,44
WL0008045,TKT006607,AGT017,2026-03-09,29
WL0008046,TKT006607,AGT018,2026-03-09,52
WL0008047,TKT006608,AGT013,2026-03-09,20
WL0008048,TKT006608,AGT017,2026-03-09,36
WL0008049,TKT006609,AGT002,2026-03-09,98
WL0008050,TKT006610,AGT002,2026-03-09,68
WL0008051,TKT006611,AGT004,2026-03-09,42
WL0008052,TKT006612,AGT004,2026-03-09,44
WL0008053,TKT006613,AGT013,2026-03-09,44
WL0008054,TKT006614,AGT007,2026-03-09,23
WL0008055,TKT006614,AGT011,2026-03-09,40
WL0008056,TKT006615,AGT007,2026-03-09,30
WL0008057,TKT006615,AGT010,2026-03-09,55
WL0008058,TKT006616,AGT004,2026-03-09,72
WL0008059,TKT006617,AGT013,2026-03-09,105
WL0008061,TKT006619,AGT001,2026-03-09,58
WL0008062,TKT006619,AGT004,2026-03-09,32
WL0008063,TKT006620,AGT001,2026-03-09,66
WL0008064,TKT006620,AGT002,2026-03-09,36
WL0008065,TKT006621,AGT013,2026-03-09,42
WL0008066,TKT006622,AGT004,2026-03-09,58
WL0008067,TKT006623,AGT004,2026-03-09,52
WL0008068,TKT006624,AGT009,2026-03-09,82
WL0008069,TKT006625,AGT013,2026-03-09,59
WL0008070,TKT006626,AGT001,2026-03-09,91
WL0008071,TKT006627,AGT001,2026-03-09,102
WL0008072,TKT006628,AGT002,2026-03-09,17
WL0008073,TKT006629,AGT010,2026-03-09,62
WL0008074,TKT006630,AGT017,2026-03-09,58
WL0008075,TKT006631,AGT004,2026-03-09,42
WL0008076,TKT006632,AGT007,2026-03-09,61
WL0008077,TKT006632,AGT009,2026-03-09,113
WL0008078,TKT006633,AGT001,2026-03-09,28
WL0008079,TKT006633,AGT002,2026-03-09,52
WL0008080,TKT006634,AGT004,2026-03-09,44
WL0008081,TKT006635,AGT018,2026-03-09,94
WL0008082,TKT006636,AGT018,2026-03-09,15
WL0008083,TKT006637,AGT017,2026-03-09,29
WL0008084,TKT006637,AGT018,2026-03-09,53
WL0008085,TKT006638,AGT013,2026-03-09,93
WL0008086,TKT006638,AGT017,2026-03-09,24
WL0008087,TKT006639,AGT004,2026-03-09,42
WL0008088,TKT006640,AGT011,2026-03-09,90
WL0008089,TKT006640,AGT013,2026-03-09,15
WL0008090,TKT006640,AGT018,2026-03-09,51
WL0008091,TKT006641,AGT007,2026-03-09,213
WL0008092,TKT006642,AGT011,2026-03-09,141
WL0008093,TKT006643,AGT009,2026-03-09,33
WL0008094,TKT006644,AGT002,2026-03-09,30
WL0008095,TKT006645,AGT004,2026-03-10,55
WL0008097,TKT006647,AGT018,2026-03-10,67
WL0008098,TKT006648,AGT002,2026-03-10,111
WL0008099,TKT006649,AGT007,2026-03-10,70
WL0008100,TKT006649,AGT011,2026-03-10,39
WL0008101,TKT006650,AGT002,2026-03-10,17
WL0008102,TKT006651,AGT008,2026-03-10,76
WL0008103,TKT006652,AGT004,2026-03-10,73
WL0008105,TKT006654,AGT017,2026-03-10,54
WL0008106,TKT006655,AGT008,2026-03-10,139
WL0008107,TKT006655,AGT011,2026-03-10,76
WL0008108,TKT006656,AGT003,2026-03-10,54
WL0008109,TKT006657,AGT004,2026-03-10,65
WL0008110,TKT006658,AGT009,2026-03-10,129
WL0008111,TKT006659,AGT013,2026-03-10,41
WL0008112,TKT006660,AGT015,2026-03-10,94
WL0008113,TKT006661,AGT016,2026-03-10,84
WL0008114,TKT006662,AGT015,2026-03-10,40
WL0008115,TKT006663,AGT009,2026-03-10,131
WL0008116,TKT006664,AGT008,2026-03-10,60
WL0008117,TKT006664,AGT009,2026-03-10,33
WL0008118,TKT006665,AGT003,2026-03-10,31
WL0008119,TKT006666,AGT016,2026-03-10,23
WL0008120,TKT006667,AGT007,2026-03-10,33
WL0008121,TKT006668,AGT002,2026-03-10,30
WL0008122,TKT006668,AGT004,2026-03-10,55
WL0008123,TKT006669,AGT003,2026-03-10,217
WL0008124,TKT006670,AGT003,2026-03-10,53
WL0008125,TKT006671,AGT016,2026-03-10,129
WL0008126,TKT006672,AGT009,2026-03-10,30
WL0008127,TKT006673,AGT011,2026-03-10,77
WL0008128,TKT006674,AGT007,2026-03-10,26
WL0008129,TKT006675,AGT009,2026-03-10,89
WL0008130,TKT006676,AGT003,2026-03-10,105
WL0008131,TKT006677,AGT013,2026-03-10,101
WL0008132,TKT006678,AGT004,2026-03-10,24
WL0008133,TKT006679,AGT015,2026-03-10,81
WL0008134,TKT006680,AGT015,2026-03-10,94
WL0008135,TKT006681,AGT002,2026-03-10,69
WL0008136,TKT006682,AGT008,2026-03-10,86
WL0008137,TKT006683,AGT007,2026-03-10,92
WL0008138,TKT006683,AGT008,2026-03-10,119
WL0008139,TKT006683,AGT009,2026-03-10,68
WL0008140,TKT006684,AGT015,2026-03-10,68
WL0008141,TKT006685,AGT002,2026-03-10,60
WL0008142,TKT006686,AGT007,2026-03-10,68
WL0008143,TKT006686,AGT011,2026-03-10,38
WL0008144,TKT006687,AGT018,2026-03-10,103
WL0008145,TKT006688,AGT007,2026-03-10,73
WL0008146,TKT006688,AGT011,2026-03-10,22
WL0008147,TKT006689,AGT003,2026-03-10,47
WL0008148,TKT006690,AGT017,2026-03-10,134
WL0008149,TKT006691,AGT016,2026-03-10,114
WL0008150,TKT006692,AGT013,2026-03-10,40
WL0008151,TKT006693,AGT016,2026-03-10,94
WL0008152,TKT006694,AGT016,2026-03-10,16
WL0008153,TKT006694,AGT017,2026-03-10,10
WL0008154,TKT006695,AGT011,2026-03-10,174
WL0008155,TKT006696,AGT002,2026-03-10,19
WL0008156,TKT006696,AGT003,2026-03-10,3
WL0008157,TKT006696,AGT004,2026-03-10,51
WL0008158,TKT006697,AGT011,2026-03-10,24
WL0008159,TKT006697,AGT015,2026-03-10,89
WL0008160,TKT006698,AGT004,2026-03-10,48
WL0008161,TKT006699,AGT004,2026-03-10,61
WL0008162,TKT006700,AGT013,2026-03-10,60
WL0008163,TKT006701,AGT004,2026-03-10,48
WL0008164,TKT006701,AGT017,2026-03-10,4
WL0008165,TKT006702,AGT010,2026-03-11,92
WL0008166,TKT006703,AGT007,2026-03-11,123
WL0008167,TKT006704,AGT008,2026-03-11,53
WL0008168,TKT006705,AGT008,2026-03-11,40
WL0008169,TKT006706,AGT017,2026-03-11,37
WL0008170,TKT006707,AGT017,2026-03-11,52
WL0008171,TKT006708,AGT002,2026-03-11,7
WL0008172,TKT006708,AGT004,2026-03-11,12
WL0008173,TKT006709,AGT010,2026-03-11,79
WL0008174,TKT006710,AGT010,2026-03-11,144
WL0008175,TKT006711,AGT004,2026-03-11,44
WL0008176,TKT006712,AGT017,2026-03-11,54
WL0008177,TKT006713,AGT015,2026-03-11,25
WL0008178,TKT006713,AGT016,2026-03-11,44
WL0008179,TKT006714,AGT003,2026-03-11,84
WL0008180,TKT006715,AGT014,2026-03-11,57
WL0008181,TKT006715,AGT015,2026-03-11,32
WL0008182,TKT006716,AGT014,2026-03-11,13
WL0008183,TKT006716,AGT015,2026-03-11,24
WL0008184,TKT006717,AGT003,2026-03-11,57
WL0008185,TKT006718,AGT010,2026-03-11,62
WL0008186,TKT006719,AGT013,2026-03-11,31
WL0008187,TKT006720,AGT012,2026-03-11,38
WL0008188,TKT006721,AGT001,2026-03-11,63
WL0008189,TKT006721,AGT004,2026-03-11,34
WL0008190,TKT006722,AGT008,2026-03-11,138
WL0008191,TKT006722,AGT012,2026-03-11,75
WL0008192,TKT006723,AGT012,2026-03-11,124
WL0008193,TKT006724,AGT007,2026-03-11,107
WL0008194,TKT006724,AGT010,2026-03-11,103
WL0008195,TKT006725,AGT012,2026-03-11,160
WL0008196,TKT006726,AGT015,2026-03-11,51
WL0008197,TKT006726,AGT017,2026-03-11,28
WL0008198,TKT006727,AGT015,2026-03-11,26
WL0008199,TKT006728,AGT018,2026-03-11,157
WL0008200,TKT006729,AGT018,2026-03-11,36
WL0008201,TKT006730,AGT004,2026-03-11,82
WL0008202,TKT006731,AGT018,2026-03-11,27
WL0008203,TKT006732,AGT016,2026-03-11,82
WL0008204,TKT006733,AGT002,2026-03-11,17
WL0008205,TKT006734,AGT001,2026-03-11,28
WL0008206,TKT006734,AGT003,2026-03-11,52
WL0008207,TKT006735,AGT014,2026-03-11,125
WL0008208,TKT006736,AGT003,2026-03-11,48
WL0008209,TKT006736,AGT004,2026-03-11,26
WL0008210,TKT006737,AGT004,2026-03-11,41
WL0008211,TKT006738,AGT004,2026-03-11,32
WL0008212,TKT006739,AGT007,2026-03-11,54
WL0008213,TKT006739,AGT012,2026-03-11,30
WL0008214,TKT006740,AGT003,2026-03-11,83
WL0008215,TKT006741,AGT002,2026-03-11,87
WL0008216,TKT006742,AGT007,2026-03-11,72
WL0008217,TKT006743,AGT013,2026-03-11,28
WL0008218,TKT006743,AGT016,2026-03-11,50
WL0008219,TKT006744,AGT008,2026-03-11,178
WL0008220,TKT006745,AGT014,2026-03-11,63
WL0008221,TKT006746,AGT007,2026-03-11,123
WL0008222,TKT006747,AGT008,2026-03-11,71
WL0008223,TKT006747,AGT012,2026-03-11,26
WL0008224,TKT006748,AGT014,2026-03-11,124
WL0008225,TKT006749,AGT003,2026-03-11,92
WL0008226,TKT006750,AGT004,2026-03-11,46
WL0008227,TKT006751,AGT017,2026-03-11,70
WL0008228,TKT006752,AGT001,2026-03-11,43
WL0008229,TKT006753,AGT017,2026-03-11,112
WL0008230,TKT006754,AGT017,2026-03-11,52
WL0008231,TKT006755,AGT015,2026-03-11,51
WL0008232,TKT006756,AGT015,2026-03-11,40
WL0008233,TKT006757,AGT003,2026-03-11,76
WL0008234,TKT006757,AGT007,2026-03-11,1
WL0008235,TKT006757,AGT012,2026-03-11,27
WL0008236,TKT006758,AGT002,2026-03-11,43
WL0008237,TKT006759,AGT013,2026-03-11,96
WL0008238,TKT006760,AGT018,2026-03-11,84
WL0008239,TKT006761,AGT002,2026-03-11,147
WL0008240,TKT006761,AGT003,2026-03-11,18
WL0008241,TKT006762,AGT015,2026-03-11,99
WL0008242,TKT006763,AGT013,2026-03-11,169
WL0008243,TKT006764,AGT005,2026-03-12,35
WL0008244,TKT006765,AGT013,2026-03-12,88
WL0008245,TKT006766,AGT016,2026-03-12,74
WL0008246,TKT006767,AGT011,2026-03-12,73
WL0008247,TKT006768,AGT006,2026-03-12,29
WL0008248,TKT006769,AGT008,2026-03-12,223
WL0008249,TKT006770,AGT008,2026-03-12,24
WL0008250,TKT006770,AGT011,2026-03-12,44
WL0008251,TKT006771,AGT010,2026-03-12,107
WL0008252,TKT006772,AGT012,2026-03-12,67
WL0008253,TKT006773,AGT013,2026-03-12,28
WL0008254,TKT006773,AGT017,2026-03-12,16
WL0008255,TKT006774,AGT013,2026-03-12,61
WL0008256,TKT006775,AGT001,2026-03-12,91
WL0008257,TKT006776,AGT009,2026-03-12,53
WL0008258,TKT006777,AGT011,2026-03-12,131
WL0008259,TKT006778,AGT004,2026-03-12,156
WL0008260,TKT006779,AGT004,2026-03-12,55
WL0008261,TKT006780,AGT013,2026-03-12,21
WL0008262,TKT006781,AGT002,2026-03-12,60
WL0008263,TKT006782,AGT003,2026-03-12,52
WL0008264,TKT006782,AGT004,2026-03-12,95
WL0008265,TKT006783,AGT016,2026-03-12,66
WL0008266,TKT006784,AGT001,2026-03-12,57
WL0008267,TKT006785,AGT006,2026-03-12,103
WL0008268,TKT006786,AGT013,2026-03-12,61
WL0008269,TKT006786,AGT017,2026-03-12,111
WL0008270,TKT006787,AGT009,2026-03-12,42
WL0008271,TKT006788,AGT012,2026-03-12,156
WL0008272,TKT006789,AGT003,2026-03-12,42
WL0008273,TKT006790,AGT007,2026-03-12,164
WL0008274,TKT006790,AGT011,2026-03-12,89
WL0008275,TKT006791,AGT018,2026-03-12,49
WL0008276,TKT006792,AGT016,2026-03-12,80
WL0008277,TKT006793,AGT011,2026-03-12,129
WL0008278,TKT006794,AGT017,2026-03-12,24
WL0008279,TKT006794,AGT018,2026-03-12,44
WL0008280,TKT006795,AGT017,2026-03-12,108
WL0008281,TKT006796,AGT002,2026-03-12,16
WL0008282,TKT006796,AGT003,2026-03-12,28
WL0008283,TKT006797,AGT012,2026-03-12,137
WL0008284,TKT006798,AGT013,2026-03-12,33
WL0008285,TKT006799,AGT002,2026-03-12,18
WL0008286,TKT006799,AGT003,2026-03-12,31
WL0008287,TKT006800,AGT001,2026-03-12,163
WL0008288,TKT006801,AGT013,2026-03-12,76
WL0008289,TKT006801,AGT018,2026-03-12,41
WL0008290,TKT006802,AGT003,2026-03-12,65
WL0008291,TKT006803,AGT009,2026-03-12,38
WL0008292,TKT006803,AGT010,2026-03-12,69
WL0008293,TKT006804,AGT001,2026-03-12,45
WL0008294,TKT006805,AGT010,2026-03-12,64
WL0008295,TKT006805,AGT011,2026-03-12,14
WL0008296,TKT006806,AGT009,2026-03-12,143
WL0008297,TKT006807,AGT018,2026-03-12,50
WL0008298,TKT006808,AGT016,2026-03-12,88
WL0008299,TKT006809,AGT001,2026-03-12,34
WL0008300,TKT006809,AGT003,2026-03-12,61
WL0008301,TKT006810,AGT013,2026-03-12,37
WL0008302,TKT006811,AGT004,2026-03-12,22
WL0008303,TKT006812,AGT018,2026-03-12,150
WL0008304,TKT006813,AGT007,2026-03-12,61
WL0008305,TKT006813,AGT008,2026-03-12,113
WL0008306,TKT006814,AGT001,2026-03-13,14
WL0008307,TKT006814,AGT003,2026-03-13,26
WL0008308,TKT006815,AGT015,2026-03-13,12
WL0008309,TKT006815,AGT017,2026-03-13,21
WL0008310,TKT006816,AGT004,2026-03-13,37
WL0008311,TKT006816,AGT006,2026-03-13,21
WL0008312,TKT006817,AGT015,2026-03-13,69
WL0008313,TKT006818,AGT003,2026-03-13,65
WL0008314,TKT006819,AGT017,2026-03-13,41
WL0008315,TKT006819,AGT018,2026-03-13,23
WL0008316,TKT006820,AGT007,2026-03-13,160
WL0008317,TKT006821,AGT012,2026-03-13,242
WL0008318,TKT006822,AGT013,2026-03-13,67
WL0008319,TKT006823,AGT004,2026-03-13,26
WL0008320,TKT006823,AGT006,2026-03-13,46
WL0008321,TKT006824,AGT010,2026-03-13,31
WL0008322,TKT006825,AGT006,2026-03-13,168
WL0008323,TKT006826,AGT013,2026-03-13,54
WL0008324,TKT006827,AGT001,2026-03-13,86
WL0008325,TKT006828,AGT016,2026-03-13,264
WL0008326,TKT006829,AGT004,2026-03-13,44
WL0008327,TKT006830,AGT009,2026-03-13,375
WL0008328,TKT006831,AGT015,2026-03-13,58
WL0008329,TKT006832,AGT011,2026-03-13,270
WL0008330,TKT006833,AGT015,2026-03-13,71
WL0008331,TKT006834,AGT003,2026-03-13,32
WL0008332,TKT006835,AGT017,2026-03-13,60
WL0008333,TKT006836,AGT003,2026-03-13,147
WL0008334,TKT006837,AGT003,2026-03-13,42
WL0008335,TKT006838,AGT007,2026-03-13,320
WL0008336,TKT006838,AGT012,2026-03-13,91
WL0008337,TKT006839,AGT013,2026-03-13,32
WL0008338,TKT006839,AGT017,2026-03-13,57
WL0008339,TKT006840,AGT010,2026-03-13,82
WL0008340,TKT006841,AGT001,2026-03-13,44
WL0008341,TKT006841,AGT003,2026-03-13,81
WL0008342,TKT006842,AGT001,2026-03-13,85
WL0008343,TKT006842,AGT003,2026-03-13,87
WL0008344,TKT006843,AGT018,2026-03-13,38
WL0008345,TKT006844,AGT006,2026-03-13,42
WL0008346,TKT006845,AGT009,2026-03-13,75
WL0008347,TKT006845,AGT011,2026-03-13,6
WL0008348,TKT006846,AGT001,2026-03-13,36
WL0008349,TKT006847,AGT016,2026-03-13,56
WL0008350,TKT006848,AGT017,2026-03-13,61
WL0008351,TKT006849,AGT006,2026-03-13,64
WL0008352,TKT006850,AGT006,2026-03-13,100
WL0008353,TKT006851,AGT004,2026-03-13,66
WL0008354,TKT006852,AGT004,2026-03-13,91
WL0008355,TKT006853,AGT013,2026-03-13,46
WL0008356,TKT006854,AGT001,2026-03-13,67
WL0008357,TKT006854,AGT006,2026-03-13,39
WL0008358,TKT006855,AGT013,2026-03-13,94
WL0008359,TKT006856,AGT001,2026-03-13,48
WL0008360,TKT006857,AGT001,2026-03-13,40
WL0008361,TKT006857,AGT004,2026-03-13,16
WL0008362,TKT006858,AGT004,2026-03-13,28
WL0008363,TKT006859,AGT008,2026-03-13,257
WL0008364,TKT006860,AGT008,2026-03-13,52
WL0008365,TKT006860,AGT011,2026-03-13,28
WL0008366,TKT006861,AGT004,2026-03-13,31
WL0008367,TKT006862,AGT004,2026-03-14,51
WL0008368,TKT006863,AGT004,2026-03-14,84
WL0008369,TKT006864,AGT008,2026-03-14,198
WL0008370,TKT006865,AGT006,2026-03-14,114
WL0008371,TKT006866,AGT004,2026-03-14,49
WL0008372,TKT006867,AGT018,2026-03-14,52
WL0008373,TKT006868,AGT008,2026-03-14,38
WL0008374,TKT006868,AGT009,2026-03-14,70
WL0008375,TKT006869,AGT004,2026-03-14,75
WL0008376,TKT006870,AGT015,2026-03-14,9
WL0008377,TKT006870,AGT017,2026-03-14,6
WL0008378,TKT006871,AGT016,2026-03-14,40
WL0008379,TKT006872,AGT016,2026-03-14,48
WL0008380,TKT006873,AGT018,2026-03-14,40
WL0008381,TKT006874,AGT017,2026-03-14,86
WL0008382,TKT006875,AGT004,2026-03-14,24
WL0008383,TKT006876,AGT008,2026-03-14,43
WL0008384,TKT006876,AGT011,2026-03-14,78
WL0008385,TKT006877,AGT017,2026-03-14,57
WL0008386,TKT006878,AGT016,2026-03-14,81
WL0008387,TKT006879,AGT016,2026-03-14,111
WL0008388,TKT006880,AGT009,2026-03-14,136
WL0008389,TKT006880,AGT011,2026-03-14,74
WL0008390,TKT006881,AGT008,2026-03-14,109
WL0008391,TKT006882,AGT004,2026-03-14,66
WL0008392,TKT006882,AGT006,2026-03-14,36
WL0008393,TKT006883,AGT008,2026-03-14,39
WL0008394,TKT006883,AGT011,2026-03-14,71
WL0008395,TKT006884,AGT008,2026-03-14,53
WL0008396,TKT006884,AGT011,2026-03-14,43
WL0008397,TKT006885,AGT009,2026-03-14,76
WL0008398,TKT006886,AGT017,2026-03-14,20
WL0008399,TKT006887,AGT009,2026-03-14,67
WL0008400,TKT006888,AGT018,2026-03-14,60
WL0008401,TKT006889,AGT018,2026-03-14,46
WL0008402,TKT006890,AGT011,2026-03-14,78
WL0008403,TKT006891,AGT009,2026-03-14,81
WL0008404,TKT006891,AGT011,2026-03-14,44
WL0008405,TKT006892,AGT009,2026-03-14,50
WL0008406,TKT006892,AGT011,2026-03-14,92
WL0008407,TKT006892,AGT018,2026-03-14,85
WL0008408,TKT006893,AGT017,2026-03-14,72
WL0008409,TKT006894,AGT018,2026-03-14,32
WL0008410,TKT006895,AGT017,2026-03-14,92
WL0008411,TKT006896,AGT006,2026-03-14,72
WL0008412,TKT006897,AGT018,2026-03-14,25
WL0008413,TKT006898,AGT018,2026-03-14,58
WL0008414,TKT006899,AGT016,2026-03-15,81
WL0008415,TKT006900,AGT011,2026-03-15,33
WL0008416,TKT006900,AGT012,2026-03-15,18
WL0008417,TKT006901,AGT014,2026-03-15,60
WL0008418,TKT006902,AGT012,2026-03-15,30
WL0008419,TKT006903,AGT013,2026-03-15,29
WL0008420,TKT006903,AGT017,2026-03-15,16
WL0008421,TKT006904,AGT014,2026-03-15,45
WL0008422,TKT006904,AGT016,2026-03-15,25
WL0008423,TKT006905,AGT006,2026-03-15,25
WL0008424,TKT006906,AGT004,2026-03-15,143
WL0008425,TKT006907,AGT002,2026-03-15,120
WL0008426,TKT006908,AGT002,2026-03-15,31
WL0008427,TKT006909,AGT014,2026-03-15,38
WL0008428,TKT006909,AGT016,2026-03-15,69
WL0008429,TKT006910,AGT004,2026-03-15,187
WL0008430,TKT006911,AGT004,2026-03-15,31
WL0008431,TKT006912,AGT010,2026-03-15,106
WL0008432,TKT006913,AGT010,2026-03-15,42
WL0008433,TKT006913,AGT011,2026-03-15,23
WL0008434,TKT006914,AGT017,2026-03-15,63
WL0008435,TKT006915,AGT013,2026-03-15,66
WL0008436,TKT006916,AGT002,2026-03-15,67
WL0008437,TKT006917,AGT010,2026-03-15,31
WL0008438,TKT006917,AGT011,2026-03-15,17
WL0008439,TKT006918,AGT010,2026-03-15,58
WL0008440,TKT006919,AGT006,2026-03-16,80
WL0008441,TKT006920,AGT004,2026-03-16,76
WL0008442,TKT006921,AGT015,2026-03-16,22
WL0008443,TKT006922,AGT008,2026-03-16,125
WL0008444,TKT006923,AGT008,2026-03-16,61
WL0008445,TKT006924,AGT001,2026-03-16,41
WL0008446,TKT006925,AGT009,2026-03-16,47
WL0008447,TKT006926,AGT009,2026-03-16,83
WL0008448,TKT006926,AGT011,2026-03-16,152
WL0008449,TKT006927,AGT013,2026-03-16,91
WL0008450,TKT006927,AGT018,2026-03-16,49
WL0008451,TKT006928,AGT001,2026-03-16,20
WL0008452,TKT006928,AGT006,2026-03-16,35
WL0008453,TKT006929,AGT004,2026-03-16,26
WL0008454,TKT006929,AGT005,2026-03-16,48
WL0008455,TKT006930,AGT002,2026-03-16,58
WL0008456,TKT006930,AGT005,2026-03-16,105
WL0008457,TKT006931,AGT003,2026-03-16,137
WL0008458,TKT006931,AGT006,2026-03-16,75
WL0008459,TKT006932,AGT008,2026-03-16,38
WL0008460,TKT006932,AGT011,2026-03-16,68
WL0008461,TKT006933,AGT016,2026-03-16,91
WL0008462,TKT006934,AGT016,2026-03-16,88
WL0008463,TKT006935,AGT006,2026-03-16,30
WL0008464,TKT006936,AGT009,2026-03-16,98
WL0008465,TKT006937,AGT008,2026-03-16,78
WL0008466,TKT006937,AGT012,2026-03-16,43
WL0008467,TKT006938,AGT015,2026-03-16,26
WL0008468,TKT006939,AGT014,2026-03-16,45
WL0008469,TKT006940,AGT003,2026-03-16,38
WL0008470,TKT006941,AGT011,2026-03-16,115
WL0008471,TKT006942,AGT014,2026-03-16,36
WL0008472,TKT006943,AGT009,2026-03-16,70
WL0008473,TKT006944,AGT014,2026-03-16,100
WL0008474,TKT006945,AGT002,2026-03-16,85
WL0008475,TKT006946,AGT012,2026-03-16,71
WL0008476,TKT006947,AGT016,2026-03-16,9
WL0008477,TKT006947,AGT017,2026-03-16,6
WL0008478,TKT006948,AGT004,2026-03-16,37
WL0008479,TKT006949,AGT013,2026-03-16,182
WL0008480,TKT006950,AGT002,2026-03-16,135
WL0008481,TKT006951,AGT004,2026-03-16,281
WL0008482,TKT006952,AGT001,2026-03-16,50
WL0008483,TKT006952,AGT003,2026-03-16,27
WL0008484,TKT006953,AGT009,2026-03-16,75
WL0008485,TKT006954,AGT011,2026-03-16,81
WL0008486,TKT006955,AGT016,2026-03-16,91
WL0008487,TKT006956,AGT002,2026-03-16,27
WL0008488,TKT006957,AGT014,2026-03-16,16
WL0008489,TKT006957,AGT015,2026-03-16,29
WL0008490,TKT006958,AGT018,2026-03-16,61
WL0008491,TKT006959,AGT016,2026-03-16,73
WL0008492,TKT006960,AGT013,2026-03-16,25
WL0008493,TKT006961,AGT008,2026-03-16,46
WL0008494,TKT006961,AGT012,2026-03-16,85
WL0008495,TKT006962,AGT003,2026-03-16,34
WL0008496,TKT006962,AGT005,2026-03-16,19
WL0008497,TKT006963,AGT013,2026-03-16,34
WL0008498,TKT006963,AGT017,2026-03-16,61
WL0008499,TKT006964,AGT012,2026-03-16,82
WL0008500,TKT006965,AGT009,2026-03-16,107
WL0008501,TKT006965,AGT011,2026-03-16,94
WL0008502,TKT006965,AGT012,2026-03-16,10
WL0008503,TKT006966,AGT002,2026-03-16,57
WL0008504,TKT006967,AGT014,2026-03-16,108
WL0008505,TKT006968,AGT014,2026-03-16,52
WL0008506,TKT006969,AGT008,2026-03-16,44
WL0008507,TKT006969,AGT012,2026-03-16,24
WL0008508,TKT006970,AGT017,2026-03-16,222
WL0008509,TKT006971,AGT018,2026-03-16,38
WL0008510,TKT006972,AGT018,2026-03-16,83
WL0008511,TKT006973,AGT005,2026-03-16,86
WL0008512,TKT006974,AGT012,2026-03-16,51
WL0008513,TKT006975,AGT008,2026-03-16,84
WL0008514,TKT006976,AGT018,2026-03-16,51
WL0008515,TKT006977,AGT017,2026-03-16,34
WL0008516,TKT006978,AGT016,2026-03-16,24
WL0008517,TKT006978,AGT018,2026-03-16,14
WL0008518,TKT006979,AGT003,2026-03-16,47
WL0008519,TKT006980,AGT012,2026-03-16,81
WL0008520,TKT006981,AGT014,2026-03-16,73
WL0008521,TKT006982,AGT003,2026-03-16,33
WL0008522,TKT006983,AGT018,2026-03-16,82
WL0008523,TKT006984,AGT008,2026-03-16,4
WL0008524,TKT006984,AGT012,2026-03-16,33
WL0008525,TKT006984,AGT015,2026-03-16,79
WL0008526,TKT006985,AGT005,2026-03-16,192
WL0008527,TKT006985,AGT013,2026-03-16,55
WL0008528,TKT006985,AGT014,2026-03-16,50
WL0008529,TKT006986,AGT015,2026-03-16,85
WL0008530,TKT006987,AGT017,2026-03-16,46
WL0008531,TKT006987,AGT018,2026-03-16,26
WL0008532,TKT006988,AGT017,2026-03-17,213
WL0008533,TKT006989,AGT007,2026-03-17,111
WL0008534,TKT006989,AGT010,2026-03-17,61
WL0008535,TKT006990,AGT013,2026-03-17,48
WL0008536,TKT006991,AGT012,2026-03-17,136
WL0008537,TKT006992,AGT007,2026-03-17,105
WL0008538,TKT006993,AGT008,2026-03-17,24
WL0008539,TKT006993,AGT011,2026-03-17,43
WL0008540,TKT006994,AGT013,2026-03-17,158
WL0008541,TKT006995,AGT017,2026-03-17,14
WL0008542,TKT006995,AGT018,2026-03-17,9
WL0008543,TKT006996,AGT002,2026-03-17,78
WL0008544,TKT006997,AGT017,2026-03-17,48
WL0008545,TKT006998,AGT014,2026-03-17,64
WL0008546,TKT006999,AGT014,2026-03-17,98
WL0008547,TKT007000,AGT009,2026-03-17,63
WL0008548,TKT007001,AGT009,2026-03-17,30
WL0008549,TKT007002,AGT009,2026-03-17,144
WL0008550,TKT007003,AGT007,2026-03-17,264
WL0008551,TKT007003,AGT010,2026-03-17,62
WL0008552,TKT007004,AGT009,2026-03-17,186
WL0008553,TKT007005,AGT014,2026-03-17,115
WL0008554,TKT007006,AGT008,2026-03-17,41
WL0008555,TKT007007,AGT017,2026-03-17,54
WL0008556,TKT007008,AGT017,2026-03-17,41
WL0008557,TKT007009,AGT008,2026-03-17,139
WL0008558,TKT007010,AGT006,2026-03-17,55
WL0008559,TKT007011,AGT009,2026-03-17,57
WL0008560,TKT007011,AGT012,2026-03-17,54
WL0008561,TKT007012,AGT011,2026-03-17,91
WL0008562,TKT007013,AGT018,2026-03-17,38
WL0008563,TKT007014,AGT011,2026-03-17,136
WL0008564,TKT007015,AGT017,2026-03-17,56
WL0008565,TKT007016,AGT014,2026-03-17,132
WL0008566,TKT007017,AGT011,2026-03-17,15
WL0008567,TKT007017,AGT012,2026-03-17,27
WL0008568,TKT007018,AGT014,2026-03-17,59
WL0008569,TKT007019,AGT014,2026-03-17,12
WL0008570,TKT007019,AGT017,2026-03-17,44
WL0008571,TKT007020,AGT013,2026-03-17,57
WL0008572,TKT007020,AGT017,2026-03-17,10
WL0008573,TKT007021,AGT001,2026-03-17,38
WL0008574,TKT007022,AGT006,2026-03-17,149
WL0008575,TKT007023,AGT008,2026-03-17,74
WL0008576,TKT007023,AGT010,2026-03-17,41
WL0008577,TKT007024,AGT012,2026-03-18,57
WL0008578,TKT007025,AGT015,2026-03-18,44
WL0008579,TKT007026,AGT012,2026-03-18,94
WL0008580,TKT007027,AGT001,2026-03-18,25
WL0008581,TKT007028,AGT009,2026-03-18,169
WL0008582,TKT007029,AGT002,2026-03-18,200
WL0008583,TKT007030,AGT018,2026-03-18,45
WL0008584,TKT007031,AGT004,2026-03-18,35
WL0008585,TKT007032,AGT007,2026-03-18,121
WL0008586,TKT007033,AGT017,2026-03-18,48
WL0008587,TKT007033,AGT018,2026-03-18,27
WL0008588,TKT007034,AGT018,2026-03-18,72
WL0008589,TKT007035,AGT007,2026-03-18,19
WL0008590,TKT007035,AGT009,2026-03-18,11
WL0008591,TKT007036,AGT016,2026-03-18,85
WL0008592,TKT007037,AGT017,2026-03-18,27
WL0008593,TKT007038,AGT008,2026-03-18,144
WL0008594,TKT007038,AGT012,2026-03-18,78
WL0008595,TKT007039,AGT015,2026-03-18,22
WL0008596,TKT007039,AGT017,2026-03-18,40
WL0008597,TKT007040,AGT008,2026-03-18,40
WL0008598,TKT007041,AGT007,2026-03-18,59
WL0008599,TKT007041,AGT008,2026-03-18,109
WL0008600,TKT007042,AGT004,2026-03-18,57
WL0008601,TKT007043,AGT010,2026-03-18,143
WL0008602,TKT007044,AGT016,2026-03-18,203
WL0008603,TKT007045,AGT008,2026-03-18,79
WL0008604,TKT007046,AGT003,2026-03-18,38
WL0008605,TKT007047,AGT017,2026-03-18,49
WL0008606,TKT007048,AGT016,2026-03-18,92
WL0008607,TKT007049,AGT003,2026-03-18,81
WL0008608,TKT007050,AGT009,2026-03-18,130
WL0008609,TKT007051,AGT007,2026-03-18,51
WL0008610,TKT007052,AGT002,2026-03-18,27
WL0008611,TKT007053,AGT007,2026-03-18,99
WL0008612,TKT007054,AGT015,2026-03-18,41
WL0008613,TKT007055,AGT015,2026-03-18,84
WL0008614,TKT007056,AGT007,2026-03-18,61
WL0008615,TKT007056,AGT008,2026-03-18,108
WL0008616,TKT007057,AGT004,2026-03-18,102
WL0008617,TKT007058,AGT003,2026-03-18,55
WL0008618,TKT007059,AGT018,2026-03-18,68
WL0008619,TKT007060,AGT003,2026-03-18,46
WL0008620,TKT007061,AGT016,2026-03-18,36
WL0008621,TKT007062,AGT001,2026-03-18,46
WL0008622,TKT007063,AGT012,2026-03-18,84
WL0008623,TKT007064,AGT010,2026-03-19,133
WL0008624,TKT007065,AGT014,2026-03-19,59
WL0008625,TKT007066,AGT007,2026-03-19,81
WL0008627,TKT007068,AGT016,2026-03-19,72
WL0008628,TKT007069,AGT003,2026-03-19,38
WL0008629,TKT007070,AGT003,2026-03-19,82
WL0008630,TKT007071,AGT005,2026-03-19,82
WL0008631,TKT007072,AGT016,2026-03-19,150
WL0008632,TKT007073,AGT014,2026-03-19,68
WL0008633,TKT007073,AGT015,2026-03-19,37
WL0008634,TKT007074,AGT012,2026-03-19,76
WL0008635,TKT007075,AGT014,2026-03-19,52
WL0008636,TKT007075,AGT017,2026-03-19,96
WL0008637,TKT007076,AGT003,2026-03-19,31
WL0008638,TKT007077,AGT013,2026-03-19,89
WL0008639,TKT007078,AGT012,2026-03-19,60
WL0008640,TKT007079,AGT017,2026-03-19,85
WL0008641,TKT007080,AGT017,2026-03-19,58
WL0008642,TKT007081,AGT014,2026-03-19,51
WL0008643,TKT007082,AGT010,2026-03-19,29
WL0008644,TKT007083,AGT005,2026-03-19,62
WL0008645,TKT007084,AGT018,2026-03-19,36
WL0008646,TKT007085,AGT009,2026-03-19,24
WL0008647,TKT007085,AGT012,2026-03-19,14
WL0008648,TKT007086,AGT009,2026-03-19,20
WL0008649,TKT007087,AGT018,2026-03-19,44
WL0008650,TKT007088,AGT011,2026-03-19,44
WL0008651,TKT007089,AGT003,2026-03-19,32
WL0008652,TKT007090,AGT011,2026-03-19,93
WL0008653,TKT007091,AGT006,2026-03-19,34
WL0008654,TKT007092,AGT014,2026-03-19,60
WL0008655,TKT007093,AGT007,2026-03-19,28
WL0008656,TKT007093,AGT010,2026-03-19,52
WL0008657,TKT007094,AGT013,2026-03-19,83
WL0008658,TKT007095,AGT010,2026-03-19,58
WL0008659,TKT007096,AGT012,2026-03-19,174
WL0008660,TKT007097,AGT017,2026-03-19,59
WL0008661,TKT007098,AGT003,2026-03-19,152
WL0008662,TKT007099,AGT005,2026-03-19,37
WL0008663,TKT007100,AGT009,2026-03-19,94
WL0008664,TKT007101,AGT009,2026-03-19,160
WL0008665,TKT007102,AGT005,2026-03-19,96
WL0008666,TKT007103,AGT011,2026-03-19,77
WL0008667,TKT007104,AGT012,2026-03-19,78
WL0008668,TKT007105,AGT005,2026-03-19,66
WL0008669,TKT007106,AGT016,2026-03-19,96
WL0008670,TKT007107,AGT011,2026-03-19,94
WL0008671,TKT007108,AGT007,2026-03-19,72
WL0008672,TKT007109,AGT014,2026-03-20,31
WL0008673,TKT007110,AGT009,2026-03-20,95
WL0008674,TKT007111,AGT004,2026-03-20,102
WL0008675,TKT007112,AGT008,2026-03-20,72
WL0008676,TKT007113,AGT010,2026-03-20,73
WL0008677,TKT007114,AGT003,2026-03-20,67
WL0008678,TKT007115,AGT011,2026-03-20,78
WL0008679,TKT007116,AGT003,2026-03-20,106
WL0008680,TKT007117,AGT017,2026-03-20,100
WL0008681,TKT007118,AGT010,2026-03-20,203
WL0008682,TKT007119,AGT015,2026-03-20,35
WL0008683,TKT007120,AGT014,2026-03-20,40
WL0008684,TKT007121,AGT011,2026-03-20,78
WL0008685,TKT007122,AGT003,2026-03-20,65
WL0008686,TKT007123,AGT003,2026-03-20,17
WL0008687,TKT007124,AGT013,2026-03-20,87
WL0008688,TKT007125,AGT002,2026-03-20,111
WL0008689,TKT007125,AGT004,2026-03-20,60
WL0008690,TKT007126,AGT001,2026-03-20,102
WL0008691,TKT007127,AGT001,2026-03-20,39
WL0008692,TKT007128,AGT004,2026-03-20,31
WL0008693,TKT007129,AGT018,2026-03-20,52
WL0008694,TKT007130,AGT013,2026-03-20,65
WL0008695,TKT007130,AGT016,2026-03-20,35
WL0008696,TKT007131,AGT013,2026-03-20,72
WL0008697,TKT007132,AGT013,2026-03-20,20
WL0008698,TKT007132,AGT015,2026-03-20,36
WL0008699,TKT007133,AGT014,2026-03-20,59
WL0008700,TKT007133,AGT016,2026-03-20,32
WL0008701,TKT007134,AGT018,2026-03-20,49
WL0008702,TKT007135,AGT002,2026-03-20,25
WL0008703,TKT007135,AGT004,2026-03-20,14
WL0008704,TKT007136,AGT011,2026-03-20,170
WL0008705,TKT007137,AGT015,2026-03-20,116
WL0008706,TKT007138,AGT003,2026-03-20,107
WL0008707,TKT007138,AGT004,2026-03-20,58
WL0008708,TKT007139,AGT001,2026-03-20,37
WL0008709,TKT007140,AGT016,2026-03-20,37
WL0008710,TKT007141,AGT002,2026-03-20,73
WL0008711,TKT007142,AGT018,2026-03-21,30
WL0008712,TKT007143,AGT011,2026-03-21,106
WL0008713,TKT007144,AGT008,2026-03-21,48
WL0008714,TKT007144,AGT011,2026-03-21,88
WL0008715,TKT007145,AGT009,2026-03-21,85
WL0008716,TKT007146,AGT006,2026-03-21,110
WL0008717,TKT007147,AGT010,2026-03-21,158
WL0008718,TKT007148,AGT016,2026-03-21,56
WL0008719,TKT007148,AGT017,2026-03-21,31
WL0008720,TKT007149,AGT011,2026-03-21,146
WL0008721,TKT007150,AGT002,2026-03-21,175
WL0008722,TKT007150,AGT006,2026-03-21,95
WL0008723,TKT007151,AGT010,2026-03-21,169
WL0008724,TKT007152,AGT002,2026-03-21,25
WL0008725,TKT007153,AGT009,2026-03-21,75
WL0008726,TKT007154,AGT008,2026-03-21,36
WL0008727,TKT007155,AGT010,2026-03-21,7
WL0008728,TKT007155,AGT011,2026-03-21,140
WL0008729,TKT007156,AGT016,2026-03-21,32
WL0008730,TKT007156,AGT018,2026-03-21,58
WL0008731,TKT007157,AGT008,2026-03-21,70
WL0008732,TKT007157,AGT010,2026-03-21,38
WL0008733,TKT007158,AGT009,2026-03-21,132
WL0008734,TKT007159,AGT016,2026-03-21,32
WL0008735,TKT007160,AGT009,2026-03-21,109
WL0008736,TKT007160,AGT010,2026-03-21,60
WL0008737,TKT007161,AGT017,2026-03-21,44
WL0008738,TKT007162,AGT018,2026-03-21,69
WL0008739,TKT007163,AGT002,2026-03-21,39
WL0008740,TKT007164,AGT006,2026-03-21,35
WL0008741,TKT007165,AGT009,2026-03-21,19
WL0008742,TKT007165,AGT010,2026-03-21,48
WL0008743,TKT007166,AGT006,2026-03-21,93
WL0008744,TKT007167,AGT018,2026-03-21,104
WL0008746,TKT007169,AGT006,2026-03-21,26
WL0008747,TKT007170,AGT017,2026-03-21,85
WL0008748,TKT007171,AGT004,2026-03-22,89
WL0008749,TKT007171,AGT006,2026-03-22,49
WL0008750,TKT007172,AGT007,2026-03-22,42
WL0008751,TKT007172,AGT012,2026-03-22,24
WL0008752,TKT007173,AGT017,2026-03-22,72
WL0008753,TKT007174,AGT014,2026-03-22,174
WL0008754,TKT007174,AGT018,2026-03-22,95
WL0008755,TKT007175,AGT014,2026-03-22,39
WL0008756,TKT007176,AGT004,2026-03-22,34
WL0008757,TKT007177,AGT004,2026-03-22,174
WL0008758,TKT007178,AGT006,2026-03-22,74
WL0008759,TKT007179,AGT007,2026-03-22,112
WL0008760,TKT007180,AGT017,2026-03-22,25
WL0008761,TKT007181,AGT018,2026-03-22,49
WL0008762,TKT007182,AGT014,2026-03-22,32
WL0008763,TKT007182,AGT018,2026-03-22,18
WL0008764,TKT007183,AGT012,2026-03-22,39
WL0008765,TKT007184,AGT004,2026-03-22,28
WL0008766,TKT007185,AGT006,2026-03-22,74
WL0008767,TKT007186,AGT018,2026-03-22,47
WL0008768,TKT007187,AGT017,2026-03-22,63
WL0008769,TKT007188,AGT014,2026-03-22,137
WL0008770,TKT007189,AGT007,2026-03-22,78
WL0008771,TKT007190,AGT006,2026-03-22,25
WL0008772,TKT007191,AGT004,2026-03-22,62
WL0008773,TKT007192,AGT017,2026-03-22,81
WL0008774,TKT007193,AGT003,2026-03-23,53
WL0008775,TKT007194,AGT004,2026-03-23,118
WL0008776,TKT007195,AGT015,2026-03-23,94
WL0008777,TKT007196,AGT015,2026-03-23,160
WL0008778,TKT007197,AGT015,2026-03-23,88
WL0008779,TKT007198,AGT010,2026-03-23,26
WL0008780,TKT007198,AGT012,2026-03-23,48
WL0008781,TKT007199,AGT010,2026-03-23,38
WL0008782,TKT007200,AGT011,2026-03-23,52
WL0008783,TKT007201,AGT015,2026-03-23,42
WL0008784,TKT007202,AGT016,2026-03-23,55
WL0008785,TKT007202,AGT018,2026-03-23,101
WL0008786,TKT007203,AGT017,2026-03-23,119
WL0008787,TKT007204,AGT010,2026-03-23,87
WL0008788,TKT007205,AGT010,2026-03-23,36
WL0008789,TKT007206,AGT015,2026-03-23,19
WL0008790,TKT007206,AGT018,2026-03-23,34
WL0008791,TKT007207,AGT004,2026-03-23,81
WL0008792,TKT007208,AGT016,2026-03-23,37
WL0008793,TKT007209,AGT013,2026-03-23,52
WL0008794,TKT007209,AGT015,2026-03-23,28
WL0008795,TKT007210,AGT015,2026-03-23,48
WL0008796,TKT007211,AGT007,2026-03-23,33
WL0008797,TKT007211,AGT011,2026-03-23,59
WL0008798,TKT007212,AGT003,2026-03-23,136
WL0008799,TKT007213,AGT018,2026-03-23,66
WL0008800,TKT007214,AGT006,2026-03-23,107
WL0008801,TKT007215,AGT005,2026-03-23,29
WL0008802,TKT007216,AGT015,2026-03-23,1
WL0008803,TKT007216,AGT016,2026-03-23,35
WL0008804,TKT007217,AGT007,2026-03-23,118
WL0008805,TKT007218,AGT007,2026-03-23,105
WL0008806,TKT007219,AGT012,2026-03-23,74
WL0008807,TKT007220,AGT010,2026-03-23,112
WL0008808,TKT007221,AGT011,2026-03-23,198
WL0008809,TKT007222,AGT016,2026-03-23,53
WL0008810,TKT007222,AGT018,2026-03-23,29
WL0008811,TKT007223,AGT016,2026-03-23,51
WL0008812,TKT007224,AGT005,2026-03-23,55
WL0008813,TKT007225,AGT017,2026-03-23,82
WL0008814,TKT007226,AGT012,2026-03-23,144
WL0008815,TKT007227,AGT010,2026-03-23,158
WL0008816,TKT007228,AGT007,2026-03-23,61
WL0008817,TKT007228,AGT010,2026-03-23,53
WL0008818,TKT007229,AGT017,2026-03-23,21
WL0008819,TKT007230,AGT016,2026-03-23,66
WL0008820,TKT007231,AGT002,2026-03-24,66
WL0008821,TKT007232,AGT018,2026-03-24,39
WL0008822,TKT007233,AGT007,2026-03-24,151
WL0008823,TKT007234,AGT003,2026-03-24,32
WL0008824,TKT007234,AGT006,2026-03-24,59
WL0008825,TKT007235,AGT015,2026-03-24,74
WL0008826,TKT007236,AGT018,2026-03-24,106
WL0008827,TKT007237,AGT017,2026-03-24,108
WL0008828,TKT007238,AGT015,2026-03-24,103
WL0008829,TKT007239,AGT010,2026-03-24,115
WL0008830,TKT007240,AGT001,2026-03-24,35
WL0008831,TKT007241,AGT001,2026-03-24,68
WL0008832,TKT007242,AGT015,2026-03-24,24
WL0008833,TKT007243,AGT016,2026-03-24,86
WL0008834,TKT007244,AGT013,2026-03-24,58
WL0008835,TKT007245,AGT006,2026-03-24,70
WL0008836,TKT007246,AGT003,2026-03-24,67
WL0008837,TKT007246,AGT004,2026-03-24,37
WL0008838,TKT007247,AGT003,2026-03-24,115
WL0008839,TKT007248,AGT015,2026-03-24,58
WL0008840,TKT007249,AGT010,2026-03-24,51
WL0008841,TKT007250,AGT013,2026-03-24,108
WL0008842,TKT007251,AGT013,2026-03-24,55
WL0008843,TKT007252,AGT001,2026-03-24,21
WL0008844,TKT007252,AGT006,2026-03-24,37
WL0008845,TKT007253,AGT005,2026-03-24,149
WL0008846,TKT007254,AGT016,2026-03-24,47
WL0008847,TKT007255,AGT003,2026-03-24,16
WL0008848,TKT007255,AGT006,2026-03-24,27
WL0008849,TKT007256,AGT013,2026-03-24,83
WL0008850,TKT007257,AGT015,2026-03-24,17
WL0008851,TKT007258,AGT006,2026-03-24,45
WL0008852,TKT007259,AGT016,2026-03-24,66
WL0008853,TKT007260,AGT010,2026-03-24,130
WL0008854,TKT007261,AGT013,2026-03-24,56
WL0008855,TKT007262,AGT018,2026-03-24,29
WL0008856,TKT007263,AGT016,2026-03-24,143
WL0008857,TKT007264,AGT007,2026-03-24,88
WL0008858,TKT007265,AGT005,2026-03-24,46
WL0008859,TKT007266,AGT005,2026-03-24,48
WL0008860,TKT007267,AGT010,2026-03-24,90
WL0008861,TKT007267,AGT012,2026-03-24,49
WL0008862,TKT007268,AGT017,2026-03-24,62
WL0008863,TKT007269,AGT007,2026-03-24,66
WL0008864,TKT007269,AGT010,2026-03-24,94
WL0008865,TKT007270,AGT015,2026-03-24,112
WL0008866,TKT007270,AGT016,2026-03-24,138
WL0008867,TKT007271,AGT005,2026-03-24,104
WL0008868,TKT007272,AGT011,2026-03-25,201
WL0008869,TKT007273,AGT010,2026-03-25,91
WL0008870,TKT007274,AGT003,2026-03-25,11
WL0008871,TKT007274,AGT006,2026-03-25,7
WL0008872,TKT007275,AGT008,2026-03-25,155
WL0008873,TKT007276,AGT002,2026-03-25,29
WL0008874,TKT007276,AGT005,2026-03-25,52
WL0008875,TKT007277,AGT011,2026-03-25,159
WL0008876,TKT007278,AGT016,2026-03-25,59
WL0008877,TKT007279,AGT005,2026-03-25,111
WL0008878,TKT007280,AGT018,2026-03-25,52
WL0008879,TKT007281,AGT003,2026-03-25,28
WL0008880,TKT007282,AGT018,2026-03-25,40
WL0008881,TKT007283,AGT018,2026-03-25,55
WL0008882,TKT007284,AGT017,2026-03-25,66
WL0008883,TKT007285,AGT017,2026-03-25,50
WL0008884,TKT007286,AGT010,2026-03-25,108
WL0008885,TKT007286,AGT012,2026-03-25,59
WL0008886,TKT007287,AGT002,2026-03-25,67
WL0008887,TKT007288,AGT002,2026-03-25,106
WL0008888,TKT007289,AGT005,2026-03-25,111
WL0008889,TKT007290,AGT015,2026-03-25,64
WL0008890,TKT007291,AGT016,2026-03-25,102
WL0008891,TKT007292,AGT011,2026-03-25,114
WL0008892,TKT007293,AGT008,2026-03-25,140
WL0008893,TKT007294,AGT003,2026-03-25,44
WL0008894,TKT007295,AGT015,2026-03-25,27
WL0008895,TKT007296,AGT002,2026-03-25,23
WL0008896,TKT007296,AGT006,2026-03-25,41
WL0008897,TKT007297,AGT010,2026-03-25,60
WL0008898,TKT007298,AGT013,2026-03-25,26
WL0008899,TKT007298,AGT016,2026-03-25,46
WL0008901,TKT007300,AGT003,2026-03-25,67
WL0008902,TKT007301,AGT008,2026-03-25,155
WL0008903,TKT007301,AGT010,2026-03-25,16
WL0008904,TKT007302,AGT012,2026-03-25,77
WL0008905,TKT007303,AGT013,2026-03-25,117
WL0008906,TKT007303,AGT017,2026-03-25,63
WL0008907,TKT007304,AGT013,2026-03-25,24
WL0008908,TKT007305,AGT003,2026-03-25,21
WL0008909,TKT007306,AGT002,2026-03-25,24
WL0008910,TKT007307,AGT004,2026-03-25,95
WL0008911,TKT007308,AGT017,2026-03-25,154
WL0008912,TKT007309,AGT012,2026-03-25,157
WL0008913,TKT007310,AGT018,2026-03-25,57
WL0008914,TKT007311,AGT003,2026-03-25,112
WL0008915,TKT007312,AGT010,2026-03-26,93
WL0008916,TKT007313,AGT003,2026-03-26,37
WL0008917,TKT007314,AGT016,2026-03-26,49
WL0008918,TKT007315,AGT018,2026-03-26,55
WL0008919,TKT007316,AGT013,2026-03-26,57
WL0008920,TKT007317,AGT007,2026-03-26,128
WL0008921,TKT007317,AGT008,2026-03-26,236
WL0008922,TKT007318,AGT013,2026-03-26,63
WL0008923,TKT007319,AGT018,2026-03-26,84
WL0008924,TKT007320,AGT006,2026-03-26,223
WL0008925,TKT007321,AGT016,2026-03-26,50
WL0008926,TKT007322,AGT001,2026-03-26,129
WL0008927,TKT007323,AGT016,2026-03-26,60
WL0008928,TKT007324,AGT003,2026-03-26,59
WL0008929,TKT007325,AGT014,2026-03-26,78
WL0008930,TKT007326,AGT009,2026-03-26,120
WL0008931,TKT007327,AGT010,2026-03-26,37
WL0008932,TKT007327,AGT011,2026-03-26,67
WL0008933,TKT007328,AGT001,2026-03-26,96
WL0008934,TKT007329,AGT003,2026-03-26,35
WL0008935,TKT007329,AGT004,2026-03-26,65
WL0008936,TKT007330,AGT011,2026-03-26,24
WL0008937,TKT007330,AGT012,2026-03-26,14
WL0008938,TKT007331,AGT014,2026-03-26,127
WL0008939,TKT007332,AGT015,2026-03-26,46
WL0008940,TKT007333,AGT003,2026-03-26,94
WL0008941,TKT007334,AGT008,2026-03-26,86
WL0008942,TKT007334,AGT010,2026-03-26,47
WL0008943,TKT007335,AGT006,2026-03-26,133
WL0008944,TKT007336,AGT009,2026-03-26,38
WL0008945,TKT007336,AGT011,2026-03-26,21
WL0008946,TKT007337,AGT008,2026-03-26,64
WL0008947,TKT007338,AGT012,2026-03-26,149
WL0008948,TKT007339,AGT013,2026-03-26,26
WL0008949,TKT007339,AGT014,2026-03-26,47
WL0008950,TKT007340,AGT010,2026-03-26,131
WL0008951,TKT007341,AGT011,2026-03-26,126
WL0008952,TKT007342,AGT013,2026-03-26,23
WL0008953,TKT007342,AGT015,2026-03-26,41
WL0008954,TKT007343,AGT010,2026-03-26,34
WL0008955,TKT007343,AGT011,2026-03-26,62
WL0008956,TKT007344,AGT017,2026-03-26,144
WL0008957,TKT007345,AGT015,2026-03-26,62
WL0008958,TKT007346,AGT014,2026-03-26,86
WL0008959,TKT007347,AGT014,2026-03-26,67
WL0008960,TKT007348,AGT017,2026-03-26,127
WL0008961,TKT007349,AGT004,2026-03-26,30
WL0008962,TKT007349,AGT006,2026-03-26,17
WL0008963,TKT007350,AGT006,2026-03-26,67
WL0008964,TKT007351,AGT003,2026-03-26,82
WL0008965,TKT007352,AGT016,2026-03-26,39
WL0008966,TKT007353,AGT015,2026-03-26,39
WL0008967,TKT007354,AGT014,2026-03-26,105
WL0008968,TKT007354,AGT015,2026-03-26,53
WL0008969,TKT007355,AGT004,2026-03-26,117
WL0008970,TKT007356,AGT007,2026-03-26,41
WL0008971,TKT007357,AGT018,2026-03-26,54
WL0008972,TKT007358,AGT008,2026-03-26,94
WL0008973,TKT007358,AGT010,2026-03-26,130
WL0008974,TKT007359,AGT015,2026-03-26,24
WL0008977,TKT007361,AGT011,2026-03-27,74
WL0008978,TKT007362,AGT018,2026-03-27,33
WL0008979,TKT007363,AGT009,2026-03-27,60
WL0008980,TKT007364,AGT015,2026-03-27,58
WL0008981,TKT007365,AGT013,2026-03-27,43
WL0008982,TKT007366,AGT003,2026-03-27,18
WL0008983,TKT007366,AGT004,2026-03-27,33
WL0008984,TKT007367,AGT013,2026-03-27,37
WL0008986,TKT007369,AGT013,2026-03-27,155
WL0008987,TKT007370,AGT009,2026-03-27,100
WL0008988,TKT007371,AGT014,2026-03-27,75
WL0008990,TKT007373,AGT015,2026-03-27,67
WL0008991,TKT007374,AGT004,2026-03-27,119
WL0008992,TKT007375,AGT009,2026-03-27,119
WL0008993,TKT007376,AGT002,2026-03-27,44
WL0008994,TKT007376,AGT003,2026-03-27,24
WL0008995,TKT007377,AGT013,2026-03-27,57
WL0008996,TKT007378,AGT014,2026-03-27,124
WL0008997,TKT007379,AGT012,2026-03-27,138
WL0008998,TKT007380,AGT007,2026-03-27,23
WL0008999,TKT007381,AGT002,2026-03-27,31
WL0009000,TKT007381,AGT004,2026-03-27,17
WL0009001,TKT007382,AGT014,2026-03-27,67
WL0009002,TKT007383,AGT011,2026-03-27,24
WL0009003,TKT007384,AGT006,2026-03-27,53
WL0009004,TKT007385,AGT007,2026-03-27,95
WL0009005,TKT007386,AGT004,2026-03-27,48
WL0009006,TKT007387,AGT015,2026-03-27,95
WL0009007,TKT007388,AGT007,2026-03-27,121
WL0009008,TKT007389,AGT018,2026-03-28,181
WL0009009,TKT007390,AGT010,2026-03-28,80
WL0009010,TKT007391,AGT013,2026-03-28,19
WL0009011,TKT007391,AGT017,2026-03-28,33
WL0009012,TKT007392,AGT016,2026-03-28,47
WL0009015,TKT007394,AGT018,2026-03-28,108
WL0009016,TKT007395,AGT001,2026-03-28,23
WL0009017,TKT007395,AGT002,2026-03-28,41
WL0009018,TKT007396,AGT008,2026-03-28,109
WL0009019,TKT007397,AGT013,2026-03-28,68
WL0009020,TKT007398,AGT017,2026-03-28,28
WL0009021,TKT007398,AGT018,2026-03-28,50
WL0009022,TKT007399,AGT016,2026-03-28,98
WL0009023,TKT007400,AGT010,2026-03-28,78
WL0009024,TKT007401,AGT004,2026-03-28,99
WL0009025,TKT007402,AGT008,2026-03-28,91
WL0009026,TKT007402,AGT010,2026-03-28,49
WL0009027,TKT007403,AGT001,2026-03-28,30
WL0009028,TKT007404,AGT004,2026-03-28,56
WL0009029,TKT007405,AGT017,2026-03-28,17
WL0009030,TKT007405,AGT018,2026-03-28,31
WL0009031,TKT007406,AGT017,2026-03-28,84
WL0009032,TKT007407,AGT004,2026-03-28,42
WL0009033,TKT007408,AGT007,2026-03-28,17
WL0009034,TKT007408,AGT010,2026-03-28,31
WL0009035,TKT007409,AGT018,2026-03-29,30
WL0009036,TKT007410,AGT004,2026-03-29,134
WL0009037,TKT007411,AGT005,2026-03-29,53
WL0009038,TKT007411,AGT006,2026-03-29,30
WL0009040,TKT007413,AGT008,2026-03-29,83
WL0009041,TKT007414,AGT017,2026-03-29,56
WL0009042,TKT007415,AGT001,2026-03-29,156
WL0009043,TKT007416,AGT014,2026-03-29,94
WL0009044,TKT007417,AGT005,2026-03-29,31
WL0009045,TKT007418,AGT017,2026-03-29,63
WL0009046,TKT007419,AGT015,2026-03-29,112
WL0009047,TKT007420,AGT017,2026-03-29,77
WL0009048,TKT007421,AGT015,2026-03-29,86
WL0009049,TKT007422,AGT008,2026-03-29,128
WL0009050,TKT007423,AGT014,2026-03-29,32
WL0009051,TKT007424,AGT001,2026-03-29,56
WL0009052,TKT007425,AGT015,2026-03-29,59
WL0009053,TKT007426,AGT007,2026-03-29,98
WL0009054,TKT007427,AGT007,2026-03-29,92
WL0009055,TKT007428,AGT001,2026-03-29,32
WL0009056,TKT007429,AGT009,2026-03-29,71
WL0009057,TKT007430,AGT005,2026-03-29,47
WL0009058,TKT007431,AGT007,2026-03-29,36
WL0009059,TKT007431,AGT008,2026-03-29,20
WL0009060,TKT007432,AGT014,2026-03-29,29
WL0009061,TKT007432,AGT018,2026-03-29,16
WL0009062,TKT007433,AGT015,2026-03-29,42
WL0009063,TKT007434,AGT005,2026-03-29,114
WL0009064,TKT007435,AGT004,2026-03-29,54
WL0009065,TKT007435,AGT006,2026-03-29,99
WL0009068,TKT007437,AGT018,2026-03-29,41
WL0009069,TKT007438,AGT004,2026-03-30,48
WL0009070,TKT007439,AGT018,2026-03-30,72
WL0009071,TKT007440,AGT003,2026-03-30,31
WL0009072,TKT007441,AGT006,2026-03-30,69
WL0009073,TKT007442,AGT014,2026-03-30,127
WL0009074,TKT007443,AGT007,2026-03-30,152
WL0009075,TKT007444,AGT009,2026-03-30,56
WL0009076,TKT007445,AGT018,2026-03-30,34
WL0009077,TKT007446,AGT002,2026-03-30,67
WL0009078,TKT007447,AGT005,2026-03-30,39
WL0009079,TKT007448,AGT008,2026-03-30,242
WL0009080,TKT007449,AGT010,2026-03-30,93
WL0009081,TKT007450,AGT013,2026-03-30,47
WL0009082,TKT007451,AGT016,2026-03-30,64
WL0009083,TKT007452,AGT002,2026-03-30,65
WL0009084,TKT007452,AGT005,2026-03-30,36
WL0009085,TKT007453,AGT008,2026-03-30,238
WL0009086,TKT007453,AGT012,2026-03-30,104
WL0009087,TKT007454,AGT011,2026-03-30,38
WL0009088,TKT007455,AGT014,2026-03-30,113
WL0009089,TKT007456,AGT013,2026-03-30,33
WL0009090,TKT007456,AGT018,2026-03-30,18
WL0009091,TKT007457,AGT009,2026-03-30,40
WL0009092,TKT007457,AGT012,2026-03-30,73
WL0009093,TKT007458,AGT013,2026-03-30,78
WL0009094,TKT007459,AGT007,2026-03-30,68
WL0009095,TKT007460,AGT011,2026-03-30,164
WL0009096,TKT007461,AGT007,2026-03-30,202
WL0009097,TKT007462,AGT017,2026-03-30,108
WL0009098,TKT007463,AGT013,2026-03-30,48
WL0009099,TKT007464,AGT007,2026-03-30,58
WL0009100,TKT007464,AGT010,2026-03-30,3
WL0009101,TKT007465,AGT006,2026-03-30,80
WL0009102,TKT007466,AGT016,2026-03-30,64
WL0009103,TKT007467,AGT004,2026-03-30,56
WL0009104,TKT007468,AGT017,2026-03-30,71
WL0009105,TKT007469,AGT010,2026-03-30,68
WL0009106,TKT007470,AGT009,2026-03-30,37
WL0009107,TKT007470,AGT011,2026-03-30,21
WL0009108,TKT007471,AGT011,2026-03-30,115
WL0009109,TKT007472,AGT014,2026-03-30,115
WL0009110,TKT007473,AGT018,2026-03-30,269
WL0009111,TKT007474,AGT009,2026-03-30,39
WL0009112,TKT007475,AGT005,2026-03-30,39
WL0009113,TKT007476,AGT016,2026-03-30,36
WL0009114,TKT007477,AGT010,2026-03-30,130
WL0009115,TKT007478,AGT014,2026-03-30,61
WL0009116,TKT007479,AGT009,2026-03-30,129
WL0009117,TKT007480,AGT012,2026-03-30,39
WL0009118,TKT007481,AGT011,2026-03-30,63
WL0009119,TKT007482,AGT017,2026-03-30,37
WL0009120,TKT007483,AGT018,2026-03-30,61
WL0009121,TKT007484,AGT014,2026-03-30,34
WL0009122,TKT007484,AGT016,2026-03-30,57
WL0009123,TKT007485,AGT010,2026-03-30,4
WL0009124,TKT007485,AGT012,2026-03-30,264
WL0009125,TKT007486,AGT013,2026-03-30,45
WL0009126,TKT007487,AGT011,2026-03-30,44
WL0009127,TKT007488,AGT007,2026-03-31,71
WL0009128,TKT007489,AGT013,2026-03-31,55
WL0009129,TKT007489,AGT018,2026-03-31,100
WL0009130,TKT007490,AGT008,2026-03-31,48
WL0009131,TKT007491,AGT004,2026-03-31,25
WL0009132,TKT007492,AGT016,2026-03-31,152
WL0009133,TKT007493,AGT008,2026-03-31,66
WL0009134,TKT007493,AGT011,2026-03-31,37
WL0009137,TKT007496,AGT006,2026-03-31,109
WL0009138,TKT007497,AGT009,2026-03-31,137
WL0009139,TKT007498,AGT001,2026-03-31,117
WL0009140,TKT007499,AGT010,2026-03-31,82
WL0009141,TKT007500,AGT015,2026-03-31,39
WL0009142,TKT007501,AGT018,2026-03-31,90
WL0009143,TKT007502,AGT003,2026-03-31,40
WL0009144,TKT007503,AGT017,2026-03-31,74
WL0009145,TKT007504,AGT006,2026-03-31,16
WL0009146,TKT007505,AGT011,2026-03-31,87
WL0009147,TKT007506,AGT014,2026-03-31,33
WL0009148,TKT007506,AGT015,2026-03-31,61
WL0009149,TKT007507,AGT001,2026-03-31,133
WL0009150,TKT007508,AGT008,2026-03-31,37
WL0009151,TKT007508,AGT012,2026-03-31,67
WL0009152,TKT007509,AGT006,2026-03-31,30
WL0009153,TKT007510,AGT004,2026-03-31,58
WL0009154,TKT007511,AGT018,2026-03-31,43
WL0009155,TKT007512,AGT016,2026-03-31,92
WL0009156,TKT007513,AGT013,2026-03-31,28
WL0009157,TKT007514,AGT003,2026-03-31,71
WL0009158,TKT007515,AGT006,2026-03-31,27
WL0009159,TKT007516,AGT003,2026-03-31,42
WL0009160,TKT007517,AGT006,2026-03-31,53
WL0009161,TKT007518,AGT013,2026-03-31,21
WL0009162,TKT007519,AGT011,2026-03-31,76
WL0009163,TKT007520,AGT007,2026-03-31,109
WL0009164,TKT007521,AGT016,2026-03-31,59
WL0009165,TKT007522,AGT003,2026-03-31,36
WL0009166,TKT007523,AGT018,2026-03-31,69
WL0009167,TKT007524,AGT007,2026-03-31,34
WL0009168,TKT007524,AGT008,2026-03-31,63
WL0009169,TKT007525,AGT012,2026-03-31,162
WL0009170,TKT007526,AGT013,2026-03-31,27
WL0009171,TKT007526,AGT018,2026-03-31,49
WL0009172,TKT007527,AGT010,2026-03-31,159
WL0009173,TKT007527,AGT011,2026-03-31,86
WL0009174,TKT007528,AGT010,2026-03-31,42
WL0009175,TKT007529,AGT015,2026-03-31,169
WL0009176,TKT007530,AGT015,2026-03-31,62
WL0009177,TKT007531,AGT010,2026-03-31,162
WL0009178,TKT007532,AGT001,2026-04-01,62
WL0009179,TKT007532,AGT006,2026-04-01,34
WL0009180,TKT007533,AGT012,2026-04-01,97
WL0009181,TKT007534,AGT001,2026-04-01,21
WL0009182,TKT007534,AGT002,2026-04-01,39
WL0009183,TKT007535,AGT013,2026-04-01,42
WL0009184,TKT007536,AGT009,2026-04-01,86
WL0009185,TKT007537,AGT014,2026-04-01,57
WL0009186,TKT007538,AGT012,2026-04-01,106
WL0009187,TKT007539,AGT006,2026-04-01,36
WL0009188,TKT007540,AGT006,2026-04-01,74
WL0009189,TKT007541,AGT015,2026-04-01,30
WL0009190,TKT007542,AGT002,2026-04-01,48
WL0009191,TKT007542,AGT005,2026-04-01,26
WL0009192,TKT007543,AGT012,2026-04-01,79
WL0009193,TKT007544,AGT011,2026-04-01,74
WL0009194,TKT007545,AGT018,2026-04-01,47
WL0009195,TKT007546,AGT005,2026-04-01,29
WL0009196,TKT007546,AGT006,2026-04-01,17
WL0009197,TKT007547,AGT001,2026-04-01,50
WL0009198,TKT007548,AGT009,2026-04-01,71
WL0009199,TKT007549,AGT002,2026-04-01,92
WL0009200,TKT007550,AGT002,2026-04-01,238
WL0009201,TKT007551,AGT017,2026-04-01,37
WL0009202,TKT007551,AGT018,2026-04-01,20
WL0009203,TKT007552,AGT003,2026-04-01,45
WL0009204,TKT007553,AGT011,2026-04-01,125
WL0009205,TKT007554,AGT002,2026-04-01,40
WL0009206,TKT007555,AGT017,2026-04-01,38
WL0009207,TKT007556,AGT014,2026-04-01,36
WL0009208,TKT007557,AGT009,2026-04-01,14
WL0009209,TKT007557,AGT012,2026-04-01,26
WL0009210,TKT007558,AGT006,2026-04-01,63
WL0009211,TKT007559,AGT018,2026-04-01,41
WL0009212,TKT007560,AGT014,2026-04-01,62
WL0009213,TKT007561,AGT003,2026-04-01,52
WL0009214,TKT007562,AGT017,2026-04-01,99
WL0009215,TKT007563,AGT011,2026-04-01,114
WL0009216,TKT007563,AGT012,2026-04-01,62
WL0009217,TKT007564,AGT015,2026-04-01,91
WL0009218,TKT007565,AGT014,2026-04-01,78
WL0009219,TKT007566,AGT015,2026-04-01,68
WL0009220,TKT007567,AGT012,2026-04-01,82
WL0009221,TKT007568,AGT017,2026-04-01,54
WL0009222,TKT007569,AGT013,2026-04-01,63
WL0009223,TKT007570,AGT013,2026-04-01,90
WL0009224,TKT007570,AGT014,2026-04-01,49
WL0009225,TKT007571,AGT015,2026-04-01,89
WL0009226,TKT007572,AGT009,2026-04-01,61
WL0009227,TKT007573,AGT011,2026-04-01,96
WL0009228,TKT007573,AGT012,2026-04-01,28
WL0009229,TKT007574,AGT002,2026-04-01,53
WL0009230,TKT007574,AGT006,2026-04-01,142
WL0009231,TKT007575,AGT001,2026-04-01,28
WL0009232,TKT007576,AGT009,2026-04-01,2
WL0009233,TKT007576,AGT011,2026-04-01,71
WL0009234,TKT007577,AGT009,2026-04-01,157
WL0009235,TKT007578,AGT001,2026-04-01,78
WL0009236,TKT007579,AGT009,2026-04-01,58
WL0009237,TKT007580,AGT006,2026-04-01,39
WL0009238,TKT007581,AGT009,2026-04-01,31
WL0009239,TKT007581,AGT017,2026-04-01,57
WL0009240,TKT007582,AGT003,2026-04-01,56
WL0009241,TKT007583,AGT006,2026-04-01,45
WL0009242,TKT007584,AGT015,2026-04-01,98
WL0009243,TKT007585,AGT001,2026-04-01,105
WL0009244,TKT007586,AGT014,2026-04-01,45
WL0009245,TKT007587,AGT018,2026-04-01,111
WL0009246,TKT007588,AGT015,2026-04-01,44
WL0009247,TKT007589,AGT002,2026-04-02,77
WL0009248,TKT007590,AGT016,2026-04-02,49
WL0009249,TKT007591,AGT002,2026-04-02,48
WL0009250,TKT007592,AGT012,2026-04-02,137
WL0009251,TKT007593,AGT010,2026-04-02,55
WL0009252,TKT007594,AGT001,2026-04-02,42
WL0009253,TKT007595,AGT001,2026-04-02,42
WL0009254,TKT007596,AGT015,2026-04-02,24
WL0009255,TKT007597,AGT012,2026-04-02,104
WL0009256,TKT007598,AGT002,2026-04-02,35
WL0009257,TKT007599,AGT009,2026-04-02,112
WL0009258,TKT007600,AGT015,2026-04-02,54
WL0009259,TKT007600,AGT016,2026-04-02,99
WL0009260,TKT007601,AGT014,2026-04-02,38
WL0009261,TKT007601,AGT016,2026-04-02,21
WL0009262,TKT007602,AGT013,2026-04-02,38
WL0009263,TKT007603,AGT004,2026-04-02,43
WL0009264,TKT007604,AGT009,2026-04-02,122
WL0009265,TKT007605,AGT012,2026-04-02,171
WL0009266,TKT007606,AGT001,2026-04-02,44
WL0009267,TKT007607,AGT001,2026-04-02,57
WL0009268,TKT007608,AGT001,2026-04-02,96
WL0009269,TKT007609,AGT018,2026-04-02,72
WL0009270,TKT007610,AGT010,2026-04-02,89
WL0009271,TKT007611,AGT007,2026-04-02,31
WL0009272,TKT007612,AGT006,2026-04-02,22
WL0009273,TKT007613,AGT008,2026-04-02,76
WL0009274,TKT007614,AGT015,2026-04-02,76
WL0009275,TKT007615,AGT009,2026-04-02,125
WL0009276,TKT007616,AGT006,2026-04-02,62
WL0009277,TKT007617,AGT007,2026-04-02,170
WL0009278,TKT007617,AGT012,2026-04-02,68
WL0009279,TKT007618,AGT008,2026-04-02,139
WL0009280,TKT007619,AGT006,2026-04-02,76
WL0009281,TKT007620,AGT016,2026-04-02,88
WL0009282,TKT007621,AGT008,2026-04-02,86
WL0009283,TKT007621,AGT009,2026-04-02,121
WL0009284,TKT007622,AGT013,2026-04-02,39
WL0009285,TKT007623,AGT008,2026-04-02,82
WL0009286,TKT007623,AGT011,2026-04-02,45
WL0009287,TKT007624,AGT013,2026-04-02,80
WL0009288,TKT007625,AGT014,2026-04-02,50
WL0009289,TKT007626,AGT014,2026-04-02,49
WL0009290,TKT007627,AGT015,2026-04-02,103
WL0009291,TKT007628,AGT001,2026-04-02,92
WL0009292,TKT007629,AGT006,2026-04-02,88
WL0009293,TKT007630,AGT013,2026-04-02,10
WL0009294,TKT007630,AGT015,2026-04-02,16
WL0009295,TKT007631,AGT011,2026-04-02,87
WL0009296,TKT007632,AGT014,2026-04-02,41
WL0009297,TKT007632,AGT018,2026-04-02,76
WL0009298,TKT007633,AGT013,2026-04-02,19
WL0009299,TKT007634,AGT010,2026-04-02,76
WL0009300,TKT007635,AGT016,2026-04-02,29
WL0009301,TKT007636,AGT011,2026-04-02,119
WL0009302,TKT007637,AGT006,2026-04-02,46
WL0009303,TKT007638,AGT016,2026-04-02,117
WL0009304,TKT007639,AGT001,2026-04-02,77
WL0009305,TKT007639,AGT002,2026-04-02,2
WL0009306,TKT007640,AGT016,2026-04-02,27
WL0009307,TKT007641,AGT013,2026-04-02,20
WL0009308,TKT007641,AGT018,2026-04-02,35
WL0009309,TKT007642,AGT006,2026-04-02,57
WL0009310,TKT007643,AGT007,2026-04-02,74
WL0009311,TKT007644,AGT014,2026-04-02,42
WL0009312,TKT007644,AGT015,2026-04-02,24
WL0009313,TKT007645,AGT003,2026-04-03,49
WL0009314,TKT007646,AGT009,2026-04-03,175
WL0009315,TKT007647,AGT003,2026-04-03,28
WL0009316,TKT007648,AGT004,2026-04-03,26
WL0009317,TKT007649,AGT007,2026-04-03,63
WL0009318,TKT007650,AGT009,2026-04-03,89
WL0009319,TKT007650,AGT010,2026-04-03,48
WL0009320,TKT007651,AGT017,2026-04-03,79
WL0009321,TKT007652,AGT018,2026-04-03,16
WL0009322,TKT007653,AGT015,2026-04-03,43
WL0009323,TKT007654,AGT018,2026-04-03,111
WL0009324,TKT007655,AGT006,2026-04-03,47
WL0009325,TKT007656,AGT014,2026-04-03,18
WL0009326,TKT007656,AGT017,2026-04-03,31
WL0009327,TKT007657,AGT004,2026-04-03,56
WL0009328,TKT007658,AGT006,2026-04-03,171
WL0009329,TKT007659,AGT010,2026-04-03,49
WL0009331,TKT007661,AGT011,2026-04-03,136
WL0009332,TKT007662,AGT017,2026-04-03,58
WL0009333,TKT007663,AGT009,2026-04-03,114
WL0009334,TKT007664,AGT004,2026-04-03,58
WL0009335,TKT007665,AGT006,2026-04-03,23
WL0009336,TKT007666,AGT003,2026-04-03,45
WL0009337,TKT007667,AGT007,2026-04-03,48
WL0009338,TKT007668,AGT011,2026-04-03,73
WL0009339,TKT007669,AGT006,2026-04-03,180
WL0009340,TKT007670,AGT014,2026-04-03,39
WL0009341,TKT007671,AGT014,2026-04-03,13
WL0009342,TKT007671,AGT018,2026-04-03,8
WL0009343,TKT007672,AGT003,2026-04-03,120
WL0009344,TKT007672,AGT006,2026-04-03,59
WL0009345,TKT007673,AGT007,2026-04-03,72
WL0009346,TKT007674,AGT007,2026-04-03,112
WL0009347,TKT007675,AGT014,2026-04-03,50
WL0009348,TKT007675,AGT015,2026-04-03,27
WL0009349,TKT007676,AGT007,2026-04-03,99
WL0009350,TKT007677,AGT004,2026-04-03,23
WL0009351,TKT007678,AGT003,2026-04-03,76
WL0009352,TKT007679,AGT017,2026-04-03,104
WL0009353,TKT007680,AGT011,2026-04-03,63
WL0009354,TKT007680,AGT012,2026-04-03,117
WL0009355,TKT007681,AGT009,2026-04-03,72
WL0009356,TKT007681,AGT011,2026-04-03,75
WL0009357,TKT007682,AGT011,2026-04-03,77
WL0009358,TKT007683,AGT014,2026-04-03,194
WL0009359,TKT007684,AGT010,2026-04-03,37
WL0009360,TKT007685,AGT003,2026-04-03,43
WL0009361,TKT007686,AGT012,2026-04-03,172
WL0009362,TKT007687,AGT003,2026-04-03,69
WL0009363,TKT007687,AGT004,2026-04-03,23
WL0009364,TKT007688,AGT007,2026-04-03,10
WL0009365,TKT007688,AGT011,2026-04-03,56
WL0009366,TKT007689,AGT014,2026-04-03,46
WL0009367,TKT007689,AGT015,2026-04-03,20
WL0009368,TKT007690,AGT010,2026-04-03,27
WL0009369,TKT007691,AGT004,2026-04-03,106
WL0009370,TKT007692,AGT004,2026-04-03,64
WL0009371,TKT007693,AGT015,2026-04-03,40
WL0009372,TKT007694,AGT005,2026-04-04,63
WL0009373,TKT007695,AGT002,2026-04-04,40
WL0009374,TKT007696,AGT006,2026-04-04,101
WL0009375,TKT007697,AGT015,2026-04-04,152
WL0009376,TKT007698,AGT014,2026-04-04,31
WL0009377,TKT007699,AGT008,2026-04-04,14
WL0009378,TKT007699,AGT009,2026-04-04,9
WL0009379,TKT007700,AGT004,2026-04-04,93
WL0009380,TKT007701,AGT005,2026-04-04,79
WL0009381,TKT007702,AGT015,2026-04-04,74
WL0009382,TKT007703,AGT008,2026-04-04,24
WL0009383,TKT007703,AGT011,2026-04-04,44
WL0009384,TKT007704,AGT015,2026-04-04,38
WL0009385,TKT007705,AGT015,2026-04-04,31
WL0009386,TKT007706,AGT002,2026-04-04,107
WL0009387,TKT007707,AGT011,2026-04-04,48
WL0009388,TKT007708,AGT014,2026-04-04,145
WL0009389,TKT007709,AGT003,2026-04-04,69
WL0009390,TKT007709,AGT006,2026-04-04,38
WL0009391,TKT007710,AGT015,2026-04-04,87
WL0009392,TKT007711,AGT012,2026-04-04,47
WL0009393,TKT007712,AGT015,2026-04-04,59
WL0009394,TKT007713,AGT004,2026-04-04,44
WL0009395,TKT007714,AGT014,2026-04-04,75
WL0009396,TKT007714,AGT015,2026-04-04,9
WL0009397,TKT007715,AGT006,2026-04-04,92
WL0009398,TKT007716,AGT007,2026-04-05,56
WL0009399,TKT007716,AGT011,2026-04-05,103
WL0009400,TKT007717,AGT004,2026-04-05,50
WL0009401,TKT007718,AGT007,2026-04-05,67
WL0009402,TKT007719,AGT005,2026-04-05,60
WL0009403,TKT007720,AGT013,2026-04-05,23
WL0009404,TKT007721,AGT004,2026-04-05,62
WL0009405,TKT007722,AGT017,2026-04-05,71
WL0009406,TKT007723,AGT007,2026-04-05,71
WL0009407,TKT007724,AGT007,2026-04-05,40
WL0009408,TKT007725,AGT007,2026-04-05,216
WL0009409,TKT007726,AGT004,2026-04-05,88
WL0009410,TKT007727,AGT015,2026-04-05,60
WL0009411,TKT007728,AGT018,2026-04-05,106
WL0009412,TKT007729,AGT017,2026-04-05,91
WL0009413,TKT007730,AGT007,2026-04-05,30
WL0009414,TKT007730,AGT011,2026-04-05,7
WL0009415,TKT007731,AGT018,2026-04-05,217
WL0009416,TKT007732,AGT017,2026-04-05,56
WL0009417,TKT007732,AGT018,2026-04-05,31
WL0009418,TKT007733,AGT003,2026-04-06,30
WL0009419,TKT007734,AGT017,2026-04-06,31
WL0009420,TKT007734,AGT018,2026-04-06,55
WL0009421,TKT007735,AGT016,2026-04-06,36
WL0009422,TKT007736,AGT003,2026-04-06,223
WL0009423,TKT007737,AGT010,2026-04-06,31
WL0009424,TKT007738,AGT011,2026-04-06,52
WL0009425,TKT007739,AGT008,2026-04-06,25
WL0009426,TKT007739,AGT009,2026-04-06,46
WL0009427,TKT007740,AGT008,2026-04-06,97
WL0009428,TKT007741,AGT010,2026-04-06,17
WL0009429,TKT007742,AGT017,2026-04-06,17
WL0009430,TKT007743,AGT001,2026-04-06,20
WL0009431,TKT007744,AGT011,2026-04-06,47
WL0009432,TKT007744,AGT012,2026-04-06,86
WL0009433,TKT007745,AGT007,2026-04-06,93
WL0009434,TKT007746,AGT003,2026-04-06,14
WL0009435,TKT007746,AGT005,2026-04-06,24
WL0009436,TKT007747,AGT004,2026-04-06,36
WL0009437,TKT007748,AGT017,2026-04-06,53
WL0009438,TKT007749,AGT004,2026-04-06,76
WL0009439,TKT007750,AGT016,2026-04-06,35
WL0009440,TKT007751,AGT014,2026-04-06,50
WL0009441,TKT007751,AGT017,2026-04-06,27
WL0009442,TKT007752,AGT012,2026-04-06,52
WL0009443,TKT007753,AGT001,2026-04-06,79
WL0009444,TKT007754,AGT011,2026-04-06,37
WL0009445,TKT007754,AGT012,2026-04-06,68
WL0009446,TKT007755,AGT017,2026-04-06,28
WL0009447,TKT007756,AGT004,2026-04-06,44
WL0009448,TKT007757,AGT014,2026-04-06,75
WL0009449,TKT007758,AGT006,2026-04-06,77
WL0009450,TKT007759,AGT010,2026-04-06,191
WL0009451,TKT007760,AGT014,2026-04-06,48
WL0009452,TKT007760,AGT016,2026-04-06,27
WL0009453,TKT007761,AGT010,2026-04-06,100
WL0009454,TKT007762,AGT017,2026-04-06,26
WL0009455,TKT007763,AGT010,2026-04-06,50
WL0009456,TKT007764,AGT018,2026-04-06,67
WL0009457,TKT007765,AGT005,2026-04-06,61
WL0009458,TKT007766,AGT004,2026-04-06,31
WL0009459,TKT007767,AGT002,2026-04-06,79
WL0009460,TKT007768,AGT012,2026-04-06,47
WL0009461,TKT007769,AGT014,2026-04-06,23
WL0009462,TKT007770,AGT003,2026-04-06,81
WL0009463,TKT007771,AGT016,2026-04-06,108
WL0009464,TKT007772,AGT016,2026-04-06,171
WL0009465,TKT007773,AGT009,2026-04-06,100
WL0009466,TKT007774,AGT009,2026-04-06,147
WL0009467,TKT007775,AGT004,2026-04-06,23
WL0009468,TKT007776,AGT016,2026-04-06,83
WL0009469,TKT007776,AGT017,2026-04-06,152
WL0009470,TKT007777,AGT016,2026-04-06,20
WL0009471,TKT007777,AGT018,2026-04-06,38
WL0009472,TKT007778,AGT011,2026-04-06,105
WL0009473,TKT007779,AGT009,2026-04-06,63
WL0009474,TKT007780,AGT001,2026-04-06,70
WL0009475,TKT007781,AGT007,2026-04-06,91
WL0009476,TKT007781,AGT010,2026-04-06,49
WL0009477,TKT007782,AGT001,2026-04-07,27
WL0009478,TKT007783,AGT011,2026-04-07,125
WL0009479,TKT007784,AGT014,2026-04-07,116
WL0009480,TKT007785,AGT003,2026-04-07,38
WL0009481,TKT007786,AGT003,2026-04-07,16
WL0009482,TKT007786,AGT006,2026-04-07,29
WL0009483,TKT007787,AGT009,2026-04-07,93
WL0009484,TKT007788,AGT013,2026-04-07,61
WL0009485,TKT007789,AGT001,2026-04-07,89
WL0009486,TKT007790,AGT003,2026-04-07,68
WL0009487,TKT007791,AGT018,2026-04-07,83
WL0009488,TKT007792,AGT010,2026-04-07,154
WL0009489,TKT007793,AGT009,2026-04-07,56
WL0009490,TKT007793,AGT010,2026-04-07,102
WL0009491,TKT007794,AGT012,2026-04-07,98
WL0009492,TKT007795,AGT014,2026-04-07,68
WL0009494,TKT007797,AGT006,2026-04-07,56
WL0009495,TKT007798,AGT003,2026-04-07,74
WL0009496,TKT007799,AGT008,2026-04-07,141
WL0009497,TKT007800,AGT003,2026-04-07,30
WL0009498,TKT007800,AGT006,2026-04-07,17
WL0009499,TKT007801,AGT017,2026-04-07,35
WL0009500,TKT007802,AGT018,2026-04-07,70
WL0009501,TKT007803,AGT017,2026-04-07,39
WL0009502,TKT007804,AGT008,2026-04-07,197
WL0009503,TKT007805,AGT013,2026-04-07,68
WL0009504,TKT007806,AGT010,2026-04-07,63
WL0009505,TKT007807,AGT013,2026-04-07,146
WL0009506,TKT007808,AGT018,2026-04-07,78
WL0009507,TKT007809,AGT016,2026-04-07,48
WL0009508,TKT007810,AGT009,2026-04-07,12
WL0009509,TKT007810,AGT011,2026-04-07,20
WL0009510,TKT007811,AGT013,2026-04-07,97
WL0009511,TKT007812,AGT003,2026-04-07,48
WL0009512,TKT007813,AGT012,2026-04-07,82
WL0009513,TKT007814,AGT013,2026-04-07,103
WL0009514,TKT007815,AGT010,2026-04-07,30
WL0009516,TKT007817,AGT017,2026-04-07,35
WL0009517,TKT007818,AGT017,2026-04-07,36
WL0009518,TKT007819,AGT018,2026-04-07,82
WL0009519,TKT007820,AGT005,2026-04-07,38
WL0009520,TKT007821,AGT017,2026-04-07,35
WL0009521,TKT007822,AGT001,2026-04-07,30
WL0009522,TKT007822,AGT006,2026-04-07,55
WL0009523,TKT007823,AGT001,2026-04-07,92
WL0009524,TKT007824,AGT014,2026-04-07,53
WL0009525,TKT007825,AGT017,2026-04-07,34
WL0009526,TKT007826,AGT004,2026-04-08,47
WL0009527,TKT007827,AGT015,2026-04-08,44
WL0009528,TKT007828,AGT002,2026-04-08,48
WL0009529,TKT007828,AGT004,2026-04-08,27
WL0009530,TKT007829,AGT016,2026-04-08,119
WL0009531,TKT007830,AGT003,2026-04-08,117
WL0009532,TKT007831,AGT004,2026-04-08,31
WL0009533,TKT007832,AGT015,2026-04-08,27
WL0009534,TKT007833,AGT013,2026-04-08,107
WL0009535,TKT007834,AGT004,2026-04-08,39
WL0009536,TKT007835,AGT015,2026-04-08,31
WL0009537,TKT007835,AGT016,2026-04-08,17
WL0009538,TKT007836,AGT012,2026-04-08,305
WL0009539,TKT007837,AGT001,2026-04-08,37
WL0009540,TKT007837,AGT003,2026-04-08,20
WL0009541,TKT007838,AGT015,2026-04-08,28
WL0009542,TKT007839,AGT009,2026-04-08,76
WL0009543,TKT007840,AGT006,2026-04-08,24
WL0009544,TKT007841,AGT017,2026-04-08,74
WL0009545,TKT007842,AGT003,2026-04-08,16
WL0009546,TKT007842,AGT005,2026-04-08,29
WL0009547,TKT007843,AGT001,2026-04-08,26
WL0009548,TKT007844,AGT013,2026-04-08,163
WL0009549,TKT007844,AGT015,2026-04-08,89
WL0009550,TKT007845,AGT007,2026-04-08,41
WL0009551,TKT007846,AGT010,2026-04-08,28
WL0009552,TKT007846,AGT012,2026-04-08,52
WL0009553,TKT007847,AGT001,2026-04-08,42
WL0009554,TKT007848,AGT002,2026-04-08,37
WL0009555,TKT007849,AGT009,2026-04-08,28
WL0009556,TKT007849,AGT011,2026-04-08,50
WL0009557,TKT007850,AGT002,2026-04-08,23
WL0009558,TKT007850,AGT006,2026-04-08,40
WL0009559,TKT007851,AGT013,2026-04-08,31
WL0009560,TKT007852,AGT017,2026-04-08,45
WL0009561,TKT007853,AGT015,2026-04-08,38
WL0009562,TKT007854,AGT004,2026-04-08,80
WL0009563,TKT007855,AGT008,2026-04-08,86
WL0009564,TKT007855,AGT012,2026-04-08,123
WL0009565,TKT007856,AGT016,2026-04-08,68
WL0009566,TKT007857,AGT015,2026-04-08,104
WL0009567,TKT007858,AGT009,2026-04-08,37
WL0009568,TKT007859,AGT016,2026-04-08,21
WL0009569,TKT007860,AGT016,2026-04-08,44
WL0009570,TKT007861,AGT002,2026-04-08,24
WL0009571,TKT007862,AGT010,2026-04-08,152
WL0009572,TKT007863,AGT007,2026-04-08,96
WL0009573,TKT007864,AGT013,2026-04-08,155
WL0009574,TKT007865,AGT016,2026-04-08,89
WL0009575,TKT007866,AGT002,2026-04-08,54
WL0009576,TKT007867,AGT015,2026-04-08,35
WL0009577,TKT007868,AGT016,2026-04-08,33
WL0009578,TKT007869,AGT006,2026-04-09,25
WL0009579,TKT007870,AGT004,2026-04-09,23
WL0009580,TKT007871,AGT013,2026-04-09,66
WL0009581,TKT007872,AGT014,2026-04-09,44
WL0009582,TKT007873,AGT006,2026-04-09,39
WL0009583,TKT007874,AGT005,2026-04-09,102
WL0009584,TKT007875,AGT004,2026-04-09,14
WL0009585,TKT007875,AGT006,2026-04-09,25
WL0009586,TKT007876,AGT017,2026-04-09,228
WL0009587,TKT007877,AGT009,2026-04-09,146
WL0009588,TKT007878,AGT002,2026-04-09,24
WL0009589,TKT007878,AGT004,2026-04-09,14
WL0009590,TKT007879,AGT009,2026-04-09,161
WL0009591,TKT007880,AGT002,2026-04-09,22
WL0009592,TKT007881,AGT017,2026-04-09,161
WL0009593,TKT007882,AGT013,2026-04-09,80
WL0009594,TKT007883,AGT007,2026-04-09,30
WL0009595,TKT007883,AGT010,2026-04-09,55
WL0009596,TKT007884,AGT007,2026-04-09,38
WL0009597,TKT007885,AGT008,2026-04-09,47
WL0009598,TKT007886,AGT013,2026-04-09,40
WL0009599,TKT007887,AGT007,2026-04-09,133
WL0009600,TKT007888,AGT014,2026-04-09,91
WL0009601,TKT007888,AGT017,2026-04-09,50
WL0009602,TKT007889,AGT009,2026-04-09,53
WL0009603,TKT007890,AGT015,2026-04-09,52
WL0009604,TKT007890,AGT017,2026-04-09,41
WL0009605,TKT007891,AGT002,2026-04-09,34
WL0009606,TKT007892,AGT014,2026-04-09,113
WL0009607,TKT007893,AGT008,2026-04-09,106
WL0009608,TKT007894,AGT018,2026-04-09,49
WL0009609,TKT007895,AGT006,2026-04-09,53
WL0009610,TKT007896,AGT013,2026-04-09,22
WL0009611,TKT007897,AGT007,2026-04-09,160
WL0009612,TKT007898,AGT008,2026-04-09,93
WL0009613,TKT007898,AGT009,2026-04-09,51
WL0009614,TKT007899,AGT015,2026-04-09,37
WL0009615,TKT007900,AGT009,2026-04-09,17
WL0009616,TKT007900,AGT010,2026-04-09,29
WL0009617,TKT007901,AGT005,2026-04-09,37
WL0009618,TKT007902,AGT010,2026-04-09,60
WL0009619,TKT007903,AGT008,2026-04-09,41
WL0009620,TKT007903,AGT009,2026-04-09,23
WL0009621,TKT007904,AGT001,2026-04-09,105
WL0009622,TKT007905,AGT014,2026-04-09,112
WL0009623,TKT007905,AGT018,2026-04-09,54
WL0009624,TKT007906,AGT010,2026-04-10,57
WL0009625,TKT007907,AGT018,2026-04-10,62
WL0009626,TKT007908,AGT003,2026-04-10,52
WL0009627,TKT007909,AGT002,2026-04-10,19
WL0009628,TKT007909,AGT003,2026-04-10,33
WL0009629,TKT007910,AGT008,2026-04-10,48
WL0009630,TKT007910,AGT011,2026-04-10,89
WL0009631,TKT007911,AGT017,2026-04-10,35
WL0009632,TKT007912,AGT006,2026-04-10,95
WL0009633,TKT007913,AGT017,2026-04-10,87
WL0009634,TKT007914,AGT004,2026-04-10,41
WL0009635,TKT007915,AGT016,2026-04-10,98
WL0009636,TKT007916,AGT015,2026-04-10,32
WL0009637,TKT007916,AGT017,2026-04-10,57
WL0009638,TKT007917,AGT017,2026-04-10,136
WL0009639,TKT007918,AGT003,2026-04-10,25
WL0009640,TKT007919,AGT016,2026-04-10,32
WL0009641,TKT007920,AGT005,2026-04-10,39
WL0009642,TKT007921,AGT006,2026-04-10,36
WL0009643,TKT007922,AGT011,2026-04-10,72
WL0009645,TKT007924,AGT015,2026-04-10,29
WL0009646,TKT007924,AGT018,2026-04-10,17
WL0009647,TKT007925,AGT017,2026-04-10,91
WL0009648,TKT007926,AGT016,2026-04-10,77
WL0009649,TKT007927,AGT001,2026-04-10,78
WL0009650,TKT007928,AGT015,2026-04-10,39
WL0009651,TKT007929,AGT018,2026-04-10,89
WL0009652,TKT007930,AGT018,2026-04-10,84
WL0009653,TKT007931,AGT002,2026-04-10,17
WL0009654,TKT007931,AGT004,2026-04-10,29
WL0009655,TKT007932,AGT018,2026-04-10,54
WL0009656,TKT007933,AGT010,2026-04-10,74
WL0009657,TKT007934,AGT001,2026-04-10,59
WL0009658,TKT007935,AGT015,2026-04-10,121
WL0009659,TKT007936,AGT009,2026-04-10,87
WL0009660,TKT007937,AGT009,2026-04-10,52
WL0009661,TKT007938,AGT017,2026-04-10,24
WL0009662,TKT007939,AGT015,2026-04-10,42
WL0009663,TKT007939,AGT017,2026-04-10,20
WL0009665,TKT007941,AGT013,2026-04-10,30
WL0009666,TKT007942,AGT016,2026-04-10,62
WL0009667,TKT007943,AGT011,2026-04-10,129
WL0009668,TKT007944,AGT001,2026-04-10,38
WL0009669,TKT007945,AGT007,2026-04-10,41
WL0009670,TKT007946,AGT008,2026-04-10,145
WL0009671,TKT007947,AGT011,2026-04-11,108
WL0009672,TKT007948,AGT017,2026-04-11,92
WL0009673,TKT007949,AGT002,2026-04-11,29
WL0009674,TKT007950,AGT002,2026-04-11,34
WL0009675,TKT007950,AGT006,2026-04-11,19
WL0009676,TKT007951,AGT011,2026-04-11,94
WL0009677,TKT007952,AGT008,2026-04-11,151
WL0009678,TKT007953,AGT017,2026-04-11,35
WL0009679,TKT007954,AGT006,2026-04-11,70
WL0009680,TKT007955,AGT006,2026-04-11,55
WL0009681,TKT007956,AGT006,2026-04-11,23
WL0009682,TKT007957,AGT013,2026-04-11,163
WL0009683,TKT007958,AGT018,2026-04-11,113
WL0009684,TKT007959,AGT006,2026-04-11,83
WL0009685,TKT007960,AGT011,2026-04-11,113
WL0009686,TKT007961,AGT017,2026-04-11,110
WL0009687,TKT007962,AGT008,2026-04-11,107
WL0009688,TKT007963,AGT008,2026-04-11,62
WL0009689,TKT007963,AGT011,2026-04-11,165
WL0009690,TKT007964,AGT002,2026-04-11,165
WL0009691,TKT007964,AGT006,2026-04-11,89
WL0009692,TKT007965,AGT008,2026-04-11,96
WL0009693,TKT007966,AGT006,2026-04-11,72
WL0009694,TKT007967,AGT018,2026-04-11,152
WL0009695,TKT007968,AGT002,2026-04-11,41
WL0009696,TKT007968,AGT006,2026-04-11,39
WL0009697,TKT007969,AGT002,2026-04-11,33
WL0009698,TKT007969,AGT008,2026-04-11,64
WL0009699,TKT007970,AGT013,2026-04-11,51
WL0009700,TKT007971,AGT002,2026-04-11,40
WL0009701,TKT007971,AGT017,2026-04-11,73
WL0009702,TKT007972,AGT013,2026-04-11,83
WL0009703,TKT007973,AGT018,2026-04-11,63
WL0009704,TKT007974,AGT013,2026-04-12,117
WL0009705,TKT007975,AGT004,2026-04-12,87
WL0009706,TKT007976,AGT015,2026-04-12,43
WL0009707,TKT007977,AGT015,2026-04-12,113
WL0009708,TKT007978,AGT015,2026-04-12,139
WL0009709,TKT007979,AGT014,2026-04-12,56
WL0009710,TKT007980,AGT014,2026-04-12,59
WL0009711,TKT007981,AGT016,2026-04-12,54
WL0009712,TKT007982,AGT015,2026-04-12,93
WL0009713,TKT007983,AGT018,2026-04-12,66
WL0009714,TKT007984,AGT014,2026-04-12,30
WL0009715,TKT007985,AGT007,2026-04-12,96
WL0009716,TKT007985,AGT012,2026-04-12,53
WL0009717,TKT007986,AGT016,2026-04-12,99
WL0009718,TKT007987,AGT013,2026-04-12,15
WL0009719,TKT007987,AGT014,2026-04-12,27
WL0009720,TKT007988,AGT001,2026-04-12,107
WL0009721,TKT007988,AGT005,2026-04-12,58
WL0009722,TKT007989,AGT012,2026-04-12,218
WL0009723,TKT007990,AGT007,2026-04-12,65
WL0009724,TKT007991,AGT013,2026-04-12,43
WL0009725,TKT007991,AGT014,2026-04-12,79
WL0009726,TKT007992,AGT012,2026-04-12,63
WL0009727,TKT007993,AGT001,2026-04-12,39
WL0009728,TKT007993,AGT005,2026-04-12,70
WL0009730,TKT007995,AGT007,2026-04-12,81
WL0009731,TKT007996,AGT008,2026-04-13,81
WL0009732,TKT007997,AGT002,2026-04-13,82
WL0009733,TKT007998,AGT018,2026-04-13,86
WL0009734,TKT007999,AGT015,2026-04-13,92
WL0009736,TKT008001,AGT007,2026-04-13,113
WL0009737,TKT008002,AGT016,2026-04-13,46
WL0009738,TKT008002,AGT017,2026-04-13,26
WL0009739,TKT008003,AGT013,2026-04-13,22
WL0009740,TKT008003,AGT015,2026-04-13,13
WL0009741,TKT008004,AGT001,2026-04-13,26
WL0009742,TKT008005,AGT018,2026-04-13,58
WL0009743,TKT008006,AGT007,2026-04-13,69
WL0009744,TKT008006,AGT008,2026-04-13,38
WL0009745,TKT008007,AGT017,2026-04-13,84
WL0009746,TKT008008,AGT005,2026-04-13,41
WL0009747,TKT008009,AGT007,2026-04-13,33
WL0009748,TKT008009,AGT008,2026-04-13,60
WL0009749,TKT008010,AGT017,2026-04-13,92
WL0009750,TKT008011,AGT007,2026-04-13,51
WL0009751,TKT008011,AGT009,2026-04-13,43
WL0009752,TKT008012,AGT013,2026-04-13,17
WL0009753,TKT008013,AGT009,2026-04-13,105
WL0009754,TKT008014,AGT008,2026-04-13,106
WL0009755,TKT008014,AGT009,2026-04-13,58
WL0009756,TKT008015,AGT004,2026-04-13,31
WL0009757,TKT008015,AGT005,2026-04-13,18
WL0009758,TKT008016,AGT004,2026-04-13,55
WL0009759,TKT008017,AGT013,2026-04-13,109
WL0009760,TKT008018,AGT008,2026-04-13,169
WL0009761,TKT008019,AGT002,2026-04-13,82
WL0009762,TKT008020,AGT016,2026-04-13,30
WL0009763,TKT008021,AGT008,2026-04-13,26
WL0009764,TKT008021,AGT009,2026-04-13,95
WL0009765,TKT008022,AGT009,2026-04-13,165
WL0009766,TKT008023,AGT005,2026-04-13,56
WL0009767,TKT008024,AGT004,2026-04-13,24
WL0009768,TKT008024,AGT005,2026-04-13,42
WL0009769,TKT008025,AGT002,2026-04-13,29
WL0009770,TKT008025,AGT005,2026-04-13,52
WL0009771,TKT008026,AGT016,2026-04-13,69
WL0009772,TKT008027,AGT002,2026-04-13,29
WL0009773,TKT008028,AGT017,2026-04-13,48
WL0009774,TKT008029,AGT009,2026-04-13,14
WL0009775,TKT008029,AGT018,2026-04-13,29
WL0009776,TKT008030,AGT004,2026-04-13,101
WL0009777,TKT008031,AGT005,2026-04-13,47
WL0009778,TKT008032,AGT015,2026-04-13,103
WL0009779,TKT008033,AGT010,2026-04-14,173
WL0009780,TKT008033,AGT011,2026-04-14,94
WL0009781,TKT008034,AGT008,2026-04-14,95
WL0009782,TKT008035,AGT016,2026-04-14,42
WL0009783,TKT008036,AGT002,2026-04-14,21
WL0009784,TKT008037,AGT018,2026-04-14,79
WL0009785,TKT008038,AGT010,2026-04-14,148
WL0009786,TKT008039,AGT016,2026-04-14,60
WL0009787,TKT008040,AGT012,2026-04-14,120
WL0009788,TKT008041,AGT011,2026-04-14,49
WL0009789,TKT008042,AGT010,2026-04-14,42
WL0009790,TKT008042,AGT011,2026-04-14,23
WL0009791,TKT008043,AGT006,2026-04-14,197
WL0009792,TKT008044,AGT014,2026-04-14,24
WL0009793,TKT008044,AGT016,2026-04-14,13
WL0009794,TKT008045,AGT016,2026-04-14,19
WL0009795,TKT008045,AGT018,2026-04-14,11
WL0009796,TKT008046,AGT015,2026-04-14,22
WL0009797,TKT008047,AGT006,2026-04-14,36
WL0009798,TKT008048,AGT004,2026-04-14,69
WL0009799,TKT008049,AGT016,2026-04-14,109
WL0009800,TKT008050,AGT012,2026-04-14,220
WL0009801,TKT008051,AGT014,2026-04-14,70
WL0009802,TKT008052,AGT008,2026-04-14,119
WL0009803,TKT008053,AGT012,2026-04-14,40
WL0009804,TKT008054,AGT003,2026-04-14,105
WL0009807,TKT008056,AGT014,2026-04-14,198
WL0009808,TKT008057,AGT011,2026-04-14,110
WL0009809,TKT008058,AGT012,2026-04-14,89
WL0009810,TKT008059,AGT018,2026-04-14,48
WL0009811,TKT008060,AGT013,2026-04-14,39
WL0009812,TKT008061,AGT013,2026-04-14,38
WL0009813,TKT008061,AGT018,2026-04-14,68
WL0009814,TKT008062,AGT007,2026-04-14,33
WL0009815,TKT008062,AGT011,2026-04-14,52
WL0009816,TKT008063,AGT004,2026-04-14,74
WL0009817,TKT008064,AGT003,2026-04-14,89
WL0009818,TKT008065,AGT004,2026-04-14,16
WL0009819,TKT008065,AGT005,2026-04-14,27
WL0009820,TKT008066,AGT006,2026-04-14,22
WL0009821,TKT008067,AGT013,2026-04-14,27
WL0009822,TKT008067,AGT016,2026-04-14,48
WL0009823,TKT008068,AGT003,2026-04-14,92
WL0009824,TKT008069,AGT018,2026-04-14,58
WL0009825,TKT008070,AGT002,2026-04-14,68
WL0009826,TKT008071,AGT007,2026-04-14,57
WL0009827,TKT008071,AGT010,2026-04-14,20
WL0009828,TKT008071,AGT012,2026-04-14,11
WL0009829,TKT008072,AGT013,2026-04-14,42
WL0009830,TKT008072,AGT015,2026-04-14,78
WL0009831,TKT008073,AGT008,2026-04-14,86
WL0009832,TKT008074,AGT013,2026-04-14,21
WL0009833,TKT008074,AGT014,2026-04-14,12
WL0009834,TKT008075,AGT007,2026-04-14,53
WL0009835,TKT008075,AGT010,2026-04-14,30
WL0009836,TKT008076,AGT008,2026-04-14,28
WL0009837,TKT008076,AGT010,2026-04-14,67
WL0009838,TKT008077,AGT005,2026-04-14,246
WL0009839,TKT008078,AGT014,2026-04-15,59
WL0009840,TKT008079,AGT014,2026-04-15,42
WL0009841,TKT008080,AGT013,2026-04-15,41
WL0009842,TKT008081,AGT015,2026-04-15,27
WL0009843,TKT008081,AGT018,2026-04-15,48
WL0009844,TKT008082,AGT013,2026-04-15,18
WL0009845,TKT008082,AGT015,2026-04-15,33
WL0009846,TKT008083,AGT013,2026-04-15,43
WL0009848,TKT008085,AGT014,2026-04-15,127
WL0009849,TKT008086,AGT006,2026-04-15,68
WL0009850,TKT008087,AGT007,2026-04-15,109
WL0009851,TKT008088,AGT003,2026-04-15,93
WL0009852,TKT008089,AGT014,2026-04-15,39
WL0009853,TKT008089,AGT015,2026-04-15,71
WL0009854,TKT008090,AGT010,2026-04-15,103
WL0009855,TKT008091,AGT005,2026-04-15,69
WL0009856,TKT008092,AGT018,2026-04-15,43
WL0009857,TKT008093,AGT014,2026-04-15,137
WL0009858,TKT008094,AGT018,2026-04-15,31
WL0009859,TKT008095,AGT018,2026-04-15,74
WL0009860,TKT008096,AGT006,2026-04-15,15
WL0009861,TKT008097,AGT015,2026-04-15,48
WL0009862,TKT008098,AGT008,2026-04-15,66
WL0009863,TKT008098,AGT010,2026-04-15,37
WL0009864,TKT008099,AGT008,2026-04-15,26
WL0009865,TKT008099,AGT012,2026-04-15,48
WL0009866,TKT008100,AGT002,2026-04-15,35
WL0009867,TKT008100,AGT003,2026-04-15,19
WL0009868,TKT008101,AGT005,2026-04-15,165
WL0009869,TKT008102,AGT009,2026-04-15,78
WL0009870,TKT008103,AGT005,2026-04-15,27
WL0009871,TKT008104,AGT010,2026-04-15,198
WL0009872,TKT008105,AGT011,2026-04-15,77
WL0009873,TKT008106,AGT014,2026-04-15,45
WL0009875,TKT008108,AGT004,2026-04-15,31
WL0009876,TKT008109,AGT005,2026-04-15,23
WL0009877,TKT008110,AGT009,2026-04-15,111
WL0009878,TKT008111,AGT002,2026-04-15,23
WL0009879,TKT008111,AGT003,2026-04-15,41
WL0009880,TKT008112,AGT002,2026-04-15,66
WL0009881,TKT008113,AGT011,2026-04-15,185
WL0009882,TKT008114,AGT013,2026-04-15,25
WL0009883,TKT008114,AGT014,2026-04-15,61
WL0009884,TKT008115,AGT002,2026-04-15,27
WL0009885,TKT008115,AGT005,2026-04-15,15
WL0009886,TKT008116,AGT013,2026-04-15,38
WL0009887,TKT008116,AGT018,2026-04-15,21
WL0009888,TKT008117,AGT018,2026-04-15,68
WL0009889,TKT008118,AGT016,2026-04-15,70
WL0009890,TKT008119,AGT015,2026-04-15,47
WL0009891,TKT008120,AGT008,2026-04-16,28
WL0009892,TKT008120,AGT009,2026-04-16,52
WL0009893,TKT008121,AGT001,2026-04-16,57
WL0009894,TKT008122,AGT018,2026-04-16,73
WL0009895,TKT008123,AGT002,2026-04-16,74
WL0009896,TKT008124,AGT008,2026-04-16,70
WL0009897,TKT008124,AGT009,2026-04-16,39
WL0009898,TKT008125,AGT016,2026-04-16,30
WL0009899,TKT008125,AGT017,2026-04-16,17
WL0009900,TKT008126,AGT016,2026-04-16,64
WL0009901,TKT008127,AGT014,2026-04-16,93
WL0009902,TKT008128,AGT002,2026-04-16,91
WL0009903,TKT008129,AGT018,2026-04-16,35
WL0009904,TKT008130,AGT009,2026-04-16,161
WL0009905,TKT008131,AGT002,2026-04-16,54
WL0009906,TKT008132,AGT014,2026-04-16,68
WL0009907,TKT008133,AGT014,2026-04-16,119
WL0009908,TKT008134,AGT017,2026-04-16,109
WL0009909,TKT008135,AGT014,2026-04-16,178
WL0009910,TKT008136,AGT016,2026-04-16,77
WL0009911,TKT008137,AGT002,2026-04-16,64
WL0009912,TKT008138,AGT001,2026-04-16,33
WL0009913,TKT008138,AGT005,2026-04-16,18
WL0009914,TKT008139,AGT014,2026-04-16,22
WL0009915,TKT008139,AGT017,2026-04-16,68
WL0009916,TKT008140,AGT010,2026-04-16,175
WL0009917,TKT008141,AGT017,2026-04-16,56
WL0009918,TKT008141,AGT018,2026-04-16,31
WL0009919,TKT008142,AGT003,2026-04-16,56
WL0009920,TKT008143,AGT018,2026-04-16,43
WL0009921,TKT008144,AGT008,2026-04-16,271
WL0009922,TKT008145,AGT009,2026-04-16,54
WL0009923,TKT008146,AGT017,2026-04-16,48
WL0009924,TKT008147,AGT007,2026-04-16,75
WL0009925,TKT008148,AGT005,2026-04-16,118
WL0009926,TKT008148,AGT006,2026-04-16,64
WL0009927,TKT008149,AGT001,2026-04-16,55
WL0009928,TKT008149,AGT006,2026-04-16,101
WL0009929,TKT008150,AGT008,2026-04-16,41
WL0009930,TKT008151,AGT007,2026-04-16,93
WL0009931,TKT008152,AGT006,2026-04-16,107
WL0009932,TKT008153,AGT002,2026-04-16,59
WL0009933,TKT008154,AGT017,2026-04-16,55
WL0009934,TKT008155,AGT009,2026-04-16,125
WL0009935,TKT008156,AGT006,2026-04-16,23
WL0009936,TKT008157,AGT016,2026-04-16,29
WL0009937,TKT008157,AGT017,2026-04-16,16
WL0009938,TKT008158,AGT007,2026-04-16,31
WL0009939,TKT008158,AGT008,2026-04-16,70
WL0009940,TKT008159,AGT007,2026-04-16,94
WL0009941,TKT008160,AGT007,2026-04-16,17
WL0009942,TKT008160,AGT009,2026-04-16,49
WL0009943,TKT008160,AGT010,2026-04-16,120
WL0009944,TKT008161,AGT016,2026-04-16,39
WL0009945,TKT008162,AGT007,2026-04-16,81
WL0009946,TKT008162,AGT010,2026-04-16,155
WL0009947,TKT008163,AGT017,2026-04-16,111
WL0009948,TKT008163,AGT018,2026-04-16,53
WL0009949,TKT008164,AGT007,2026-04-16,57
WL0009950,TKT008165,AGT004,2026-04-16,83
WL0009951,TKT008165,AGT007,2026-04-16,32
WL0009952,TKT008166,AGT018,2026-04-16,38
WL0009953,TKT008167,AGT005,2026-04-16,27
WL0009954,TKT008168,AGT002,2026-04-16,46
WL0009955,TKT008169,AGT016,2026-04-16,31
WL0009956,TKT008169,AGT018,2026-04-16,17
WL0009957,TKT008170,AGT018,2026-04-17,41
WL0009958,TKT008171,AGT010,2026-04-17,55
WL0009959,TKT008172,AGT015,2026-04-17,35
WL0009960,TKT008172,AGT016,2026-04-17,20
WL0009961,TKT008173,AGT004,2026-04-17,45
WL0009962,TKT008174,AGT010,2026-04-17,123
WL0009963,TKT008175,AGT013,2026-04-17,33
WL0009964,TKT008176,AGT008,2026-04-17,181
WL0009965,TKT008176,AGT012,2026-04-17,98
WL0009966,TKT008177,AGT009,2026-04-17,46
WL0009967,TKT008177,AGT012,2026-04-17,84
WL0009968,TKT008178,AGT014,2026-04-17,66
WL0009969,TKT008179,AGT003,2026-04-17,50
WL0009970,TKT008180,AGT015,2026-04-17,65
WL0009971,TKT008181,AGT014,2026-04-17,42
WL0009972,TKT008182,AGT013,2026-04-17,89
WL0009973,TKT008183,AGT007,2026-04-17,34
WL0009974,TKT008183,AGT010,2026-04-17,61
WL0009975,TKT008184,AGT018,2026-04-17,45
WL0009976,TKT008185,AGT016,2026-04-17,62
WL0009977,TKT008186,AGT015,2026-04-17,67
WL0009978,TKT008187,AGT011,2026-04-17,78
WL0009979,TKT008188,AGT001,2026-04-17,60
WL0009982,TKT008190,AGT006,2026-04-17,24
WL0009983,TKT008191,AGT010,2026-04-17,85
WL0009984,TKT008192,AGT012,2026-04-17,160
WL0009985,TKT008193,AGT013,2026-04-17,37
WL0009986,TKT008193,AGT016,2026-04-17,66
WL0009987,TKT008194,AGT006,2026-04-17,120
WL0009988,TKT008195,AGT005,2026-04-17,56
WL0009989,TKT008196,AGT004,2026-04-17,35
WL0009990,TKT008197,AGT015,2026-04-17,18
WL0009991,TKT008198,AGT012,2026-04-17,86
WL0009993,TKT008200,AGT010,2026-04-17,130
WL0009994,TKT008201,AGT005,2026-04-17,111
WL0009995,TKT008202,AGT004,2026-04-17,29
WL0009996,TKT008203,AGT013,2026-04-17,26
WL0009997,TKT008203,AGT016,2026-04-17,15
WL0009998,TKT008204,AGT015,2026-04-17,99
WL0009999,TKT008205,AGT014,2026-04-18,38
WL0010000,TKT008206,AGT008,2026-04-18,114
WL0010001,TKT008207,AGT001,2026-04-18,94
WL0010002,TKT008208,AGT018,2026-04-18,26
WL0010003,TKT008209,AGT008,2026-04-18,49
WL0010004,TKT008210,AGT001,2026-04-18,48
WL0010005,TKT008211,AGT018,2026-04-18,60
WL0010006,TKT008212,AGT013,2026-04-18,36
WL0010007,TKT008212,AGT016,2026-04-18,20
WL0010008,TKT008213,AGT017,2026-04-18,35
WL0010009,TKT008213,AGT018,2026-04-18,19
WL0010010,TKT008214,AGT005,2026-04-18,74
WL0010011,TKT008215,AGT014,2026-04-18,77
WL0010012,TKT008216,AGT018,2026-04-18,85
WL0010013,TKT008217,AGT002,2026-04-18,39
WL0010014,TKT008218,AGT017,2026-04-18,134
WL0010015,TKT008219,AGT002,2026-04-18,89
WL0010016,TKT008220,AGT017,2026-04-18,47
WL0010017,TKT008221,AGT009,2026-04-18,71
WL0010018,TKT008222,AGT009,2026-04-18,193
WL0010019,TKT008223,AGT013,2026-04-18,33
WL0010020,TKT008223,AGT018,2026-04-18,60
WL0010021,TKT008224,AGT016,2026-04-18,40
WL0010022,TKT008225,AGT007,2026-04-18,53
WL0010023,TKT008225,AGT008,2026-04-18,317
WL0010024,TKT008226,AGT013,2026-04-18,61
WL0010025,TKT008227,AGT017,2026-04-18,27
WL0010026,TKT008228,AGT013,2026-04-19,62
WL0010027,TKT008229,AGT002,2026-04-19,19
WL0010028,TKT008229,AGT005,2026-04-19,35
WL0010029,TKT008230,AGT015,2026-04-19,32
WL0010030,TKT008231,AGT005,2026-04-19,67
WL0010031,TKT008232,AGT017,2026-04-19,80
WL0010032,TKT008233,AGT017,2026-04-19,83
WL0010033,TKT008234,AGT017,2026-04-19,22
WL0010034,TKT008235,AGT005,2026-04-19,38
WL0010035,TKT008236,AGT002,2026-04-19,68
WL0010036,TKT008236,AGT003,2026-04-19,125
WL0010037,TKT008237,AGT010,2026-04-19,43
WL0010038,TKT008237,AGT011,2026-04-19,79
WL0010039,TKT008238,AGT013,2026-04-19,45
WL0010040,TKT008238,AGT017,2026-04-19,25
WL0010041,TKT008239,AGT010,2026-04-19,148
WL0010042,TKT008240,AGT017,2026-04-19,19
WL0010043,TKT008241,AGT015,2026-04-19,50
WL0010044,TKT008242,AGT017,2026-04-19,24
WL0010045,TKT008243,AGT017,2026-04-19,82
WL0010046,TKT008244,AGT017,2026-04-19,39
WL0010047,TKT008245,AGT010,2026-04-19,22
WL0010048,TKT008245,AGT011,2026-04-19,39
WL0010049,TKT008246,AGT002,2026-04-19,139
WL0010050,TKT008247,AGT013,2026-04-19,91
WL0010051,TKT008248,AGT013,2026-04-19,20
WL0010052,TKT008249,AGT010,2026-04-19,79
WL0010053,TKT008250,AGT010,2026-04-19,117
WL0010054,TKT008251,AGT015,2026-04-19,77
WL0010055,TKT008251,AGT017,2026-04-19,106
WL0010056,TKT008252,AGT002,2026-04-19,111
WL0010057,TKT008253,AGT011,2026-04-19,151
WL0010058,TKT008254,AGT015,2026-04-19,69
WL0010059,TKT008255,AGT010,2026-04-19,71
WL0010060,TKT008255,AGT011,2026-04-19,12
WL0010061,TKT008256,AGT013,2026-04-19,41
WL0010062,TKT008257,AGT013,2026-04-19,27
WL0010063,TKT008257,AGT015,2026-04-19,15
WL0010064,TKT008258,AGT011,2026-04-19,85
WL0010065,TKT008259,AGT013,2026-04-19,82
WL0010066,TKT008260,AGT011,2026-04-19,32
WL0010067,TKT008261,AGT008,2026-04-20,170
WL0010068,TKT008262,AGT007,2026-04-20,36
WL0010069,TKT008263,AGT004,2026-04-20,67
WL0010070,TKT008264,AGT015,2026-04-20,10
WL0010071,TKT008264,AGT017,2026-04-20,17
WL0010072,TKT008265,AGT011,2026-04-20,49
WL0010073,TKT008266,AGT014,2026-04-20,61
WL0010074,TKT008267,AGT014,2026-04-20,13
WL0010075,TKT008267,AGT015,2026-04-20,23
WL0010076,TKT008268,AGT013,2026-04-20,85
WL0010077,TKT008269,AGT008,2026-04-20,118
WL0010078,TKT008270,AGT015,2026-04-20,39
WL0010079,TKT008271,AGT011,2026-04-20,38
WL0010080,TKT008272,AGT010,2026-04-20,87
WL0010081,TKT008273,AGT011,2026-04-20,56
WL0010082,TKT008274,AGT005,2026-04-20,145
WL0010083,TKT008275,AGT007,2026-04-20,32
WL0010084,TKT008275,AGT012,2026-04-20,18
WL0010085,TKT008276,AGT011,2026-04-20,56
WL0010086,TKT008277,AGT003,2026-04-20,106
WL0010087,TKT008277,AGT004,2026-04-20,58
WL0010088,TKT008278,AGT015,2026-04-20,16
WL0010089,TKT008278,AGT016,2026-04-20,28
WL0010090,TKT008279,AGT014,2026-04-20,57
WL0010091,TKT008280,AGT017,2026-04-20,109
WL0010092,TKT008281,AGT003,2026-04-20,83
WL0010093,TKT008282,AGT015,2026-04-20,45
WL0010094,TKT008283,AGT013,2026-04-20,36
WL0010095,TKT008284,AGT001,2026-04-20,149
WL0010096,TKT008285,AGT005,2026-04-20,43
WL0010097,TKT008286,AGT003,2026-04-20,61
WL0010098,TKT008287,AGT017,2026-04-20,16
WL0010099,TKT008288,AGT013,2026-04-20,40
WL0010100,TKT008288,AGT017,2026-04-20,72
WL0010101,TKT008289,AGT010,2026-04-20,60
WL0010102,TKT008290,AGT015,2026-04-20,10
WL0010103,TKT008290,AGT017,2026-04-20,16
WL0010104,TKT008291,AGT018,2026-04-20,27
WL0010105,TKT008292,AGT014,2026-04-20,45
WL0010106,TKT008292,AGT018,2026-04-20,25
WL0010107,TKT008293,AGT003,2026-04-20,139
WL0010108,TKT008294,AGT007,2026-04-20,92
WL0010109,TKT008295,AGT007,2026-04-20,35
WL0010110,TKT008296,AGT014,2026-04-20,128
WL0010111,TKT008297,AGT001,2026-04-20,19
WL0010112,TKT008297,AGT003,2026-04-20,35
WL0010113,TKT008298,AGT014,2026-04-20,45
WL0010114,TKT008299,AGT013,2026-04-20,26
WL0010115,TKT008300,AGT016,2026-04-20,51
WL0010116,TKT008301,AGT007,2026-04-20,60
WL0010117,TKT008302,AGT009,2026-04-20,2
WL0010118,TKT008302,AGT011,2026-04-20,311
WL0010119,TKT008303,AGT009,2026-04-20,84
WL0010120,TKT008304,AGT014,2026-04-20,82
WL0010121,TKT008305,AGT008,2026-04-20,38
WL0010122,TKT008305,AGT012,2026-04-20,70
WL0010123,TKT008306,AGT001,2026-04-20,31
WL0010124,TKT008306,AGT003,2026-04-20,26
WL0010125,TKT008307,AGT017,2026-04-20,36
WL0010126,TKT008308,AGT001,2026-04-20,28
WL0010127,TKT008308,AGT004,2026-04-20,50
WL0010128,TKT008309,AGT017,2026-04-20,36
WL0010129,TKT008310,AGT005,2026-04-20,40
WL0010130,TKT008311,AGT012,2026-04-20,100
WL0010131,TKT008312,AGT015,2026-04-20,26
WL0010132,TKT008312,AGT017,2026-04-20,15
WL0010133,TKT008313,AGT015,2026-04-20,251
WL0010134,TKT008314,AGT001,2026-04-20,68
WL0010135,TKT008315,AGT009,2026-04-21,151
WL0010136,TKT008316,AGT011,2026-04-21,81
WL0010137,TKT008317,AGT004,2026-04-21,58
WL0010138,TKT008318,AGT010,2026-04-21,190
WL0010139,TKT008319,AGT003,2026-04-21,137
WL0010140,TKT008320,AGT012,2026-04-21,93
WL0010141,TKT008321,AGT017,2026-04-21,21
WL0010142,TKT008321,AGT018,2026-04-21,38
WL0010143,TKT008322,AGT011,2026-04-21,99
WL0010144,TKT008323,AGT015,2026-04-21,33
WL0010145,TKT008324,AGT010,2026-04-21,108
WL0010146,TKT008325,AGT003,2026-04-21,40
WL0010147,TKT008326,AGT011,2026-04-21,129
WL0010148,TKT008327,AGT017,2026-04-21,78
WL0010149,TKT008328,AGT005,2026-04-21,125
WL0010150,TKT008329,AGT016,2026-04-21,59
WL0010151,TKT008330,AGT003,2026-04-21,12
WL0010152,TKT008330,AGT004,2026-04-21,21
WL0010153,TKT008331,AGT012,2026-04-21,47
WL0010154,TKT008332,AGT008,2026-04-21,112
WL0010155,TKT008333,AGT005,2026-04-21,56
WL0010156,TKT008334,AGT017,2026-04-21,30
WL0010157,TKT008335,AGT013,2026-04-21,88
WL0010159,TKT008337,AGT018,2026-04-21,66
WL0010160,TKT008338,AGT008,2026-04-21,368
WL0010161,TKT008338,AGT012,2026-04-21,10
WL0010162,TKT008339,AGT003,2026-04-21,85
WL0010163,TKT008340,AGT002,2026-04-21,64
WL0010164,TKT008341,AGT012,2026-04-21,25
WL0010165,TKT008342,AGT017,2026-04-21,109
WL0010166,TKT008343,AGT018,2026-04-21,44
WL0010167,TKT008344,AGT010,2026-04-21,65
WL0010168,TKT008345,AGT009,2026-04-21,150
WL0010169,TKT008346,AGT002,2026-04-21,36
WL0010170,TKT008347,AGT002,2026-04-21,26
WL0010171,TKT008347,AGT006,2026-04-21,15
WL0010172,TKT008348,AGT005,2026-04-21,34
WL0010173,TKT008349,AGT006,2026-04-21,41
WL0010174,TKT008350,AGT003,2026-04-21,151
WL0010175,TKT008351,AGT010,2026-04-21,21
WL0010176,TKT008351,AGT011,2026-04-21,171
WL0010177,TKT008352,AGT008,2026-04-22,124
WL0010178,TKT008353,AGT001,2026-04-22,26
WL0010179,TKT008353,AGT006,2026-04-22,15
WL0010180,TKT008354,AGT017,2026-04-22,28
WL0010181,TKT008355,AGT007,2026-04-22,61
WL0010182,TKT008355,AGT010,2026-04-22,34
WL0010183,TKT008356,AGT004,2026-04-22,46
WL0010184,TKT008356,AGT005,2026-04-22,25
WL0010185,TKT008357,AGT014,2026-04-22,91
WL0010186,TKT008358,AGT011,2026-04-22,38
WL0010187,TKT008359,AGT016,2026-04-22,95
WL0010188,TKT008360,AGT016,2026-04-22,102
WL0010189,TKT008361,AGT014,2026-04-22,13
WL0010190,TKT008361,AGT017,2026-04-22,22
WL0010191,TKT008362,AGT014,2026-04-22,77
WL0010192,TKT008363,AGT016,2026-04-22,88
WL0010193,TKT008363,AGT017,2026-04-22,48
WL0010194,TKT008364,AGT013,2026-04-22,52
WL0010195,TKT008364,AGT017,2026-04-22,94
WL0010196,TKT008365,AGT013,2026-04-22,26
WL0010197,TKT008365,AGT018,2026-04-22,47
WL0010198,TKT008366,AGT017,2026-04-22,93
WL0010199,TKT008367,AGT011,2026-04-22,56
WL0010200,TKT008368,AGT018,2026-04-22,52
WL0010201,TKT008369,AGT016,2026-04-22,93
WL0010202,TKT008370,AGT014,2026-04-22,188
WL0010203,TKT008370,AGT017,2026-04-22,102
WL0010204,TKT008371,AGT017,2026-04-22,78
WL0010205,TKT008372,AGT009,2026-04-22,184
WL0010206,TKT008373,AGT002,2026-04-22,92
WL0010207,TKT008373,AGT006,2026-04-22,50
WL0010208,TKT008374,AGT010,2026-04-22,212
WL0010209,TKT008375,AGT007,2026-04-22,121
WL0010210,TKT008376,AGT017,2026-04-22,15
WL0010211,TKT008376,AGT018,2026-04-22,27
WL0010212,TKT008377,AGT014,2026-04-22,99
WL0010213,TKT008378,AGT008,2026-04-22,73
WL0010214,TKT008379,AGT018,2026-04-22,43
WL0010215,TKT008380,AGT008,2026-04-22,74
WL0010216,TKT008380,AGT009,2026-04-22,136
WL0010217,TKT008381,AGT011,2026-04-22,160
WL0010218,TKT008382,AGT014,2026-04-22,12
WL0010219,TKT008382,AGT016,2026-04-22,102
WL0010220,TKT008382,AGT018,2026-04-22,13
WL0010221,TKT008383,AGT018,2026-04-22,87
WL0010222,TKT008384,AGT001,2026-04-22,74
WL0010223,TKT008385,AGT001,2026-04-22,33
WL0010224,TKT008386,AGT008,2026-04-22,42
WL0010225,TKT008387,AGT013,2026-04-22,40
WL0010226,TKT008387,AGT018,2026-04-22,73
WL0010227,TKT008388,AGT018,2026-04-22,109
WL0010228,TKT008389,AGT013,2026-04-22,87
WL0010229,TKT008389,AGT018,2026-04-22,29
WL0010230,TKT008390,AGT007,2026-04-23,44
WL0010231,TKT008391,AGT005,2026-04-23,49
WL0010232,TKT008392,AGT017,2026-04-23,44
WL0010233,TKT008392,AGT018,2026-04-23,24
WL0010234,TKT008393,AGT011,2026-04-23,80
WL0010235,TKT008394,AGT015,2026-04-23,39
WL0010236,TKT008395,AGT005,2026-04-23,84
WL0010237,TKT008396,AGT011,2026-04-23,160
WL0010238,TKT008397,AGT001,2026-04-23,30
WL0010239,TKT008397,AGT006,2026-04-23,53
WL0010240,TKT008398,AGT016,2026-04-23,78
WL0010241,TKT008399,AGT014,2026-04-23,27
WL0010242,TKT008400,AGT018,2026-04-23,76
WL0010243,TKT008401,AGT018,2026-04-23,82
WL0010244,TKT008402,AGT006,2026-04-23,60
WL0010245,TKT008403,AGT004,2026-04-23,163
WL0010246,TKT008404,AGT008,2026-04-23,122
WL0010247,TKT008405,AGT003,2026-04-23,71
WL0010248,TKT008406,AGT016,2026-04-23,92
WL0010249,TKT008407,AGT004,2026-04-23,64
WL0010250,TKT008408,AGT013,2026-04-23,45
WL0010251,TKT008409,AGT006,2026-04-23,113
WL0010252,TKT008410,AGT015,2026-04-23,104
WL0010253,TKT008411,AGT018,2026-04-23,90
WL0010254,TKT008412,AGT003,2026-04-23,39
WL0010255,TKT008413,AGT012,2026-04-23,35
WL0010256,TKT008414,AGT010,2026-04-23,104
WL0010257,TKT008415,AGT013,2026-04-23,48
WL0010258,TKT008415,AGT015,2026-04-23,27
WL0010259,TKT008416,AGT016,2026-04-23,22
WL0010260,TKT008417,AGT010,2026-04-23,114
WL0010261,TKT008418,AGT017,2026-04-23,62
WL0010262,TKT008419,AGT015,2026-04-23,88
WL0010263,TKT008420,AGT013,2026-04-23,48
WL0010264,TKT008421,AGT016,2026-04-23,64
WL0010265,TKT008422,AGT013,2026-04-23,61
WL0010266,TKT008423,AGT017,2026-04-23,62
WL0010267,TKT008424,AGT003,2026-04-23,93
WL0010268,TKT008425,AGT005,2026-04-23,38
WL0010269,TKT008426,AGT003,2026-04-23,66
WL0010270,TKT008427,AGT005,2026-04-23,70
WL0010271,TKT008428,AGT006,2026-04-23,41
WL0010272,TKT008429,AGT015,2026-04-23,171
WL0010273,TKT008430,AGT010,2026-04-23,140
WL0010274,TKT008431,AGT005,2026-04-23,109
WL0010275,TKT008432,AGT004,2026-04-23,24
WL0010276,TKT008433,AGT017,2026-04-23,45
WL0010277,TKT008434,AGT001,2026-04-23,14
WL0010278,TKT008434,AGT004,2026-04-23,24
WL0010279,TKT008435,AGT013,2026-04-23,63
WL0010280,TKT008435,AGT017,2026-04-23,35
WL0010281,TKT008436,AGT014,2026-04-23,107
WL0010282,TKT008437,AGT015,2026-04-23,51
WL0010283,TKT008437,AGT017,2026-04-23,87
WL0010284,TKT008438,AGT017,2026-04-23,21
WL0010285,TKT008438,AGT018,2026-04-23,38
WL0010286,TKT008439,AGT011,2026-04-23,120
WL0010287,TKT008439,AGT012,2026-04-23,63
WL0010288,TKT008440,AGT010,2026-04-23,45
WL0010289,TKT008441,AGT007,2026-04-23,64
WL0010290,TKT008441,AGT012,2026-04-23,35
WL0010291,TKT008442,AGT017,2026-04-23,63
WL0010292,TKT008443,AGT007,2026-04-23,38
WL0010293,TKT008444,AGT001,2026-04-23,28
WL0010294,TKT008444,AGT005,2026-04-23,51
WL0010295,TKT008445,AGT004,2026-04-23,77
WL0010296,TKT008446,AGT001,2026-04-23,69
WL0010297,TKT008447,AGT012,2026-04-23,199
WL0010298,TKT008448,AGT016,2026-04-23,3
WL0010299,TKT008448,AGT017,2026-04-23,31
WL0010300,TKT008449,AGT007,2026-04-23,79
WL0010301,TKT008449,AGT010,2026-04-23,44
WL0010302,TKT008450,AGT008,2026-04-23,86
WL0010303,TKT008451,AGT014,2026-04-23,35
WL0010304,TKT008451,AGT016,2026-04-23,64
WL0010306,TKT008453,AGT013,2026-04-23,72
WL0010307,TKT008454,AGT018,2026-04-23,32
WL0010308,TKT008455,AGT001,2026-04-23,26
WL0010309,TKT008455,AGT005,2026-04-23,15
WL0010310,TKT008456,AGT015,2026-04-24,74
WL0010311,TKT008456,AGT016,2026-04-24,40
WL0010313,TKT008458,AGT012,2026-04-24,136
WL0010314,TKT008459,AGT012,2026-04-24,143
WL0010315,TKT008460,AGT015,2026-04-24,53
WL0010316,TKT008461,AGT012,2026-04-24,152
WL0010317,TKT008462,AGT010,2026-04-24,153
WL0010318,TKT008463,AGT015,2026-04-24,86
WL0010319,TKT008464,AGT010,2026-04-24,44
WL0010320,TKT008465,AGT007,2026-04-24,105
WL0010321,TKT008466,AGT016,2026-04-24,34
WL0010322,TKT008466,AGT018,2026-04-24,61
WL0010323,TKT008467,AGT007,2026-04-24,98
WL0010324,TKT008468,AGT014,2026-04-24,25
WL0010325,TKT008468,AGT015,2026-04-24,45
WL0010326,TKT008469,AGT009,2026-04-24,108
WL0010327,TKT008470,AGT016,2026-04-24,22
WL0010328,TKT008471,AGT009,2026-04-24,62
WL0010329,TKT008472,AGT017,2026-04-24,64
WL0010330,TKT008473,AGT004,2026-04-24,74
WL0010331,TKT008474,AGT016,2026-04-24,50
WL0010332,TKT008475,AGT007,2026-04-24,100
WL0010333,TKT008475,AGT008,2026-04-24,54
WL0010334,TKT008476,AGT009,2026-04-24,141
WL0010335,TKT008477,AGT005,2026-04-24,64
WL0010336,TKT008478,AGT015,2026-04-24,94
WL0010337,TKT008479,AGT002,2026-04-24,44
WL0010338,TKT008479,AGT006,2026-04-24,25
WL0010339,TKT008480,AGT011,2026-04-24,46
WL0010340,TKT008481,AGT005,2026-04-24,130
WL0010341,TKT008482,AGT017,2026-04-24,38
WL0010343,TKT008484,AGT018,2026-04-24,110
WL0010344,TKT008485,AGT010,2026-04-24,34
WL0010345,TKT008486,AGT012,2026-04-24,34
WL0010346,TKT008487,AGT010,2026-04-24,142
WL0010347,TKT008488,AGT008,2026-04-24,132
WL0010348,TKT008489,AGT002,2026-04-24,32
WL0010349,TKT008489,AGT006,2026-04-24,58
WL0010350,TKT008490,AGT002,2026-04-24,38
WL0010351,TKT008491,AGT014,2026-04-24,56
WL0010352,TKT008492,AGT008,2026-04-24,14
WL0010353,TKT008492,AGT010,2026-04-24,107
WL0010354,TKT008493,AGT007,2026-04-24,34
WL0010355,TKT008493,AGT011,2026-04-24,63
WL0010356,TKT008494,AGT009,2026-04-24,46
WL0010357,TKT008495,AGT004,2026-04-24,40
WL0010358,TKT008496,AGT002,2026-04-24,69
WL0010359,TKT008497,AGT015,2026-04-24,47
WL0010360,TKT008498,AGT013,2026-04-24,66
WL0010361,TKT008498,AGT016,2026-04-24,37
WL0010362,TKT008499,AGT013,2026-04-24,166
WL0010363,TKT008500,AGT002,2026-04-24,71
WL0010364,TKT008501,AGT017,2026-04-24,40
WL0010365,TKT008501,AGT018,2026-04-24,23
WL0010366,TKT008502,AGT007,2026-04-24,113
WL0010367,TKT008502,AGT011,2026-04-24,18
WL0010368,TKT008502,AGT012,2026-04-24,15
WL0010369,TKT008503,AGT002,2026-04-24,19
WL0010370,TKT008503,AGT006,2026-04-24,33
WL0010371,TKT008504,AGT015,2026-04-24,21
WL0010372,TKT008504,AGT017,2026-04-24,44
WL0010373,TKT008505,AGT005,2026-04-24,71
WL0010374,TKT008506,AGT017,2026-04-24,53
WL0010375,TKT008507,AGT016,2026-04-24,86
WL0010376,TKT008507,AGT017,2026-04-24,47
WL0010377,TKT008508,AGT015,2026-04-25,64
WL0010378,TKT008509,AGT001,2026-04-25,16
WL0010379,TKT008509,AGT004,2026-04-25,10
WL0010380,TKT008510,AGT013,2026-04-25,43
WL0010381,TKT008511,AGT008,2026-04-25,39
WL0010382,TKT008511,AGT010,2026-04-25,21
WL0010383,TKT008512,AGT015,2026-04-25,43
WL0010384,TKT008513,AGT001,2026-04-25,38
WL0010385,TKT008514,AGT007,2026-04-25,27
WL0010386,TKT008514,AGT008,2026-04-25,48
WL0010387,TKT008515,AGT015,2026-04-25,42
WL0010388,TKT008516,AGT017,2026-04-25,161
WL0010389,TKT008517,AGT001,2026-04-25,70
WL0010390,TKT008518,AGT010,2026-04-25,140
WL0010391,TKT008519,AGT003,2026-04-25,29
WL0010392,TKT008520,AGT004,2026-04-25,27
WL0010393,TKT008521,AGT013,2026-04-25,54
WL0010394,TKT008522,AGT001,2026-04-25,40
WL0010395,TKT008523,AGT016,2026-04-25,50
WL0010396,TKT008524,AGT008,2026-04-25,211
WL0010397,TKT008525,AGT002,2026-04-25,77
WL0010398,TKT008526,AGT008,2026-04-25,63
WL0010399,TKT008527,AGT001,2026-04-25,103
WL0010400,TKT008528,AGT013,2026-04-25,33
WL0010401,TKT008529,AGT003,2026-04-25,42
WL0010402,TKT008530,AGT018,2026-04-26,44
WL0010403,TKT008531,AGT017,2026-04-26,39
WL0010404,TKT008532,AGT003,2026-04-26,63
WL0010405,TKT008533,AGT009,2026-04-26,44
WL0010406,TKT008533,AGT011,2026-04-26,81
WL0010407,TKT008534,AGT006,2026-04-26,195
WL0010408,TKT008535,AGT017,2026-04-26,34
WL0010409,TKT008536,AGT002,2026-04-26,115
WL0010410,TKT008537,AGT018,2026-04-26,42
WL0010411,TKT008538,AGT018,2026-04-26,87
WL0010412,TKT008539,AGT018,2026-04-26,87
WL0010413,TKT008540,AGT017,2026-04-26,20
WL0010414,TKT008541,AGT008,2026-04-26,145
WL0010415,TKT008542,AGT006,2026-04-26,52
WL0010416,TKT008543,AGT017,2026-04-26,93
WL0010417,TKT008544,AGT008,2026-04-26,177
WL0010418,TKT008545,AGT017,2026-04-26,94
WL0010419,TKT008546,AGT006,2026-04-26,30
WL0010420,TKT008547,AGT008,2026-04-26,64
WL0010421,TKT008547,AGT011,2026-04-26,35
WL0010422,TKT008548,AGT017,2026-04-26,137
WL0010423,TKT008549,AGT017,2026-04-26,63
WL0010424,TKT008549,AGT018,2026-04-26,57
WL0010425,TKT008550,AGT018,2026-04-26,97
WL0010426,TKT008551,AGT001,2026-04-27,126
WL0010427,TKT008551,AGT003,2026-04-27,69
WL0010428,TKT008552,AGT015,2026-04-27,53
WL0010429,TKT008553,AGT006,2026-04-27,36
WL0010430,TKT008554,AGT005,2026-04-27,44
WL0010431,TKT008555,AGT017,2026-04-27,90
WL0010432,TKT008556,AGT011,2026-04-27,79
WL0010433,TKT008557,AGT001,2026-04-27,17
WL0010434,TKT008557,AGT005,2026-04-27,31
WL0010435,TKT008558,AGT017,2026-04-27,78
WL0010436,TKT008559,AGT013,2026-04-27,86
WL0010437,TKT008560,AGT015,2026-04-27,110
WL0010438,TKT008561,AGT004,2026-04-27,42
WL0010439,TKT008562,AGT010,2026-04-27,54
WL0010440,TKT008563,AGT014,2026-04-27,64
WL0010441,TKT008564,AGT009,2026-04-27,35
WL0010442,TKT008564,AGT010,2026-04-27,20
WL0010443,TKT008565,AGT016,2026-04-27,35
WL0010444,TKT008566,AGT017,2026-04-27,36
WL0010445,TKT008567,AGT015,2026-04-27,85
WL0010446,TKT008568,AGT014,2026-04-27,42
WL0010447,TKT008569,AGT010,2026-04-27,75
WL0010448,TKT008570,AGT004,2026-04-27,35
WL0010449,TKT008571,AGT007,2026-04-27,164
WL0010450,TKT008572,AGT007,2026-04-27,11
WL0010451,TKT008572,AGT011,2026-04-27,18
WL0010452,TKT008573,AGT010,2026-04-27,33
WL0010453,TKT008574,AGT013,2026-04-27,32
WL0010454,TKT008575,AGT013,2026-04-27,30
WL0010455,TKT008576,AGT004,2026-04-27,58
WL0010456,TKT008577,AGT013,2026-04-27,34
WL0010457,TKT008577,AGT014,2026-04-27,19
WL0010458,TKT008578,AGT011,2026-04-27,190
WL0010459,TKT008579,AGT016,2026-04-27,20
WL0010460,TKT008579,AGT017,2026-04-27,37
WL0010461,TKT008580,AGT013,2026-04-27,40
WL0010462,TKT008581,AGT015,2026-04-27,20
WL0010463,TKT008581,AGT017,2026-04-27,12
WL0010464,TKT008582,AGT004,2026-04-27,54
WL0010465,TKT008583,AGT013,2026-04-27,192
WL0010466,TKT008584,AGT002,2026-04-27,75
WL0010467,TKT008585,AGT013,2026-04-27,64
WL0010468,TKT008586,AGT010,2026-04-27,69
WL0010469,TKT008587,AGT009,2026-04-27,195
WL0010470,TKT008587,AGT010,2026-04-27,105
WL0010471,TKT008588,AGT007,2026-04-27,92
WL0010472,TKT008589,AGT005,2026-04-27,101
WL0010473,TKT008590,AGT010,2026-04-27,98
WL0010474,TKT008591,AGT009,2026-04-27,55
WL0010475,TKT008592,AGT014,2026-04-27,41
WL0010476,TKT008593,AGT003,2026-04-27,76
WL0010477,TKT008594,AGT007,2026-04-28,95
WL0010478,TKT008595,AGT004,2026-04-28,20
WL0010479,TKT008595,AGT006,2026-04-28,36
WL0010481,TKT008597,AGT015,2026-04-28,66
WL0010482,TKT008598,AGT007,2026-04-28,95
WL0010483,TKT008599,AGT009,2026-04-28,89
WL0010484,TKT008600,AGT002,2026-04-28,81
WL0010485,TKT008601,AGT016,2026-04-28,28
WL0010486,TKT008601,AGT018,2026-04-28,16
WL0010487,TKT008602,AGT015,2026-04-28,29
WL0010488,TKT008603,AGT001,2026-04-28,25
WL0010489,TKT008603,AGT006,2026-04-28,14
WL0010490,TKT008604,AGT011,2026-04-28,95
WL0010491,TKT008605,AGT014,2026-04-28,60
WL0010492,TKT008606,AGT002,2026-04-28,88
WL0010493,TKT008607,AGT003,2026-04-28,119
WL0010494,TKT008608,AGT014,2026-04-28,21
WL0010495,TKT008609,AGT015,2026-04-28,116
WL0010496,TKT008610,AGT009,2026-04-28,120
WL0010497,TKT008611,AGT005,2026-04-28,79
WL0010498,TKT008612,AGT017,2026-04-28,59
WL0010499,TKT008613,AGT017,2026-04-28,40
WL0010500,TKT008614,AGT018,2026-04-28,79
WL0010501,TKT008615,AGT018,2026-04-28,27
WL0010502,TKT008616,AGT002,2026-04-28,75
WL0010503,TKT008616,AGT004,2026-04-28,41
WL0010504,TKT008617,AGT015,2026-04-28,57
WL0010505,TKT008618,AGT007,2026-04-28,135
WL0010506,TKT008619,AGT007,2026-04-28,37
WL0010507,TKT008619,AGT008,2026-04-28,21
WL0010508,TKT008620,AGT003,2026-04-28,148
WL0010509,TKT008621,AGT017,2026-04-28,54
WL0010510,TKT008622,AGT009,2026-04-28,86
WL0010511,TKT008623,AGT015,2026-04-28,93
WL0010512,TKT008624,AGT002,2026-04-28,55
WL0010513,TKT008625,AGT014,2026-04-28,91
WL0010514,TKT008626,AGT003,2026-04-28,36
WL0010515,TKT008627,AGT005,2026-04-28,82
WL0010516,TKT008628,AGT014,2026-04-28,93
WL0010517,TKT008629,AGT007,2026-04-28,74
WL0010518,TKT008630,AGT016,2026-04-28,75
WL0010519,TKT008631,AGT015,2026-04-28,25
WL0010520,TKT008632,AGT007,2026-04-28,44
WL0010521,TKT008632,AGT009,2026-04-28,124
WL0010522,TKT008633,AGT002,2026-04-28,66
WL0010523,TKT008634,AGT010,2026-04-28,142
WL0010524,TKT008634,AGT011,2026-04-28,77
WL0010525,TKT008635,AGT003,2026-04-28,46
WL0010526,TKT008636,AGT015,2026-04-28,13
WL0010527,TKT008636,AGT018,2026-04-28,22
WL0010528,TKT008637,AGT008,2026-04-28,26
WL0010529,TKT008638,AGT010,2026-04-28,68
WL0010530,TKT008639,AGT017,2026-04-28,62
WL0010531,TKT008640,AGT004,2026-04-28,102
WL0010532,TKT008641,AGT003,2026-04-28,128
WL0010533,TKT008642,AGT016,2026-04-28,32
WL0010534,TKT008643,AGT011,2026-04-28,196
WL0010535,TKT008644,AGT010,2026-04-28,270
WL0010536,TKT008644,AGT011,2026-04-28,112
WL0010537,TKT008645,AGT004,2026-04-29,60
WL0010538,TKT008646,AGT015,2026-04-29,29
WL0010539,TKT008647,AGT007,2026-04-29,74
WL0010540,TKT008647,AGT010,2026-04-29,40
WL0010541,TKT008648,AGT018,2026-04-29,38
WL0010542,TKT008649,AGT006,2026-04-29,119
WL0010543,TKT008650,AGT002,2026-04-29,30
WL0010544,TKT008651,AGT007,2026-04-29,175
WL0010545,TKT008652,AGT002,2026-04-29,52
WL0010546,TKT008653,AGT010,2026-04-29,52
WL0010547,TKT008653,AGT011,2026-04-29,29
WL0010549,TKT008655,AGT017,2026-04-29,38
WL0010550,TKT008656,AGT008,2026-04-29,61
WL0010551,TKT008657,AGT008,2026-04-29,82
WL0010552,TKT008658,AGT015,2026-04-29,34
WL0010553,TKT008658,AGT017,2026-04-29,63
WL0010555,TKT008660,AGT017,2026-04-29,90
WL0010556,TKT008661,AGT009,2026-04-29,68
WL0010557,TKT008662,AGT002,2026-04-29,36
WL0010558,TKT008662,AGT004,2026-04-29,20
WL0010559,TKT008663,AGT018,2026-04-29,116
WL0010560,TKT008664,AGT012,2026-04-29,74
WL0010561,TKT008665,AGT013,2026-04-29,67
WL0010562,TKT008666,AGT015,2026-04-29,37
WL0010563,TKT008667,AGT010,2026-04-29,168
WL0010564,TKT008668,AGT003,2026-04-29,26
WL0010565,TKT008668,AGT005,2026-04-29,47
WL0010566,TKT008669,AGT006,2026-04-29,85
WL0010567,TKT008670,AGT017,2026-04-29,38
WL0010568,TKT008671,AGT015,2026-04-29,39
WL0010569,TKT008671,AGT018,2026-04-29,21
WL0010570,TKT008672,AGT018,2026-04-29,50
WL0010571,TKT008673,AGT004,2026-04-29,81
WL0010572,TKT008674,AGT016,2026-04-29,68
WL0010573,TKT008675,AGT017,2026-04-29,53
WL0010574,TKT008676,AGT013,2026-04-29,31
WL0010575,TKT008677,AGT011,2026-04-29,70
WL0010576,TKT008678,AGT002,2026-04-29,78
WL0010577,TKT008679,AGT010,2026-04-29,145
WL0010578,TKT008680,AGT013,2026-04-29,102
WL0010579,TKT008681,AGT004,2026-04-29,82
WL0010580,TKT008682,AGT003,2026-04-29,23
WL0010581,TKT008682,AGT004,2026-04-29,40
WL0010582,TKT008683,AGT017,2026-04-29,80
WL0010583,TKT008684,AGT011,2026-04-29,187
WL0010584,TKT008685,AGT010,2026-04-29,65
WL0010585,TKT008686,AGT018,2026-04-29,27
WL0010586,TKT008687,AGT014,2026-04-29,81
WL0010587,TKT008687,AGT017,2026-04-29,45
WL0010588,TKT008688,AGT015,2026-04-29,45
WL0010589,TKT008689,AGT004,2026-04-29,25
WL0010590,TKT008689,AGT005,2026-04-29,45
WL0010591,TKT008690,AGT011,2026-04-29,49
WL0010592,TKT008691,AGT014,2026-04-29,45
WL0010593,TKT008692,AGT014,2026-04-29,34
WL0010594,TKT008692,AGT015,2026-04-29,61
WL0010595,TKT008693,AGT013,2026-04-29,27
WL0010596,TKT008693,AGT015,2026-04-29,15
WL0010597,TKT008694,AGT005,2026-04-29,69
WL0010598,TKT008695,AGT013,2026-04-29,25
WL0010599,TKT008696,AGT007,2026-04-29,125
WL0010601,TKT008698,AGT002,2026-04-29,54
WL0010602,TKT008698,AGT003,2026-04-29,98
WL0010603,TKT008699,AGT012,2026-04-30,89
WL0010604,TKT008700,AGT018,2026-04-30,50
WL0010605,TKT008701,AGT013,2026-04-30,86
WL0010606,TKT008702,AGT018,2026-04-30,64
WL0010607,TKT008703,AGT002,2026-04-30,83
WL0010608,TKT008703,AGT006,2026-04-30,45
WL0010609,TKT008704,AGT013,2026-04-30,95
WL0010610,TKT008705,AGT014,2026-04-30,149
WL0010611,TKT008706,AGT018,2026-04-30,111
WL0010612,TKT008707,AGT016,2026-04-30,45
WL0010613,TKT008708,AGT014,2026-04-30,147
WL0010614,TKT008709,AGT001,2026-04-30,35
WL0010615,TKT008709,AGT004,2026-04-30,20
WL0010616,TKT008710,AGT010,2026-04-30,38
WL0010617,TKT008711,AGT002,2026-04-30,48
WL0010618,TKT008712,AGT003,2026-04-30,72
WL0010619,TKT008713,AGT008,2026-04-30,41
WL0010620,TKT008714,AGT010,2026-04-30,35
WL0010621,TKT008715,AGT008,2026-04-30,96
WL0010622,TKT008715,AGT010,2026-04-30,53
WL0010623,TKT008716,AGT013,2026-04-30,13
WL0010624,TKT008716,AGT015,2026-04-30,24
WL0010625,TKT008717,AGT001,2026-04-30,27
WL0010626,TKT008717,AGT004,2026-04-30,15
WL0010627,TKT008718,AGT013,2026-04-30,76
WL0010628,TKT008718,AGT016,2026-04-30,42
WL0010629,TKT008719,AGT012,2026-04-30,55
WL0010630,TKT008720,AGT008,2026-04-30,207
WL0010631,TKT008721,AGT010,2026-04-30,69
WL0010632,TKT008722,AGT009,2026-04-30,40
WL0010633,TKT008722,AGT010,2026-04-30,74
WL0010634,TKT008723,AGT004,2026-04-30,54
WL0010635,TKT008724,AGT008,2026-04-30,26
WL0010636,TKT008724,AGT009,2026-04-30,14
WL0010637,TKT008725,AGT013,2026-04-30,76
WL0010638,TKT008726,AGT002,2026-04-30,44
WL0010639,TKT008727,AGT010,2026-04-30,118
WL0010640,TKT008728,AGT014,2026-04-30,120
WL0010641,TKT008729,AGT018,2026-04-30,140
WL0010642,TKT008730,AGT001,2026-04-30,25
WL0010643,TKT008731,AGT009,2026-04-30,56
WL0010644,TKT008731,AGT010,2026-04-30,93
WL0010645,TKT008732,AGT012,2026-04-30,120
WL0010646,TKT008733,AGT014,2026-04-30,64
WL0010647,TKT008733,AGT015,2026-04-30,34
WL0010648,TKT008734,AGT015,2026-04-30,79
WL0010649,TKT008735,AGT008,2026-04-30,102
WL0010650,TKT008736,AGT013,2026-04-30,134
WL0010651,TKT008736,AGT015,2026-04-30,119
WL0010652,TKT008737,AGT015,2026-04-30,29
WL0010653,TKT008738,AGT012,2026-04-30,70
WL0010654,TKT008739,AGT006,2026-04-30,57
WL0010655,TKT008740,AGT015,2026-04-30,21
WL0010656,TKT008741,AGT015,2026-04-30,66
WL0010657,TKT008742,AGT015,2026-04-30,106
WL0010658,TKT008743,AGT003,2026-04-30,68
WL0010659,TKT008744,AGT006,2026-04-30,55
WL0010660,TKT008745,AGT018,2026-04-30,41
WL0010661,TKT008746,AGT015,2026-04-30,2
WL0010662,TKT008746,AGT016,2026-04-30,59
WL0010663,TKT008746,AGT018,2026-04-30,74
WL0010664,TKT008747,AGT001,2026-04-30,26
WL0010665,TKT008748,AGT004,2026-04-30,16
WL0010667,TKT008750,AGT016,2026-04-30,37
WL0010668,TKT008751,AGT017,2026-05-01,24
WL0010669,TKT008751,AGT018,2026-05-01,13
WL0010670,TKT008752,AGT007,2026-05-01,73
WL0010671,TKT008753,AGT001,2026-05-01,77
WL0010672,TKT008754,AGT007,2026-05-01,29
WL0010673,TKT008755,AGT004,2026-05-01,20
WL0010674,TKT008756,AGT018,2026-05-01,45
WL0010675,TKT008757,AGT015,2026-05-01,59
WL0010676,TKT008758,AGT018,2026-05-01,78
WL0010677,TKT008759,AGT013,2026-05-01,78
WL0010678,TKT008760,AGT001,2026-05-01,62
WL0010679,TKT008761,AGT013,2026-05-01,32
WL0010680,TKT008762,AGT003,2026-05-01,13
WL0010681,TKT008762,AGT004,2026-05-01,8
WL0010682,TKT008763,AGT017,2026-05-01,64
WL0010683,TKT008764,AGT015,2026-05-01,34
WL0010684,TKT008764,AGT016,2026-05-01,61
WL0010685,TKT008765,AGT003,2026-05-01,30
WL0010686,TKT008765,AGT005,2026-05-01,53
WL0010687,TKT008766,AGT011,2026-05-01,131
WL0010688,TKT008767,AGT004,2026-05-01,52
WL0010690,TKT008769,AGT009,2026-05-01,71
WL0010691,TKT008770,AGT007,2026-05-01,100
WL0010692,TKT008771,AGT016,2026-05-01,19
WL0010693,TKT008771,AGT017,2026-05-01,35
WL0010694,TKT008772,AGT003,2026-05-01,31
WL0010695,TKT008772,AGT005,2026-05-01,18
WL0010696,TKT008773,AGT001,2026-05-01,40
WL0010697,TKT008774,AGT015,2026-05-01,45
WL0010698,TKT008775,AGT010,2026-05-01,28
WL0010699,TKT008775,AGT011,2026-05-01,50
WL0010700,TKT008776,AGT010,2026-05-01,82
WL0010701,TKT008776,AGT011,2026-05-01,45
WL0010702,TKT008777,AGT007,2026-05-01,83
WL0010703,TKT008777,AGT009,2026-05-01,46
WL0010704,TKT008778,AGT015,2026-05-01,52
WL0010705,TKT008779,AGT010,2026-05-01,13
WL0010706,TKT008779,AGT011,2026-05-01,23
WL0010707,TKT008780,AGT001,2026-05-01,30
WL0010708,TKT008780,AGT005,2026-05-01,54
WL0010709,TKT008781,AGT018,2026-05-01,31
WL0010710,TKT008782,AGT017,2026-05-01,39
WL0010711,TKT008783,AGT017,2026-05-01,55
WL0010712,TKT008784,AGT001,2026-05-01,28
WL0010713,TKT008784,AGT003,2026-05-01,51
WL0010714,TKT008785,AGT013,2026-05-01,45
WL0010715,TKT008786,AGT011,2026-05-01,65
WL0010716,TKT008787,AGT010,2026-05-01,112
WL0010717,TKT008788,AGT002,2026-05-01,27
WL0010718,TKT008788,AGT004,2026-05-01,50
WL0010719,TKT008789,AGT010,2026-05-01,46
WL0010720,TKT008790,AGT017,2026-05-01,38
WL0010721,TKT008790,AGT018,2026-05-01,21
WL0010722,TKT008791,AGT018,2026-05-01,184
WL0010723,TKT008792,AGT001,2026-05-01,33
WL0010724,TKT008793,AGT013,2026-05-01,71
WL0010725,TKT008794,AGT002,2026-05-01,70
WL0010726,TKT008794,AGT003,2026-05-01,38
WL0010727,TKT008795,AGT015,2026-05-01,30
WL0010728,TKT008796,AGT009,2026-05-01,23
WL0010729,TKT008797,AGT018,2026-05-01,48
WL0010730,TKT008798,AGT010,2026-05-01,53
WL0010731,TKT008799,AGT002,2026-05-01,55
WL0010732,TKT008800,AGT017,2026-05-01,43
WL0010733,TKT008801,AGT011,2026-05-01,73
WL0010734,TKT008802,AGT004,2026-05-01,32
WL0010735,TKT008802,AGT005,2026-05-01,18
WL0010736,TKT008803,AGT003,2026-05-01,42
WL0010737,TKT008803,AGT006,2026-05-01,24
WL0010738,TKT008804,AGT009,2026-05-01,61
WL0010739,TKT008804,AGT011,2026-05-01,33
WL0010740,TKT008805,AGT013,2026-05-01,39
WL0010743,TKT008807,AGT007,2026-05-01,44
WL0010744,TKT008807,AGT011,2026-05-01,30
WL0010745,TKT008808,AGT013,2026-05-01,155
WL0010746,TKT008809,AGT013,2026-05-01,60
WL0010747,TKT008809,AGT017,2026-05-01,1
WL0010748,TKT008810,AGT017,2026-05-01,116
WL0010749,TKT008811,AGT004,2026-05-01,58
WL0010750,TKT008812,AGT002,2026-05-01,80
WL0010751,TKT008813,AGT001,2026-05-01,58
WL0010752,TKT008814,AGT015,2026-05-01,55
WL0010753,TKT008814,AGT017,2026-05-01,53
WL0010754,TKT008815,AGT004,2026-05-01,90
WL0010755,TKT008816,AGT015,2026-05-01,127
WL0010756,TKT008817,AGT009,2026-05-01,89
WL0010757,TKT008818,AGT016,2026-05-01,57
WL0010758,TKT008819,AGT014,2026-05-02,85
WL0010760,TKT008821,AGT009,2026-05-02,26
WL0010761,TKT008821,AGT010,2026-05-02,48
WL0010762,TKT008822,AGT017,2026-05-02,23
WL0010763,TKT008823,AGT001,2026-05-02,205
WL0010764,TKT008824,AGT004,2026-05-02,69
WL0010765,TKT008825,AGT012,2026-05-02,90
WL0010766,TKT008826,AGT004,2026-05-02,86
WL0010767,TKT008827,AGT015,2026-05-02,29
WL0010768,TKT008828,AGT015,2026-05-02,16
WL0010769,TKT008829,AGT001,2026-05-02,78
WL0010770,TKT008830,AGT017,2026-05-02,73
WL0010771,TKT008831,AGT001,2026-05-02,17
WL0010772,TKT008831,AGT004,2026-05-02,10
WL0010773,TKT008832,AGT015,2026-05-02,97
WL0010774,TKT008833,AGT010,2026-05-02,58
WL0010775,TKT008834,AGT015,2026-05-02,82
WL0010776,TKT008835,AGT001,2026-05-02,53
WL0010777,TKT008836,AGT014,2026-05-02,49
WL0010778,TKT008836,AGT015,2026-05-02,90
WL0010779,TKT008837,AGT016,2026-05-03,62
WL0010780,TKT008837,AGT017,2026-05-03,114
WL0010781,TKT008838,AGT002,2026-05-03,53
WL0010782,TKT008838,AGT003,2026-05-03,96
WL0010783,TKT008839,AGT011,2026-05-03,125
WL0010784,TKT008840,AGT015,2026-05-03,94
WL0010785,TKT008841,AGT011,2026-05-03,73
WL0010786,TKT008841,AGT012,2026-05-03,135
WL0010787,TKT008842,AGT002,2026-05-03,68
WL0010788,TKT008843,AGT002,2026-05-03,40
WL0010789,TKT008843,AGT003,2026-05-03,23
WL0010790,TKT008844,AGT012,2026-05-03,156
WL0010792,TKT008846,AGT010,2026-05-03,231
WL0010793,TKT008847,AGT017,2026-05-03,62
WL0010794,TKT008848,AGT003,2026-05-03,82
WL0010795,TKT008849,AGT017,2026-05-03,30
WL0010796,TKT008850,AGT003,2026-05-03,32
WL0010797,TKT008851,AGT011,2026-05-03,108
WL0010798,TKT008852,AGT017,2026-05-03,84
WL0010799,TKT008853,AGT017,2026-05-03,87
WL0010800,TKT008854,AGT002,2026-05-03,35
WL0010801,TKT008855,AGT015,2026-05-03,16
WL0010802,TKT008855,AGT017,2026-05-03,10
WL0010803,TKT008856,AGT002,2026-05-03,221
WL0010804,TKT008857,AGT002,2026-05-03,33
WL0010805,TKT008857,AGT003,2026-05-03,75
WL0010806,TKT008858,AGT003,2026-05-03,53
WL0010807,TKT008859,AGT008,2026-05-03,40
WL0010808,TKT008859,AGT012,2026-05-03,74
WL0010809,TKT008860,AGT003,2026-05-03,55
WL0010810,TKT008861,AGT003,2026-05-03,52
WL0010811,TKT008862,AGT003,2026-05-03,12
WL0010812,TKT008862,AGT010,2026-05-03,63
WL0010813,TKT008863,AGT017,2026-05-03,58
WL0010814,TKT008864,AGT015,2026-05-03,15
WL0010815,TKT008864,AGT017,2026-05-03,35
WL0010816,TKT008865,AGT016,2026-05-03,32
WL0010817,TKT008866,AGT007,2026-05-04,63
WL0010818,TKT008867,AGT015,2026-05-04,53
WL0010819,TKT008868,AGT017,2026-05-04,27
WL0010820,TKT008869,AGT007,2026-05-04,91
WL0010821,TKT008869,AGT012,2026-05-04,50
WL0010822,TKT008870,AGT005,2026-05-04,22
WL0010823,TKT008871,AGT005,2026-05-04,111
WL0010824,TKT008872,AGT014,2026-05-04,16
WL0010825,TKT008872,AGT015,2026-05-04,10
WL0010826,TKT008873,AGT010,2026-05-04,134
WL0010827,TKT008874,AGT014,2026-05-04,12
WL0010828,TKT008874,AGT017,2026-05-04,20
WL0010829,TKT008875,AGT002,2026-05-04,72
WL0010830,TKT008876,AGT015,2026-05-04,55
WL0010831,TKT008876,AGT018,2026-05-04,101
WL0010832,TKT008877,AGT005,2026-05-04,57
WL0010833,TKT008878,AGT005,2026-05-04,65
WL0010834,TKT008879,AGT006,2026-05-04,72
WL0010835,TKT008880,AGT005,2026-05-04,41
WL0010836,TKT008881,AGT010,2026-05-04,54
WL0010837,TKT008882,AGT010,2026-05-04,74
WL0010838,TKT008883,AGT010,2026-05-04,53
WL0010839,TKT008884,AGT001,2026-05-04,44
WL0010840,TKT008885,AGT014,2026-05-04,134
WL0010841,TKT008886,AGT013,2026-05-04,72
WL0010842,TKT008887,AGT010,2026-05-04,65
WL0010843,TKT008888,AGT010,2026-05-04,76
WL0010844,TKT008889,AGT006,2026-05-04,69
WL0010845,TKT008890,AGT010,2026-05-04,24
WL0010846,TKT008890,AGT011,2026-05-04,97
WL0010847,TKT008891,AGT003,2026-05-04,67
WL0010848,TKT008892,AGT002,2026-05-04,82
WL0010849,TKT008893,AGT014,2026-05-04,69
WL0010850,TKT008894,AGT013,2026-05-04,40
WL0010851,TKT008895,AGT018,2026-05-04,96
WL0010852,TKT008896,AGT005,2026-05-04,31
WL0010853,TKT008897,AGT017,2026-05-04,36
WL0010854,TKT008898,AGT018,2026-05-04,17
WL0010855,TKT008899,AGT013,2026-05-04,94
WL0010856,TKT008900,AGT001,2026-05-04,71
WL0010857,TKT008901,AGT013,2026-05-04,118
WL0010858,TKT008902,AGT006,2026-05-04,251
WL0010859,TKT008903,AGT017,2026-05-04,83
WL0010860,TKT008904,AGT011,2026-05-04,140
WL0010861,TKT008905,AGT018,2026-05-04,59
WL0010862,TKT008906,AGT014,2026-05-04,96
WL0010863,TKT008907,AGT015,2026-05-04,42
WL0010864,TKT008908,AGT001,2026-05-04,14
WL0010865,TKT008908,AGT003,2026-05-04,25
WL0010866,TKT008909,AGT012,2026-05-04,57
WL0010867,TKT008910,AGT007,2026-05-04,58
WL0010868,TKT008910,AGT012,2026-05-04,107
WL0010869,TKT008911,AGT008,2026-05-04,55
WL0010870,TKT008912,AGT013,2026-05-04,57
WL0010871,TKT008913,AGT007,2026-05-04,66
WL0010872,TKT008913,AGT012,2026-05-04,37
WL0010873,TKT008914,AGT003,2026-05-05,92
WL0010874,TKT008915,AGT016,2026-05-05,48
WL0010875,TKT008916,AGT001,2026-05-05,142
WL0010876,TKT008917,AGT001,2026-05-05,65
WL0010877,TKT008918,AGT005,2026-05-05,21
WL0010878,TKT008919,AGT001,2026-05-05,38
WL0010879,TKT008920,AGT013,2026-05-05,75
WL0010880,TKT008921,AGT016,2026-05-05,133
WL0010881,TKT008922,AGT009,2026-05-05,189
WL0010882,TKT008923,AGT011,2026-05-05,57
WL0010883,TKT008924,AGT001,2026-05-05,40
WL0010884,TKT008925,AGT018,2026-05-05,172
WL0010885,TKT008926,AGT003,2026-05-05,95
WL0010886,TKT008927,AGT003,2026-05-05,47
WL0010887,TKT008927,AGT006,2026-05-05,26
WL0010888,TKT008928,AGT010,2026-05-05,135
WL0010889,TKT008928,AGT011,2026-05-05,73
WL0010890,TKT008929,AGT001,2026-05-05,143
WL0010891,TKT008930,AGT006,2026-05-05,91
WL0010892,TKT008931,AGT013,2026-05-05,300
WL0010893,TKT008932,AGT018,2026-05-05,77
WL0010894,TKT008933,AGT013,2026-05-05,24
WL0010895,TKT008933,AGT017,2026-05-05,44
WL0010896,TKT008934,AGT004,2026-05-05,61
WL0010897,TKT008935,AGT015,2026-05-05,168
WL0010898,TKT008936,AGT013,2026-05-05,53
WL0010899,TKT008937,AGT005,2026-05-05,97
WL0010900,TKT008938,AGT009,2026-05-05,39
WL0010901,TKT008939,AGT018,2026-05-05,99
WL0010902,TKT008940,AGT006,2026-05-05,16
WL0010903,TKT008941,AGT015,2026-05-05,55
WL0010904,TKT008942,AGT010,2026-05-05,110
WL0010905,TKT008943,AGT018,2026-05-05,80
WL0010906,TKT008944,AGT006,2026-05-05,83
WL0010908,TKT008946,AGT017,2026-05-05,3
WL0010909,TKT008946,AGT018,2026-05-05,52
WL0010910,TKT008947,AGT016,2026-05-05,34
WL0010911,TKT008948,AGT010,2026-05-05,44
WL0010912,TKT008949,AGT003,2026-05-05,28
WL0010913,TKT008950,AGT013,2026-05-05,28
WL0010914,TKT008950,AGT015,2026-05-05,109
WL0010915,TKT008950,AGT017,2026-05-05,31
WL0010916,TKT008951,AGT007,2026-05-05,39
WL0010917,TKT008952,AGT015,2026-05-05,19
WL0010918,TKT008953,AGT016,2026-05-05,70
WL0010919,TKT008954,AGT010,2026-05-05,91
WL0010920,TKT008955,AGT009,2026-05-05,20
WL0010921,TKT008955,AGT011,2026-05-05,35
WL0010922,TKT008956,AGT010,2026-05-05,70
WL0010923,TKT008956,AGT011,2026-05-05,19
WL0010924,TKT008957,AGT016,2026-05-05,91
WL0010925,TKT008958,AGT003,2026-05-05,34
WL0010926,TKT008959,AGT005,2026-05-05,31
WL0010927,TKT008959,AGT006,2026-05-05,57
WL0010928,TKT008960,AGT016,2026-05-05,51
WL0010929,TKT008961,AGT011,2026-05-05,63
WL0010930,TKT008962,AGT007,2026-05-05,48
WL0010931,TKT008962,AGT009,2026-05-05,88
WL0010932,TKT008963,AGT009,2026-05-05,45
WL0010933,TKT008964,AGT003,2026-05-05,91
WL0010934,TKT008965,AGT014,2026-05-06,34
WL0010935,TKT008965,AGT015,2026-05-06,61
WL0010936,TKT008966,AGT010,2026-05-06,81
WL0010937,TKT008967,AGT015,2026-05-06,55
WL0010938,TKT008968,AGT003,2026-05-06,98
WL0010939,TKT008969,AGT017,2026-05-06,40
WL0010940,TKT008970,AGT016,2026-05-06,35
WL0010941,TKT008971,AGT003,2026-05-06,26
WL0010942,TKT008971,AGT006,2026-05-06,47
WL0010943,TKT008972,AGT007,2026-05-06,105
WL0010944,TKT008973,AGT005,2026-05-06,48
WL0010945,TKT008974,AGT010,2026-05-06,83
WL0010946,TKT008975,AGT004,2026-05-06,39
WL0010947,TKT008976,AGT016,2026-05-06,112
WL0010948,TKT008977,AGT006,2026-05-06,125
WL0010950,TKT008979,AGT004,2026-05-06,18
WL0010951,TKT008980,AGT008,2026-05-06,98
WL0010952,TKT008981,AGT011,2026-05-06,117
WL0010953,TKT008982,AGT002,2026-05-06,82
WL0010954,TKT008983,AGT016,2026-05-06,77
WL0010955,TKT008984,AGT017,2026-05-06,99
WL0010956,TKT008985,AGT003,2026-05-06,70
WL0010957,TKT008986,AGT011,2026-05-06,93
WL0010958,TKT008987,AGT017,2026-05-06,155
WL0010959,TKT008988,AGT008,2026-05-06,135
WL0010960,TKT008989,AGT008,2026-05-06,35
WL0010961,TKT008990,AGT016,2026-05-06,55
WL0010962,TKT008990,AGT017,2026-05-06,31
WL0010963,TKT008991,AGT002,2026-05-06,278
WL0010964,TKT008991,AGT006,2026-05-06,59
WL0010965,TKT008992,AGT005,2026-05-06,28
WL0010966,TKT008993,AGT007,2026-05-06,64
WL0010967,TKT008994,AGT006,2026-05-06,81
WL0010968,TKT008995,AGT017,2026-05-06,63
WL0010969,TKT008996,AGT017,2026-05-06,77
WL0010970,TKT008997,AGT004,2026-05-06,152
WL0010971,TKT008997,AGT006,2026-05-06,104
WL0010972,TKT008998,AGT008,2026-05-06,183
WL0010973,TKT008999,AGT008,2026-05-06,29
WL0010974,TKT008999,AGT011,2026-05-06,156
WL0010975,TKT009000,AGT004,2026-05-06,71
WL0010976,TKT009001,AGT007,2026-05-06,100
WL0010977,TKT009001,AGT010,2026-05-06,55
WL0010978,TKT009002,AGT014,2026-05-06,15
WL0010979,TKT009002,AGT017,2026-05-06,15
WL0010980,TKT009003,AGT014,2026-05-06,77
WL0010981,TKT009004,AGT005,2026-05-06,65
WL0010982,TKT009005,AGT005,2026-05-06,30
WL0010983,TKT009006,AGT014,2026-05-06,33
WL0010984,TKT009007,AGT014,2026-05-06,133
WL0010985,TKT009008,AGT010,2026-05-06,73
WL0010986,TKT009009,AGT015,2026-05-06,41
WL0010987,TKT009010,AGT004,2026-05-06,13
WL0010988,TKT009010,AGT005,2026-05-06,23
WL0010989,TKT009011,AGT007,2026-05-06,60
WL0010990,TKT009012,AGT014,2026-05-06,18
WL0010991,TKT009013,AGT003,2026-05-06,55
WL0010992,TKT009014,AGT003,2026-05-06,35
WL0010993,TKT009015,AGT008,2026-05-07,73
WL0010994,TKT009016,AGT001,2026-05-07,32
WL0010995,TKT009017,AGT004,2026-05-07,18
WL0010996,TKT009017,AGT005,2026-05-07,32
WL0010998,TKT009019,AGT004,2026-05-07,90
WL0011001,TKT009021,AGT001,2026-05-07,43
WL0011002,TKT009022,AGT014,2026-05-07,38
WL0011003,TKT009023,AGT013,2026-05-07,44
WL0011005,TKT009025,AGT016,2026-05-07,49
WL0011006,TKT009026,AGT005,2026-05-07,85
WL0011007,TKT009027,AGT004,2026-05-07,215
WL0011008,TKT009028,AGT013,2026-05-07,187
WL0011009,TKT009029,AGT007,2026-05-07,63
WL0011010,TKT009030,AGT017,2026-05-07,37
WL0011012,TKT009032,AGT008,2026-05-07,76
WL0011013,TKT009033,AGT013,2026-05-07,14
WL0011014,TKT009033,AGT016,2026-05-07,26
WL0011015,TKT009034,AGT013,2026-05-07,72
WL0011016,TKT009035,AGT013,2026-05-07,70
WL0011017,TKT009036,AGT001,2026-05-07,35
WL0011018,TKT009037,AGT008,2026-05-07,85
WL0011019,TKT009038,AGT003,2026-05-07,40
WL0011020,TKT009039,AGT001,2026-05-07,59
WL0011021,TKT009040,AGT018,2026-05-07,72
WL0011022,TKT009041,AGT018,2026-05-07,53
WL0011023,TKT009042,AGT004,2026-05-07,24
WL0011024,TKT009043,AGT018,2026-05-07,62
WL0011025,TKT009044,AGT005,2026-05-07,36
WL0011026,TKT009045,AGT009,2026-05-07,131
WL0011027,TKT009046,AGT005,2026-05-07,94
WL0011028,TKT009047,AGT014,2026-05-07,61
WL0011029,TKT009048,AGT004,2026-05-07,66
WL0011030,TKT009049,AGT001,2026-05-07,120
WL0011031,TKT009050,AGT015,2026-05-07,40
WL0011032,TKT009051,AGT017,2026-05-07,73
WL0011033,TKT009052,AGT007,2026-05-07,48
WL0011034,TKT009053,AGT013,2026-05-07,25
WL0011035,TKT009053,AGT016,2026-05-07,130
WL0011036,TKT009054,AGT015,2026-05-07,35
WL0011037,TKT009054,AGT018,2026-05-07,19
WL0011038,TKT009055,AGT017,2026-05-07,53
WL0011039,TKT009056,AGT017,2026-05-07,82
WL0011040,TKT009057,AGT014,2026-05-07,62
WL0011041,TKT009058,AGT016,2026-05-07,24
WL0011042,TKT009059,AGT015,2026-05-07,23
WL0011043,TKT009060,AGT013,2026-05-08,50
WL0011044,TKT009061,AGT008,2026-05-08,94
WL0011045,TKT009062,AGT006,2026-05-08,31
WL0011046,TKT009063,AGT014,2026-05-08,37
WL0011047,TKT009063,AGT018,2026-05-08,21
WL0011048,TKT009064,AGT013,2026-05-08,58
WL0011049,TKT009065,AGT009,2026-05-08,58
WL0011050,TKT009066,AGT013,2026-05-08,122
WL0011051,TKT009067,AGT004,2026-05-08,118
WL0011052,TKT009068,AGT015,2026-05-08,107
WL0011053,TKT009069,AGT002,2026-05-08,79
WL0011054,TKT009070,AGT009,2026-05-08,177
WL0011055,TKT009070,AGT010,2026-05-08,96
WL0011056,TKT009071,AGT012,2026-05-08,57
WL0011057,TKT009072,AGT006,2026-05-08,31
WL0011058,TKT009073,AGT004,2026-05-08,74
WL0011059,TKT009074,AGT005,2026-05-08,69
WL0011060,TKT009075,AGT013,2026-05-08,81
WL0011061,TKT009076,AGT014,2026-05-08,105
WL0011062,TKT009077,AGT011,2026-05-08,26
WL0011063,TKT009078,AGT015,2026-05-08,30
WL0011064,TKT009078,AGT016,2026-05-08,17
WL0011065,TKT009079,AGT007,2026-05-08,123
WL0011066,TKT009080,AGT015,2026-05-08,22
WL0011067,TKT009081,AGT014,2026-05-08,107
WL0011068,TKT009082,AGT006,2026-05-08,161
WL0011070,TKT009084,AGT011,2026-05-08,99
WL0011071,TKT009085,AGT015,2026-05-08,61
WL0011072,TKT009086,AGT018,2026-05-08,64
WL0011073,TKT009087,AGT008,2026-05-08,36
WL0011074,TKT009088,AGT002,2026-05-08,26
WL0011076,TKT009090,AGT002,2026-05-08,59
WL0011077,TKT009091,AGT008,2026-05-08,112
WL0011078,TKT009091,AGT010,2026-05-08,61
WL0011079,TKT009092,AGT005,2026-05-08,87
WL0011080,TKT009093,AGT002,2026-05-08,21
WL0011081,TKT009094,AGT007,2026-05-08,82
WL0011082,TKT009095,AGT004,2026-05-08,102
WL0011083,TKT009096,AGT010,2026-05-08,143
WL0011084,TKT009097,AGT018,2026-05-08,18
WL0011085,TKT009098,AGT014,2026-05-08,13
WL0011086,TKT009098,AGT018,2026-05-08,7
WL0011087,TKT009099,AGT013,2026-05-08,27
WL0011088,TKT009100,AGT002,2026-05-08,63
WL0011089,TKT009101,AGT002,2026-05-08,98
WL0011090,TKT009102,AGT018,2026-05-08,100
WL0011091,TKT009103,AGT002,2026-05-08,86
WL0011092,TKT009104,AGT007,2026-05-08,39
WL0011093,TKT009105,AGT015,2026-05-08,53
WL0011094,TKT009106,AGT014,2026-05-08,156
WL0011095,TKT009107,AGT005,2026-05-08,18
WL0011096,TKT009108,AGT015,2026-05-08,74
WL0011097,TKT009109,AGT014,2026-05-08,50
WL0011098,TKT009110,AGT013,2026-05-09,46
WL0011099,TKT009111,AGT013,2026-05-09,22
WL0011100,TKT009111,AGT017,2026-05-09,12
WL0011101,TKT009112,AGT017,2026-05-09,54
WL0011102,TKT009113,AGT005,2026-05-09,57
WL0011103,TKT009114,AGT013,2026-05-09,20
WL0011104,TKT009115,AGT005,2026-05-09,95
WL0011105,TKT009116,AGT017,2026-05-09,44
WL0011106,TKT009117,AGT013,2026-05-09,19
WL0011107,TKT009117,AGT017,2026-05-09,34
WL0011108,TKT009118,AGT005,2026-05-09,70
WL0011109,TKT009119,AGT012,2026-05-09,111
WL0011110,TKT009120,AGT008,2026-05-09,112
WL0011111,TKT009121,AGT005,2026-05-09,29
WL0011112,TKT009122,AGT012,2026-05-09,90
WL0011113,TKT009123,AGT008,2026-05-09,52
WL0011114,TKT009124,AGT005,2026-05-09,98
WL0011115,TKT009125,AGT017,2026-05-09,26
WL0011116,TKT009126,AGT013,2026-05-09,55
WL0011117,TKT009126,AGT017,2026-05-09,31
WL0011118,TKT009127,AGT012,2026-05-09,44
WL0011119,TKT009128,AGT017,2026-05-09,70
WL0011120,TKT009129,AGT005,2026-05-09,45
WL0011121,TKT009130,AGT005,2026-05-09,59
WL0011122,TKT009131,AGT013,2026-05-09,106
WL0011123,TKT009132,AGT005,2026-05-09,23
WL0011124,TKT009133,AGT005,2026-05-09,4
WL0011125,TKT009133,AGT013,2026-05-09,55
WL0011126,TKT009134,AGT008,2026-05-09,184
WL0011127,TKT009134,AGT012,2026-05-09,100
WL0011128,TKT009135,AGT008,2026-05-09,132
WL0011129,TKT009135,AGT012,2026-05-09,135
WL0011130,TKT009135,AGT013,2026-05-09,33
WL0011131,TKT009136,AGT013,2026-05-09,76
WL0011132,TKT009137,AGT017,2026-05-09,75
WL0011133,TKT009138,AGT013,2026-05-09,22
WL0011134,TKT009138,AGT017,2026-05-09,40
WL0011135,TKT009139,AGT013,2026-05-09,26
WL0011136,TKT009139,AGT017,2026-05-09,63
WL0011137,TKT009140,AGT017,2026-05-09,53
WL0011138,TKT009141,AGT006,2026-05-10,39
WL0011139,TKT009141,AGT017,2026-05-09,8
WL0011140,TKT009142,AGT006,2026-05-10,90
WL0011141,TKT009143,AGT016,2026-05-10,60
WL0011142,TKT009144,AGT001,2026-05-10,24
WL0011143,TKT009144,AGT002,2026-05-10,43
WL0011144,TKT009145,AGT010,2026-05-10,144
WL0011145,TKT009146,AGT010,2026-05-10,65
WL0011146,TKT009147,AGT006,2026-05-10,55
WL0011147,TKT009148,AGT001,2026-05-10,58
WL0011148,TKT009149,AGT009,2026-05-10,56
WL0011149,TKT009149,AGT010,2026-05-10,104
WL0011150,TKT009150,AGT001,2026-05-10,115
WL0011151,TKT009150,AGT002,2026-05-10,211
WL0011152,TKT009151,AGT010,2026-05-10,110
WL0011153,TKT009152,AGT006,2026-05-10,34
WL0011154,TKT009153,AGT013,2026-05-10,51
WL0011155,TKT009153,AGT016,2026-05-10,28
WL0011156,TKT009154,AGT016,2026-05-10,84
WL0011158,TKT009156,AGT011,2026-05-10,143
WL0011159,TKT009157,AGT001,2026-05-10,11
WL0011160,TKT009157,AGT006,2026-05-10,20
WL0011161,TKT009158,AGT006,2026-05-10,46
WL0011162,TKT009159,AGT009,2026-05-10,78
WL0011163,TKT009160,AGT001,2026-05-10,24
WL0011164,TKT009160,AGT006,2026-05-10,44
WL0011165,TKT009161,AGT013,2026-05-10,103
WL0011166,TKT009162,AGT002,2026-05-10,85
WL0011167,TKT009163,AGT016,2026-05-10,67
WL0011168,TKT009164,AGT013,2026-05-10,86
WL0011169,TKT009165,AGT009,2026-05-10,9
WL0011170,TKT009165,AGT011,2026-05-10,15
WL0011171,TKT009166,AGT001,2026-05-10,39
WL0011172,TKT009167,AGT011,2026-05-10,85
WL0011173,TKT009168,AGT002,2026-05-10,96
WL0011174,TKT009169,AGT002,2026-05-10,14
WL0011175,TKT009169,AGT006,2026-05-10,39
WL0011176,TKT009170,AGT001,2026-05-10,60
WL0011177,TKT009170,AGT002,2026-05-10,1
WL0011178,TKT009171,AGT001,2026-05-10,58
WL0011179,TKT009172,AGT001,2026-05-10,61
WL0011180,TKT009172,AGT011,2026-05-10,36
WL0011181,TKT009173,AGT011,2026-05-10,95
WL0011182,TKT009174,AGT009,2026-05-10,143
WL0011183,TKT009175,AGT010,2026-05-10,30
WL0011184,TKT009176,AGT015,2026-05-11,30
WL0011185,TKT009177,AGT013,2026-05-11,44
WL0011186,TKT009178,AGT010,2026-05-11,38
WL0011187,TKT009178,AGT012,2026-05-11,68
WL0011188,TKT009179,AGT001,2026-05-11,85
WL0011189,TKT009179,AGT003,2026-05-11,46
WL0011190,TKT009180,AGT009,2026-05-11,18
WL0011191,TKT009180,AGT012,2026-05-11,33
WL0011192,TKT009181,AGT003,2026-05-11,45
WL0011193,TKT009182,AGT011,2026-05-11,13
WL0011194,TKT009182,AGT012,2026-05-11,319
WL0011195,TKT009183,AGT002,2026-05-11,120
WL0011196,TKT009184,AGT003,2026-05-11,42
WL0011197,TKT009184,AGT005,2026-05-11,77
WL0011198,TKT009185,AGT014,2026-05-11,20
WL0011199,TKT009185,AGT018,2026-05-11,35
WL0011200,TKT009186,AGT018,2026-05-11,45
WL0011201,TKT009187,AGT002,2026-05-11,29
WL0011202,TKT009187,AGT004,2026-05-11,17
WL0011203,TKT009188,AGT007,2026-05-11,75
WL0011204,TKT009189,AGT010,2026-05-11,36
WL0011205,TKT009190,AGT008,2026-05-11,209
WL0011206,TKT009190,AGT010,2026-05-11,113
WL0011207,TKT009191,AGT015,2026-05-11,78
WL0011208,TKT009192,AGT005,2026-05-11,36
WL0011209,TKT009193,AGT003,2026-05-11,85
WL0011210,TKT009194,AGT006,2026-05-11,61
WL0011211,TKT009195,AGT017,2026-05-11,130
WL0011212,TKT009196,AGT002,2026-05-11,106
WL0011213,TKT009197,AGT001,2026-05-11,119
WL0011214,TKT009198,AGT018,2026-05-11,48
WL0011215,TKT009199,AGT018,2026-05-11,15
WL0011216,TKT009200,AGT009,2026-05-11,135
WL0011217,TKT009201,AGT013,2026-05-11,64
WL0011218,TKT009202,AGT009,2026-05-11,39
WL0011219,TKT009203,AGT010,2026-05-11,138
WL0011220,TKT009204,AGT009,2026-05-11,105
WL0011221,TKT009205,AGT008,2026-05-11,49
WL0011222,TKT009205,AGT010,2026-05-11,89
WL0011223,TKT009206,AGT008,2026-05-11,222
WL0011224,TKT009206,AGT011,2026-05-11,95
WL0011225,TKT009207,AGT014,2026-05-11,60
WL0011226,TKT009208,AGT007,2026-05-11,41
WL0011227,TKT009208,AGT011,2026-05-11,75
WL0011228,TKT009209,AGT007,2026-05-11,75
WL0011229,TKT009210,AGT011,2026-05-11,77
WL0011230,TKT009211,AGT015,2026-05-11,97
WL0011231,TKT009212,AGT003,2026-05-11,53
WL0011232,TKT009213,AGT013,2026-05-11,34
WL0011233,TKT009214,AGT005,2026-05-11,98
WL0011234,TKT009215,AGT014,2026-05-11,38
WL0011235,TKT009216,AGT014,2026-05-11,100
WL0011236,TKT009217,AGT005,2026-05-11,24
WL0011237,TKT009218,AGT003,2026-05-11,30
WL0011238,TKT009219,AGT007,2026-05-11,106
WL0011239,TKT009219,AGT009,2026-05-11,58
WL0011240,TKT009220,AGT006,2026-05-11,61
WL0011241,TKT009221,AGT006,2026-05-11,61
WL0011242,TKT009222,AGT014,2026-05-11,69
WL0011243,TKT009223,AGT004,2026-05-12,33
WL0011244,TKT009224,AGT015,2026-05-12,77
WL0011245,TKT009225,AGT013,2026-05-12,89
WL0011246,TKT009226,AGT013,2026-05-12,110
WL0011247,TKT009227,AGT007,2026-05-12,75
WL0011248,TKT009228,AGT005,2026-05-12,55
WL0011249,TKT009229,AGT006,2026-05-12,60
WL0011250,TKT009230,AGT012,2026-05-12,149
WL0011251,TKT009231,AGT003,2026-05-12,35
WL0011252,TKT009232,AGT003,2026-05-12,26
WL0011253,TKT009233,AGT008,2026-05-12,296
WL0011254,TKT009234,AGT009,2026-05-12,117
WL0011255,TKT009235,AGT004,2026-05-12,42
WL0011256,TKT009236,AGT006,2026-05-12,124
WL0011257,TKT009237,AGT012,2026-05-12,100
WL0011258,TKT009238,AGT015,2026-05-12,30
WL0011259,TKT009238,AGT016,2026-05-12,17
WL0011260,TKT009239,AGT006,2026-05-12,96
WL0011261,TKT009240,AGT001,2026-05-12,162
WL0011262,TKT009241,AGT013,2026-05-12,89
WL0011263,TKT009242,AGT016,2026-05-12,70
WL0011264,TKT009243,AGT014,2026-05-12,27
WL0011266,TKT009245,AGT007,2026-05-12,59
WL0011267,TKT009246,AGT007,2026-05-12,21
WL0011268,TKT009246,AGT012,2026-05-12,37
WL0011269,TKT009247,AGT014,2026-05-12,57
WL0011270,TKT009247,AGT016,2026-05-12,31
WL0011271,TKT009248,AGT013,2026-05-12,35
WL0011272,TKT009249,AGT008,2026-05-12,62
WL0011273,TKT009249,AGT009,2026-05-12,34
WL0011274,TKT009250,AGT014,2026-05-12,55
WL0011275,TKT009251,AGT015,2026-05-12,49
WL0011276,TKT009252,AGT009,2026-05-12,91
WL0011277,TKT009253,AGT004,2026-05-12,35
WL0011278,TKT009254,AGT003,2026-05-12,22
WL0011279,TKT009254,AGT004,2026-05-12,13
WL0011280,TKT009255,AGT007,2026-05-12,62
WL0011281,TKT009256,AGT001,2026-05-12,24
WL0011282,TKT009257,AGT013,2026-05-12,68
WL0011283,TKT009258,AGT003,2026-05-12,58
WL0011284,TKT009258,AGT004,2026-05-12,32
WL0011285,TKT009259,AGT012,2026-05-12,94
WL0011286,TKT009260,AGT004,2026-05-12,112
WL0011287,TKT009261,AGT012,2026-05-12,63
WL0011288,TKT009262,AGT013,2026-05-12,11
WL0011289,TKT009262,AGT015,2026-05-12,18
WL0011290,TKT009263,AGT007,2026-05-12,100
WL0011291,TKT009264,AGT003,2026-05-12,160
WL0011292,TKT009265,AGT009,2026-05-12,69
WL0011293,TKT009266,AGT015,2026-05-12,25
WL0011294,TKT009266,AGT016,2026-05-12,46
WL0011295,TKT009267,AGT016,2026-05-12,121
WL0011296,TKT009268,AGT015,2026-05-12,105
WL0011297,TKT009269,AGT003,2026-05-12,64
WL0011298,TKT009270,AGT008,2026-05-12,56
WL0011299,TKT009271,AGT004,2026-05-12,101
WL0011300,TKT009272,AGT004,2026-05-12,69
WL0011301,TKT009273,AGT015,2026-05-12,110
WL0011302,TKT009274,AGT003,2026-05-12,59
WL0011303,TKT009275,AGT014,2026-05-12,9
WL0011304,TKT009275,AGT015,2026-05-12,30
WL0011305,TKT009276,AGT007,2026-05-12,26
WL0011306,TKT009276,AGT009,2026-05-12,15
WL0011307,TKT009277,AGT008,2026-05-12,16
WL0011308,TKT009277,AGT012,2026-05-12,37
WL0011309,TKT009278,AGT003,2026-05-12,29
WL0011310,TKT009278,AGT005,2026-05-12,16
WL0011311,TKT009279,AGT016,2026-05-12,67
WL0011312,TKT009280,AGT006,2026-05-12,23
WL0011313,TKT009281,AGT003,2026-05-12,27
WL0011314,TKT009281,AGT005,2026-05-12,106
WL0011315,TKT009282,AGT013,2026-05-12,34
WL0011316,TKT009283,AGT001,2026-05-13,76
WL0011317,TKT009284,AGT003,2026-05-13,76
WL0011318,TKT009284,AGT004,2026-05-13,41
WL0011320,TKT009286,AGT016,2026-05-13,52
WL0011321,TKT009286,AGT018,2026-05-13,94
WL0011322,TKT009287,AGT012,2026-05-13,160
WL0011323,TKT009288,AGT009,2026-05-13,26
WL0011324,TKT009288,AGT010,2026-05-13,47
WL0011325,TKT009289,AGT015,2026-05-13,59
WL0011326,TKT009290,AGT008,2026-05-13,50
WL0011327,TKT009291,AGT015,2026-05-13,131
WL0011328,TKT009292,AGT009,2026-05-13,92
WL0011329,TKT009293,AGT010,2026-05-13,224
WL0011330,TKT009294,AGT008,2026-05-13,188
WL0011331,TKT009295,AGT010,2026-05-13,25
WL0011332,TKT009296,AGT005,2026-05-13,43
WL0011333,TKT009297,AGT012,2026-05-13,30
WL0011334,TKT009298,AGT013,2026-05-13,50
WL0011335,TKT009299,AGT016,2026-05-13,74
WL0011336,TKT009300,AGT012,2026-05-13,62
WL0011337,TKT009301,AGT002,2026-05-13,50
WL0011338,TKT009302,AGT003,2026-05-13,31
WL0011339,TKT009303,AGT001,2026-05-13,84
WL0011340,TKT009304,AGT011,2026-05-13,83
WL0011341,TKT009305,AGT015,2026-05-13,16
WL0011342,TKT009305,AGT018,2026-05-13,9
WL0011343,TKT009306,AGT013,2026-05-13,59
WL0011344,TKT009307,AGT002,2026-05-13,27
WL0011345,TKT009307,AGT005,2026-05-13,48
WL0011346,TKT009308,AGT009,2026-05-13,113
WL0011347,TKT009308,AGT011,2026-05-13,61
WL0011348,TKT009309,AGT006,2026-05-13,64
WL0011349,TKT009310,AGT016,2026-05-13,42
WL0011350,TKT009311,AGT013,2026-05-13,39
WL0011351,TKT009311,AGT014,2026-05-13,22
WL0011352,TKT009312,AGT008,2026-05-13,46
WL0011353,TKT009312,AGT010,2026-05-13,83
WL0011354,TKT009313,AGT003,2026-05-13,62
WL0011355,TKT009314,AGT014,2026-05-13,83
WL0011356,TKT009315,AGT012,2026-05-13,113
WL0011357,TKT009316,AGT013,2026-05-13,33
WL0011358,TKT009317,AGT003,2026-05-13,63
WL0011359,TKT009318,AGT008,2026-05-13,35
WL0011360,TKT009318,AGT010,2026-05-13,64
WL0011361,TKT009319,AGT002,2026-05-13,39
WL0011362,TKT009320,AGT006,2026-05-13,53
WL0011363,TKT009321,AGT001,2026-05-13,73
WL0011364,TKT009322,AGT013,2026-05-13,67
WL0011365,TKT009323,AGT014,2026-05-13,19
WL0011366,TKT009323,AGT018,2026-05-13,33
WL0011367,TKT009324,AGT002,2026-05-13,40
WL0011368,TKT009325,AGT006,2026-05-13,94
WL0011369,TKT009326,AGT004,2026-05-13,46
WL0011370,TKT009327,AGT013,2026-05-13,103
WL0011371,TKT009328,AGT014,2026-05-13,43
WL0011372,TKT009329,AGT008,2026-05-13,131
WL0011373,TKT009329,AGT009,2026-05-13,41
WL0011374,TKT009329,AGT010,2026-05-13,37
WL0011375,TKT009330,AGT013,2026-05-13,40
WL0011376,TKT009331,AGT001,2026-05-13,6
WL0011377,TKT009331,AGT006,2026-05-13,11
WL0011378,TKT009332,AGT012,2026-05-13,39
WL0011379,TKT009333,AGT015,2026-05-13,70
WL0011380,TKT009334,AGT013,2026-05-13,86
WL0011381,TKT009334,AGT016,2026-05-13,159
WL0011384,TKT009336,AGT014,2026-05-13,60
WL0011385,TKT009337,AGT011,2026-05-13,170
WL0011386,TKT009338,AGT011,2026-05-13,143
WL0011387,TKT009338,AGT012,2026-05-13,76
WL0011388,TKT009339,AGT015,2026-05-13,56
WL0011389,TKT009340,AGT002,2026-05-13,76
WL0011390,TKT009341,AGT015,2026-05-13,31
WL0011391,TKT009342,AGT009,2026-05-13,111
WL0011392,TKT009342,AGT011,2026-05-13,23
WL0011393,TKT009343,AGT009,2026-05-13,24
WL0011394,TKT009343,AGT018,2026-05-13,134
WL0011395,TKT009344,AGT003,2026-05-14,72
WL0011396,TKT009345,AGT006,2026-05-14,41
WL0011397,TKT009346,AGT003,2026-05-14,30
WL0011398,TKT009347,AGT013,2026-05-14,88
WL0011399,TKT009348,AGT003,2026-05-14,24
WL0011400,TKT009349,AGT003,2026-05-14,61
WL0011401,TKT009350,AGT011,2026-05-14,120
WL0011402,TKT009351,AGT004,2026-05-14,68
WL0011403,TKT009352,AGT013,2026-05-14,90
WL0011404,TKT009353,AGT012,2026-05-14,167
WL0011405,TKT009354,AGT001,2026-05-14,79
WL0011407,TKT009356,AGT016,2026-05-14,53
WL0011408,TKT009357,AGT014,2026-05-14,59
WL0011409,TKT009358,AGT015,2026-05-14,39
WL0011410,TKT009358,AGT018,2026-05-14,71
WL0011411,TKT009359,AGT011,2026-05-14,56
WL0011412,TKT009360,AGT018,2026-05-14,55
WL0011413,TKT009361,AGT012,2026-05-14,99
WL0011414,TKT009362,AGT015,2026-05-14,42
WL0011415,TKT009363,AGT001,2026-05-14,50
WL0011416,TKT009363,AGT002,2026-05-14,92
WL0011418,TKT009365,AGT008,2026-05-14,150
WL0011419,TKT009366,AGT003,2026-05-14,26
WL0011420,TKT009367,AGT001,2026-05-14,58
WL0011421,TKT009368,AGT004,2026-05-14,23
WL0011422,TKT009368,AGT006,2026-05-14,13
WL0011423,TKT009369,AGT002,2026-05-14,87
WL0011424,TKT009370,AGT005,2026-05-14,65
WL0011425,TKT009371,AGT017,2026-05-14,37
WL0011426,TKT009372,AGT004,2026-05-14,11
WL0011427,TKT009372,AGT006,2026-05-14,7
WL0011428,TKT009373,AGT017,2026-05-14,86
WL0011429,TKT009374,AGT001,2026-05-14,54
WL0011430,TKT009375,AGT011,2026-05-14,25
WL0011431,TKT009375,AGT012,2026-05-14,14
WL0011432,TKT009376,AGT008,2026-05-14,61
WL0011433,TKT009376,AGT009,2026-05-14,33
WL0011434,TKT009377,AGT014,2026-05-14,37
WL0011435,TKT009378,AGT017,2026-05-14,84
WL0011436,TKT009379,AGT001,2026-05-14,35
WL0011437,TKT009380,AGT015,2026-05-14,61
WL0011438,TKT009381,AGT004,2026-05-14,71
WL0011439,TKT009382,AGT008,2026-05-14,74
WL0011440,TKT009383,AGT003,2026-05-14,28
WL0011441,TKT009383,AGT005,2026-05-14,51
WL0011442,TKT009384,AGT001,2026-05-14,44
WL0011443,TKT009385,AGT015,2026-05-14,41
WL0011444,TKT009386,AGT009,2026-05-14,46
WL0011445,TKT009386,AGT012,2026-05-14,26
WL0011446,TKT009387,AGT009,2026-05-14,80
WL0011447,TKT009388,AGT015,2026-05-14,62
WL0011448,TKT009389,AGT011,2026-05-14,22
WL0011449,TKT009390,AGT001,2026-05-14,88
WL0011450,TKT009391,AGT015,2026-05-14,130
WL0011451,TKT009392,AGT013,2026-05-14,54
WL0011452,TKT009393,AGT011,2026-05-14,73
WL0011453,TKT009393,AGT012,2026-05-14,174
WL0011454,TKT009394,AGT003,2026-05-14,105
WL0011455,TKT009395,AGT014,2026-05-14,83
WL0011456,TKT009396,AGT002,2026-05-15,107
WL0011457,TKT009397,AGT014,2026-05-15,20
WL0011458,TKT009398,AGT014,2026-05-15,73
WL0011459,TKT009399,AGT011,2026-05-15,105
WL0011460,TKT009400,AGT001,2026-05-15,80
WL0011461,TKT009401,AGT002,2026-05-15,54
WL0011462,TKT009402,AGT017,2026-05-15,42
WL0011463,TKT009403,AGT007,2026-05-15,111
WL0011464,TKT009404,AGT009,2026-05-15,210
WL0011465,TKT009405,AGT003,2026-05-15,86
WL0011466,TKT009406,AGT009,2026-05-15,76
WL0011467,TKT009406,AGT010,2026-05-15,42
WL0011468,TKT009407,AGT006,2026-05-15,55
WL0011469,TKT009408,AGT008,2026-05-15,177
WL0011470,TKT009409,AGT015,2026-05-15,62
WL0011471,TKT009409,AGT016,2026-05-15,115
WL0011472,TKT009410,AGT012,2026-05-15,90
WL0011473,TKT009411,AGT015,2026-05-15,88
WL0011476,TKT009413,AGT018,2026-05-15,38
WL0011477,TKT009414,AGT005,2026-05-15,77
WL0011478,TKT009415,AGT015,2026-05-15,29
WL0011479,TKT009416,AGT001,2026-05-15,62
WL0011480,TKT009416,AGT006,2026-05-15,34
WL0011481,TKT009417,AGT011,2026-05-15,41
WL0011482,TKT009418,AGT012,2026-05-15,72
WL0011483,TKT009419,AGT006,2026-05-15,23
WL0011484,TKT009420,AGT008,2026-05-15,80
WL0011485,TKT009421,AGT005,2026-05-15,116
WL0011486,TKT009422,AGT018,2026-05-15,137
WL0011487,TKT009423,AGT015,2026-05-15,29
WL0011488,TKT009424,AGT005,2026-05-15,57
WL0011489,TKT009425,AGT002,2026-05-15,43
WL0011490,TKT009426,AGT014,2026-05-15,66
WL0011491,TKT009427,AGT002,2026-05-15,101
WL0011492,TKT009428,AGT015,2026-05-15,78
WL0011493,TKT009429,AGT013,2026-05-15,91
WL0011494,TKT009430,AGT002,2026-05-15,45
WL0011495,TKT009431,AGT014,2026-05-15,109
WL0011496,TKT009431,AGT015,2026-05-15,59
WL0011497,TKT009432,AGT001,2026-05-16,13
WL0011498,TKT009432,AGT002,2026-05-16,22
WL0011499,TKT009433,AGT018,2026-05-16,66
WL0011500,TKT009434,AGT001,2026-05-16,69
WL0011501,TKT009435,AGT011,2026-05-16,155
WL0011502,TKT009436,AGT006,2026-05-16,52
WL0011503,TKT009437,AGT018,2026-05-16,25
WL0011504,TKT009438,AGT011,2026-05-16,180
WL0011505,TKT009439,AGT001,2026-05-16,63
WL0011506,TKT009440,AGT017,2026-05-16,87
WL0011507,TKT009441,AGT010,2026-05-16,125
WL0011508,TKT009442,AGT002,2026-05-16,83
WL0011509,TKT009443,AGT004,2026-05-16,86
WL0011510,TKT009444,AGT001,2026-05-16,39
WL0011511,TKT009444,AGT004,2026-05-16,22
WL0011512,TKT009445,AGT012,2026-05-16,77
WL0011513,TKT009446,AGT011,2026-05-16,136
WL0011514,TKT009447,AGT004,2026-05-16,55
WL0011515,TKT009448,AGT012,2026-05-16,125
WL0011516,TKT009449,AGT012,2026-05-16,161
WL0011517,TKT009450,AGT010,2026-05-16,42
WL0011518,TKT009450,AGT011,2026-05-16,9
WL0011519,TKT009450,AGT012,2026-05-16,87
WL0011520,TKT009451,AGT001,2026-05-16,70
WL0011521,TKT009452,AGT010,2026-05-16,146
WL0011522,TKT009453,AGT001,2026-05-16,46
WL0011523,TKT009454,AGT009,2026-05-17,57
WL0011524,TKT009454,AGT012,2026-05-17,32
WL0011525,TKT009455,AGT017,2026-05-17,58
WL0011526,TKT009456,AGT012,2026-05-17,96
WL0011527,TKT009457,AGT017,2026-05-17,74
WL0011528,TKT009458,AGT012,2026-05-17,77
WL0011529,TKT009459,AGT012,2026-05-17,184
WL0011530,TKT009460,AGT010,2026-05-17,56
WL0011531,TKT009461,AGT004,2026-05-17,20
WL0011532,TKT009461,AGT006,2026-05-17,36
WL0011533,TKT009462,AGT005,2026-05-17,48
WL0011534,TKT009463,AGT010,2026-05-17,75
WL0011535,TKT009464,AGT017,2026-05-17,45
WL0011536,TKT009465,AGT009,2026-05-17,95
WL0011537,TKT009466,AGT010,2026-05-17,17
WL0011538,TKT009466,AGT012,2026-05-17,29
WL0011539,TKT009467,AGT005,2026-05-17,46
WL0011540,TKT009467,AGT006,2026-05-17,25
WL0011541,TKT009468,AGT017,2026-05-17,45
WL0011542,TKT009469,AGT017,2026-05-17,48
WL0011543,TKT009470,AGT002,2026-05-17,27
WL0011544,TKT009470,AGT004,2026-05-17,48
WL0011545,TKT009471,AGT017,2026-05-17,28
WL0011546,TKT009472,AGT017,2026-05-17,33
WL0011547,TKT009473,AGT010,2026-05-17,147
WL0011548,TKT009474,AGT005,2026-05-17,51
WL0011549,TKT009475,AGT017,2026-05-17,51
WL0011550,TKT009476,AGT017,2026-05-17,29
WL0011552,TKT009478,AGT010,2026-05-17,59
WL0011553,TKT009479,AGT011,2026-05-18,82
WL0011554,TKT009480,AGT011,2026-05-18,66
WL0011555,TKT009481,AGT001,2026-05-18,48
WL0011556,TKT009481,AGT003,2026-05-18,26
WL0011557,TKT009482,AGT016,2026-05-18,45
WL0011558,TKT009483,AGT007,2026-05-18,169
WL0011559,TKT009484,AGT016,2026-05-18,61
WL0011560,TKT009485,AGT008,2026-05-18,201
WL0011561,TKT009486,AGT004,2026-05-18,110
WL0011562,TKT009487,AGT010,2026-05-18,102
WL0011564,TKT009489,AGT003,2026-05-18,124
WL0011565,TKT009490,AGT014,2026-05-18,40
WL0011566,TKT009491,AGT017,2026-05-18,73
WL0011567,TKT009492,AGT014,2026-05-18,40
WL0011568,TKT009493,AGT004,2026-05-18,21
WL0011570,TKT009494,AGT013,2026-05-18,36
WL0011571,TKT009494,AGT016,2026-05-18,20
WL0011572,TKT009495,AGT007,2026-05-18,85
WL0011573,TKT009496,AGT013,2026-05-18,156
WL0011574,TKT009497,AGT018,2026-05-18,61
WL0011575,TKT009498,AGT002,2026-05-18,64
WL0011576,TKT009499,AGT002,2026-05-18,36
WL0011577,TKT009500,AGT016,2026-05-18,42
WL0011578,TKT009501,AGT013,2026-05-18,28
WL0011579,TKT009502,AGT007,2026-05-18,36
WL0011580,TKT009503,AGT007,2026-05-18,35
WL0011581,TKT009503,AGT008,2026-05-18,63
WL0011582,TKT009504,AGT014,2026-05-18,52
WL0011583,TKT009505,AGT011,2026-05-18,126
WL0011584,TKT009506,AGT002,2026-05-18,65
WL0011585,TKT009506,AGT003,2026-05-18,36
WL0011586,TKT009507,AGT008,2026-05-18,49
WL0011587,TKT009508,AGT011,2026-05-18,35
WL0011588,TKT009509,AGT016,2026-05-18,55
WL0011590,TKT009511,AGT016,2026-05-18,187
WL0011591,TKT009512,AGT016,2026-05-18,27
WL0011592,TKT009513,AGT011,2026-05-18,111
WL0011593,TKT009514,AGT003,2026-05-18,65
WL0011594,TKT009515,AGT001,2026-05-18,103
WL0011595,TKT009516,AGT009,2026-05-18,120
WL0011596,TKT009517,AGT008,2026-05-18,93
WL0011597,TKT009518,AGT001,2026-05-18,101
WL0011598,TKT009519,AGT008,2026-05-18,104
WL0011599,TKT009519,AGT011,2026-05-18,33
WL0011600,TKT009520,AGT004,2026-05-18,118
WL0011601,TKT009521,AGT010,2026-05-18,30
WL0011602,TKT009522,AGT014,2026-05-18,34
WL0011603,TKT009522,AGT017,2026-05-18,61
WL0011605,TKT009524,AGT017,2026-05-18,61
WL0011606,TKT009525,AGT007,2026-05-18,155
WL0011607,TKT009525,AGT010,2026-05-18,36
WL0011608,TKT009526,AGT001,2026-05-18,33
WL0011609,TKT009526,AGT004,2026-05-18,19
WL0011610,TKT009527,AGT003,2026-05-18,61
WL0011611,TKT009528,AGT010,2026-05-18,80
WL0011612,TKT009529,AGT017,2026-05-18,37
WL0011613,TKT009530,AGT015,2026-05-19,55
WL0011614,TKT009531,AGT015,2026-05-19,58
WL0011615,TKT009532,AGT007,2026-05-19,83
WL0011616,TKT009532,AGT012,2026-05-19,45
WL0011617,TKT009533,AGT012,2026-05-19,58
WL0011618,TKT009534,AGT013,2026-05-19,21
WL0011619,TKT009534,AGT016,2026-05-19,37
WL0011621,TKT009536,AGT005,2026-05-19,53
WL0011622,TKT009537,AGT002,2026-05-19,23
WL0011623,TKT009537,AGT003,2026-05-19,42
WL0011624,TKT009538,AGT009,2026-05-19,157
WL0011625,TKT009539,AGT005,2026-05-19,84
WL0011626,TKT009540,AGT003,2026-05-19,157
WL0011627,TKT009541,AGT015,2026-05-19,50
WL0011628,TKT009542,AGT002,2026-05-19,14
WL0011629,TKT009542,AGT003,2026-05-19,8
WL0011630,TKT009543,AGT003,2026-05-19,41
WL0011631,TKT009544,AGT013,2026-05-19,40
WL0011632,TKT009545,AGT012,2026-05-19,187
WL0011633,TKT009546,AGT015,2026-05-19,27
WL0011634,TKT009546,AGT016,2026-05-19,15
WL0011635,TKT009547,AGT003,2026-05-19,55
WL0011636,TKT009548,AGT007,2026-05-19,61
WL0011637,TKT009549,AGT016,2026-05-19,66
WL0011638,TKT009550,AGT008,2026-05-19,72
WL0011639,TKT009550,AGT011,2026-05-19,40
WL0011640,TKT009551,AGT007,2026-05-19,107
WL0011641,TKT009551,AGT009,2026-05-19,59
WL0011642,TKT009552,AGT003,2026-05-19,18
WL0011643,TKT009552,AGT004,2026-05-19,10
WL0011644,TKT009553,AGT015,2026-05-19,68
WL0011645,TKT009553,AGT016,2026-05-19,37
WL0011646,TKT009554,AGT007,2026-05-19,83
WL0011647,TKT009555,AGT003,2026-05-19,20
WL0011648,TKT009555,AGT005,2026-05-19,12
WL0011649,TKT009556,AGT012,2026-05-19,91
WL0011650,TKT009557,AGT013,2026-05-19,26
WL0011651,TKT009558,AGT016,2026-05-19,75
WL0011652,TKT009559,AGT008,2026-05-19,51
WL0011653,TKT009559,AGT011,2026-05-19,93
WL0011654,TKT009560,AGT007,2026-05-19,71
WL0011655,TKT009561,AGT011,2026-05-19,86
WL0011656,TKT009562,AGT013,2026-05-19,35
WL0011657,TKT009563,AGT013,2026-05-19,54
WL0011658,TKT009564,AGT005,2026-05-19,91
WL0011659,TKT009565,AGT011,2026-05-19,92
WL0011660,TKT009566,AGT005,2026-05-19,66
WL0011661,TKT009567,AGT002,2026-05-19,118
WL0011662,TKT009568,AGT007,2026-05-19,49
WL0011663,TKT009569,AGT015,2026-05-19,31
WL0011664,TKT009570,AGT003,2026-05-19,57
WL0011665,TKT009571,AGT015,2026-05-19,58
WL0011666,TKT009572,AGT004,2026-05-19,44
WL0011667,TKT009573,AGT010,2026-05-19,37
WL0011668,TKT009573,AGT011,2026-05-19,20
WL0011669,TKT009574,AGT015,2026-05-19,79
WL0011670,TKT009575,AGT005,2026-05-19,46
WL0011671,TKT009576,AGT009,2026-05-19,33
WL0011672,TKT009577,AGT003,2026-05-19,82
WL0011673,TKT009577,AGT005,2026-05-19,59
WL0011674,TKT009578,AGT013,2026-05-19,49
WL0011675,TKT009579,AGT011,2026-05-19,119
WL0011676,TKT009579,AGT012,2026-05-19,92
WL0011677,TKT009580,AGT008,2026-05-19,164
WL0011678,TKT009581,AGT010,2026-05-19,73
WL0011679,TKT009582,AGT013,2026-05-19,68
WL0011680,TKT009582,AGT016,2026-05-19,37
WL0011681,TKT009583,AGT013,2026-05-19,144
WL0011682,TKT009583,AGT016,2026-05-19,4
WL0011683,TKT009584,AGT004,2026-05-19,106
WL0011684,TKT009585,AGT009,2026-05-19,164
WL0011685,TKT009586,AGT015,2026-05-19,24
WL0011686,TKT009586,AGT016,2026-05-19,36
WL0011687,TKT009587,AGT007,2026-05-19,24
WL0011688,TKT009587,AGT009,2026-05-19,67
WL0011689,TKT009588,AGT007,2026-05-19,32
WL0011690,TKT009588,AGT008,2026-05-19,3
WL0011691,TKT009588,AGT010,2026-05-19,76
WL0011692,TKT009588,AGT012,2026-05-19,7
WL0011693,TKT009589,AGT002,2026-05-19,249
WL0011694,TKT009590,AGT008,2026-05-19,100
WL0011695,TKT009590,AGT010,2026-05-19,54
WL0011696,TKT009591,AGT004,2026-05-20,63
WL0011697,TKT009592,AGT003,2026-05-20,38
WL0011698,TKT009593,AGT002,2026-05-20,76
WL0011699,TKT009593,AGT003,2026-05-20,42
WL0011700,TKT009594,AGT011,2026-05-20,120
WL0011701,TKT009595,AGT016,2026-05-20,88
WL0011702,TKT009596,AGT006,2026-05-20,38
WL0011703,TKT009597,AGT018,2026-05-20,185
WL0011704,TKT009598,AGT001,2026-05-20,7
WL0011705,TKT009598,AGT006,2026-05-20,11
WL0011706,TKT009599,AGT002,2026-05-20,68
WL0011707,TKT009600,AGT007,2026-05-20,99
WL0011708,TKT009601,AGT003,2026-05-20,65
WL0011709,TKT009602,AGT016,2026-05-20,49
WL0011710,TKT009603,AGT006,2026-05-20,190
WL0011711,TKT009604,AGT001,2026-05-20,90
WL0011712,TKT009605,AGT007,2026-05-20,63
WL0011713,TKT009605,AGT011,2026-05-20,117
WL0011714,TKT009606,AGT001,2026-05-20,54
WL0011715,TKT009607,AGT013,2026-05-20,49
WL0011716,TKT009608,AGT014,2026-05-20,48
WL0011717,TKT009609,AGT010,2026-05-20,14
WL0011718,TKT009610,AGT015,2026-05-20,66
WL0011719,TKT009611,AGT001,2026-05-20,25
WL0011720,TKT009611,AGT004,2026-05-20,46
WL0011721,TKT009612,AGT007,2026-05-20,47
WL0011722,TKT009613,AGT017,2026-05-20,62
WL0011723,TKT009614,AGT017,2026-05-20,74
WL0011724,TKT009615,AGT003,2026-05-20,125
WL0011725,TKT009616,AGT001,2026-05-20,18
WL0011726,TKT009616,AGT006,2026-05-20,32
WL0011728,TKT009618,AGT006,2026-05-20,34
WL0011729,TKT009619,AGT007,2026-05-20,65
WL0011730,TKT009620,AGT017,2026-05-20,75
WL0011731,TKT009621,AGT004,2026-05-20,118
WL0011733,TKT009623,AGT002,2026-05-20,8
WL0011734,TKT009623,AGT006,2026-05-20,56
WL0011735,TKT009624,AGT017,2026-05-20,113
WL0011736,TKT009625,AGT010,2026-05-20,107
WL0011737,TKT009626,AGT007,2026-05-20,87
WL0011738,TKT009627,AGT005,2026-05-20,46
WL0011739,TKT009628,AGT003,2026-05-20,72
WL0011740,TKT009629,AGT010,2026-05-20,82
WL0011741,TKT009630,AGT001,2026-05-20,47
WL0011742,TKT009631,AGT013,2026-05-20,29
WL0011743,TKT009632,AGT014,2026-05-20,73
WL0011744,TKT009633,AGT014,2026-05-20,29
WL0011745,TKT009633,AGT016,2026-05-20,16
WL0011746,TKT009634,AGT003,2026-05-20,53
WL0011747,TKT009635,AGT009,2026-05-20,159
WL0011748,TKT009636,AGT018,2026-05-20,58
WL0011749,TKT009637,AGT002,2026-05-20,71
WL0011750,TKT009638,AGT014,2026-05-20,61
WL0011751,TKT009639,AGT007,2026-05-20,89
WL0011752,TKT009639,AGT010,2026-05-20,7
WL0011753,TKT009640,AGT018,2026-05-21,50
WL0011754,TKT009641,AGT003,2026-05-21,46
WL0011755,TKT009642,AGT012,2026-05-21,96
WL0011756,TKT009643,AGT017,2026-05-21,48
WL0011757,TKT009644,AGT005,2026-05-21,32
WL0011758,TKT009645,AGT005,2026-05-21,56
WL0011759,TKT009646,AGT005,2026-05-21,39
WL0011760,TKT009647,AGT011,2026-05-21,48
WL0011761,TKT009648,AGT004,2026-05-21,26
WL0011762,TKT009649,AGT006,2026-05-21,70
WL0011763,TKT009650,AGT007,2026-05-21,136
WL0011764,TKT009651,AGT007,2026-05-21,21
WL0011765,TKT009651,AGT012,2026-05-21,39
WL0011766,TKT009652,AGT014,2026-05-21,57
WL0011767,TKT009653,AGT010,2026-05-21,27
WL0011768,TKT009653,AGT011,2026-05-21,16
WL0011769,TKT009654,AGT004,2026-05-21,183
WL0011770,TKT009655,AGT007,2026-05-21,69
WL0011771,TKT009656,AGT012,2026-05-21,104
WL0011772,TKT009657,AGT008,2026-05-21,40
WL0011773,TKT009658,AGT010,2026-05-21,109
WL0011774,TKT009659,AGT013,2026-05-21,28
WL0011775,TKT009660,AGT008,2026-05-21,148
WL0011776,TKT009660,AGT011,2026-05-21,81
WL0011777,TKT009661,AGT017,2026-05-21,37
WL0011778,TKT009662,AGT006,2026-05-21,40
WL0011779,TKT009663,AGT017,2026-05-21,45
WL0011780,TKT009664,AGT006,2026-05-21,80
WL0011781,TKT009665,AGT008,2026-05-21,144
WL0011782,TKT009666,AGT017,2026-05-21,122
WL0011783,TKT009667,AGT010,2026-05-21,168
WL0011784,TKT009668,AGT013,2026-05-21,185
WL0011785,TKT009669,AGT016,2026-05-21,107
WL0011786,TKT009670,AGT010,2026-05-21,44
WL0011787,TKT009670,AGT011,2026-05-21,81
WL0011788,TKT009671,AGT004,2026-05-21,54
WL0011789,TKT009672,AGT017,2026-05-21,15
WL0011790,TKT009672,AGT018,2026-05-21,26
WL0011791,TKT009673,AGT011,2026-05-21,72
WL0011792,TKT009674,AGT010,2026-05-21,37
WL0011793,TKT009675,AGT014,2026-05-21,54
WL0011794,TKT009676,AGT008,2026-05-21,32
WL0011795,TKT009676,AGT009,2026-05-21,57
WL0011796,TKT009677,AGT007,2026-05-21,152
WL0011797,TKT009678,AGT002,2026-05-21,52
WL0011798,TKT009678,AGT003,2026-05-21,95
WL0011799,TKT009679,AGT014,2026-05-22,54
WL0011800,TKT009680,AGT011,2026-05-22,79
WL0011801,TKT009681,AGT016,2026-05-22,73
WL0011802,TKT009682,AGT002,2026-05-22,27
WL0011803,TKT009683,AGT003,2026-05-22,82
WL0011804,TKT009684,AGT007,2026-05-22,106
WL0011805,TKT009685,AGT013,2026-05-22,65
WL0011806,TKT009686,AGT002,2026-05-22,99
WL0011807,TKT009687,AGT006,2026-05-22,55
WL0011808,TKT009688,AGT004,2026-05-22,120
WL0011809,TKT009689,AGT007,2026-05-22,215
WL0011810,TKT009690,AGT018,2026-05-22,65
WL0011811,TKT009691,AGT014,2026-05-22,72
WL0011812,TKT009692,AGT004,2026-05-22,20
WL0011813,TKT009693,AGT013,2026-05-22,33
WL0011814,TKT009694,AGT002,2026-05-22,25
WL0011815,TKT009695,AGT008,2026-05-22,50
WL0011816,TKT009695,AGT011,2026-05-22,27
WL0011817,TKT009696,AGT007,2026-05-22,35
WL0011818,TKT009697,AGT018,2026-05-22,35
WL0011819,TKT009698,AGT002,2026-05-22,34
WL0011820,TKT009699,AGT013,2026-05-22,47
WL0011821,TKT009700,AGT002,2026-05-22,52
WL0011822,TKT009701,AGT013,2026-05-22,100
WL0011823,TKT009702,AGT016,2026-05-22,18
WL0011824,TKT009703,AGT002,2026-05-22,36
WL0011825,TKT009704,AGT011,2026-05-22,40
WL0011826,TKT009705,AGT003,2026-05-22,28
WL0011827,TKT009705,AGT006,2026-05-22,52
WL0011828,TKT009706,AGT013,2026-05-22,23
WL0011829,TKT009707,AGT014,2026-05-22,156
WL0011830,TKT009708,AGT013,2026-05-22,85
WL0011831,TKT009708,AGT018,2026-05-22,46
WL0011832,TKT009709,AGT004,2026-05-22,113
WL0011833,TKT009710,AGT004,2026-05-22,149
WL0011834,TKT009711,AGT013,2026-05-22,46
WL0011835,TKT009712,AGT013,2026-05-22,90
WL0011836,TKT009713,AGT007,2026-05-22,34
WL0011837,TKT009713,AGT011,2026-05-22,61
WL0011838,TKT009714,AGT014,2026-05-22,64
WL0011839,TKT009715,AGT007,2026-05-22,72
WL0011840,TKT009715,AGT011,2026-05-22,131
WL0011841,TKT009716,AGT008,2026-05-22,157
WL0011842,TKT009717,AGT007,2026-05-22,18
WL0011843,TKT009717,AGT008,2026-05-22,36
WL0011844,TKT009718,AGT006,2026-05-23,71
WL0011846,TKT009720,AGT002,2026-05-23,251
WL0011847,TKT009721,AGT017,2026-05-23,85
WL0011848,TKT009722,AGT002,2026-05-23,42
WL0011849,TKT009723,AGT006,2026-05-23,46
WL0011850,TKT009724,AGT009,2026-05-23,125
WL0011851,TKT009725,AGT017,2026-05-23,55
WL0011852,TKT009726,AGT009,2026-05-23,144
WL0011853,TKT009727,AGT013,2026-05-23,71
WL0011854,TKT009728,AGT013,2026-05-23,44
WL0011855,TKT009728,AGT017,2026-05-23,79
WL0011856,TKT009729,AGT006,2026-05-23,43
WL0011857,TKT009730,AGT007,2026-05-23,65
WL0011858,TKT009730,AGT009,2026-05-23,35
WL0011859,TKT009731,AGT017,2026-05-23,68
WL0011860,TKT009732,AGT007,2026-05-23,49
WL0011861,TKT009732,AGT009,2026-05-23,27
WL0011862,TKT009733,AGT016,2026-05-23,103
WL0011863,TKT009734,AGT013,2026-05-23,71
WL0011864,TKT009734,AGT014,2026-05-23,39
WL0011865,TKT009735,AGT016,2026-05-23,34
WL0011866,TKT009736,AGT002,2026-05-23,187
WL0011867,TKT009736,AGT003,2026-05-23,40
WL0011868,TKT009737,AGT016,2026-05-23,37
WL0011869,TKT009738,AGT017,2026-05-23,98
WL0011870,TKT009739,AGT007,2026-05-23,143
WL0011871,TKT009740,AGT007,2026-05-23,53
WL0011872,TKT009741,AGT009,2026-05-23,103
WL0011873,TKT009742,AGT007,2026-05-23,45
WL0011874,TKT009742,AGT009,2026-05-23,46
WL0011875,TKT009743,AGT001,2026-05-24,26
WL0011876,TKT009743,AGT003,2026-05-24,47
WL0011878,TKT009745,AGT017,2026-05-24,50
WL0011879,TKT009746,AGT017,2026-05-24,35
WL0011880,TKT009746,AGT018,2026-05-24,63
WL0011881,TKT009747,AGT017,2026-05-24,72
WL0011882,TKT009747,AGT018,2026-05-24,39
WL0011883,TKT009748,AGT010,2026-05-24,107
WL0011884,TKT009749,AGT005,2026-05-24,86
WL0011885,TKT009750,AGT001,2026-05-24,48
WL0011886,TKT009751,AGT018,2026-05-24,31
WL0011887,TKT009752,AGT010,2026-05-24,15
WL0011888,TKT009752,AGT011,2026-05-24,26
WL0011889,TKT009753,AGT001,2026-05-24,41
WL0011890,TKT009754,AGT018,2026-05-24,32
WL0011891,TKT009755,AGT018,2026-05-24,97
WL0011892,TKT009756,AGT001,2026-05-24,66
WL0011893,TKT009756,AGT003,2026-05-24,120
WL0011894,TKT009757,AGT017,2026-05-24,98
WL0011895,TKT009758,AGT003,2026-05-24,65
WL0011896,TKT009759,AGT017,2026-05-24,38
WL0011897,TKT009760,AGT017,2026-05-24,94
WL0011898,TKT009761,AGT005,2026-05-24,94
WL0011899,TKT009762,AGT003,2026-05-24,51
WL0011900,TKT009763,AGT017,2026-05-24,15
WL0011901,TKT009764,AGT015,2026-05-25,20
WL0011902,TKT009765,AGT018,2026-05-25,62
WL0011903,TKT009766,AGT010,2026-05-25,38
WL0011904,TKT009767,AGT014,2026-05-25,63
WL0011905,TKT009768,AGT016,2026-05-25,73
WL0011906,TKT009769,AGT001,2026-05-25,36
WL0011907,TKT009770,AGT017,2026-05-25,41
WL0011908,TKT009771,AGT017,2026-05-25,36
WL0011909,TKT009772,AGT014,2026-05-25,25
WL0011910,TKT009773,AGT018,2026-05-25,43
WL0011911,TKT009774,AGT001,2026-05-25,58
WL0011912,TKT009775,AGT018,2026-05-25,54
WL0011913,TKT009776,AGT016,2026-05-25,53
WL0011914,TKT009777,AGT017,2026-05-25,20
WL0011915,TKT009778,AGT017,2026-05-25,33
WL0011916,TKT009778,AGT018,2026-05-25,59
WL0011917,TKT009779,AGT011,2026-05-25,42
WL0011918,TKT009780,AGT006,2026-05-25,45
WL0011919,TKT009781,AGT018,2026-05-25,86
WL0011920,TKT009782,AGT002,2026-05-25,70
WL0011921,TKT009783,AGT002,2026-05-25,108
WL0011922,TKT009784,AGT017,2026-05-25,128
WL0011923,TKT009785,AGT014,2026-05-25,26
WL0011924,TKT009785,AGT018,2026-05-25,15
WL0011925,TKT009786,AGT016,2026-05-25,102
WL0011926,TKT009787,AGT002,2026-05-25,60
WL0011927,TKT009788,AGT010,2026-05-25,62
WL0011928,TKT009789,AGT006,2026-05-25,20
WL0011929,TKT009790,AGT006,2026-05-25,34
WL0011930,TKT009791,AGT003,2026-05-25,33
WL0011931,TKT009792,AGT002,2026-05-25,28
WL0011932,TKT009792,AGT003,2026-05-25,16
WL0011933,TKT009793,AGT014,2026-05-25,27
WL0011934,TKT009794,AGT010,2026-05-25,74
WL0011935,TKT009795,AGT015,2026-05-25,48
WL0011936,TKT009796,AGT011,2026-05-25,59
WL0011937,TKT009797,AGT001,2026-05-25,134
WL0011938,TKT009798,AGT008,2026-05-25,40
WL0011939,TKT009799,AGT007,2026-05-25,20
WL0011940,TKT009799,AGT008,2026-05-25,36
WL0011941,TKT009800,AGT003,2026-05-25,23
WL0011942,TKT009800,AGT006,2026-05-25,13
WL0011943,TKT009801,AGT007,2026-05-25,54
WL0011944,TKT009802,AGT002,2026-05-25,31
WL0011948,TKT009805,AGT003,2026-05-25,55
WL0011949,TKT009806,AGT016,2026-05-25,38
WL0011950,TKT009806,AGT018,2026-05-25,68
WL0011951,TKT009807,AGT013,2026-05-26,47
WL0011953,TKT009809,AGT013,2026-05-26,47
WL0011954,TKT009810,AGT001,2026-05-26,62
WL0011955,TKT009810,AGT002,2026-05-26,34
WL0011956,TKT009811,AGT015,2026-05-26,52
WL0011957,TKT009812,AGT006,2026-05-26,88
WL0011958,TKT009813,AGT007,2026-05-26,74
WL0011959,TKT009814,AGT015,2026-05-26,24
WL0011960,TKT009815,AGT014,2026-05-26,97
WL0011961,TKT009816,AGT015,2026-05-26,24
WL0011962,TKT009817,AGT010,2026-05-26,84
WL0011963,TKT009818,AGT004,2026-05-26,100
WL0011964,TKT009819,AGT002,2026-05-26,32
WL0011965,TKT009820,AGT016,2026-05-26,178
WL0011966,TKT009821,AGT016,2026-05-26,179
WL0011967,TKT009822,AGT016,2026-05-26,84
WL0011968,TKT009823,AGT007,2026-05-26,85
WL0011969,TKT009823,AGT010,2026-05-26,46
WL0011970,TKT009824,AGT002,2026-05-26,31
WL0011971,TKT009824,AGT003,2026-05-26,18
WL0011972,TKT009825,AGT013,2026-05-26,48
WL0011973,TKT009826,AGT001,2026-05-26,38
WL0011974,TKT009826,AGT006,2026-05-26,21
WL0011975,TKT009827,AGT003,2026-05-26,25
WL0011976,TKT009827,AGT004,2026-05-26,46
WL0011977,TKT009828,AGT010,2026-05-26,49
WL0011978,TKT009828,AGT011,2026-05-26,27
WL0011979,TKT009829,AGT003,2026-05-26,27
WL0011980,TKT009829,AGT006,2026-05-26,48
WL0011981,TKT009830,AGT011,2026-05-26,42
WL0011982,TKT009831,AGT018,2026-05-26,78
WL0011983,TKT009832,AGT006,2026-05-26,70
WL0011984,TKT009833,AGT010,2026-05-26,64
WL0011985,TKT009834,AGT010,2026-05-26,204
WL0011986,TKT009835,AGT007,2026-05-26,139
WL0011987,TKT009835,AGT010,2026-05-26,33
WL0011988,TKT009836,AGT004,2026-05-26,15
WL0011989,TKT009836,AGT006,2026-05-26,9
WL0011990,TKT009837,AGT007,2026-05-26,82
WL0011991,TKT009838,AGT002,2026-05-26,92
WL0011992,TKT009839,AGT016,2026-05-26,9
WL0011993,TKT009839,AGT017,2026-05-26,50
WL0011994,TKT009840,AGT013,2026-05-26,122
WL0011995,TKT009841,AGT015,2026-05-26,52
WL0011996,TKT009842,AGT006,2026-05-26,68
WL0011997,TKT009843,AGT007,2026-05-26,49
WL0011998,TKT009844,AGT011,2026-05-26,54
WL0011999,TKT009844,AGT012,2026-05-26,30
WL0012000,TKT009845,AGT017,2026-05-26,46
WL0012001,TKT009845,AGT018,2026-05-26,26
WL0012002,TKT009846,AGT003,2026-05-26,31
WL0012003,TKT009847,AGT018,2026-05-26,22
WL0012004,TKT009848,AGT012,2026-05-26,39
WL0012005,TKT009849,AGT014,2026-05-26,40
WL0012006,TKT009850,AGT017,2026-05-26,84
WL0012007,TKT009851,AGT004,2026-05-26,46
WL0012008,TKT009852,AGT012,2026-05-26,81
WL0012009,TKT009853,AGT018,2026-05-26,104
WL0012010,TKT009854,AGT004,2026-05-26,20
WL0012011,TKT009855,AGT004,2026-05-26,95
WL0012012,TKT009856,AGT003,2026-05-26,24
WL0012013,TKT009857,AGT004,2026-05-26,24
WL0012014,TKT009858,AGT007,2026-05-26,21
WL0012015,TKT009858,AGT012,2026-05-26,92
WL0012016,TKT009859,AGT006,2026-05-26,145
WL0012017,TKT009860,AGT001,2026-05-26,41
WL0012018,TKT009861,AGT002,2026-05-26,21
WL0012019,TKT009861,AGT004,2026-05-26,16
WL0012020,TKT009861,AGT006,2026-05-26,31
WL0012021,TKT009862,AGT013,2026-05-26,14
WL0012022,TKT009863,AGT012,2026-05-26,127
WL0012023,TKT009864,AGT018,2026-05-26,58
WL0012024,TKT009865,AGT014,2026-05-26,51
WL0012025,TKT009866,AGT002,2026-05-26,76
WL0012026,TKT009867,AGT002,2026-05-26,79
WL0012027,TKT009868,AGT017,2026-05-26,37
WL0012028,TKT009869,AGT001,2026-05-26,98
WL0012029,TKT009870,AGT017,2026-05-26,41
WL0012030,TKT009871,AGT001,2026-05-26,19
WL0012031,TKT009871,AGT002,2026-05-26,85
WL0012032,TKT009872,AGT003,2026-05-26,55
WL0012033,TKT009873,AGT003,2026-05-26,53
WL0012034,TKT009874,AGT017,2026-05-26,72
WL0012035,TKT009875,AGT013,2026-05-26,47
WL0012036,TKT009876,AGT011,2026-05-26,61
WL0012037,TKT009876,AGT012,2026-05-26,81
WL0012038,TKT009877,AGT016,2026-05-27,112
WL0012039,TKT009878,AGT007,2026-05-27,45
WL0012040,TKT009879,AGT017,2026-05-27,31
WL0012041,TKT009880,AGT013,2026-05-27,31
WL0012042,TKT009881,AGT012,2026-05-27,97
WL0012043,TKT009882,AGT001,2026-05-27,54
WL0012044,TKT009883,AGT018,2026-05-27,77
WL0012045,TKT009884,AGT015,2026-05-27,65
WL0012046,TKT009884,AGT018,2026-05-27,120
WL0012047,TKT009885,AGT007,2026-05-27,70
WL0012048,TKT009886,AGT016,2026-05-27,121
WL0012049,TKT009887,AGT014,2026-05-27,48
WL0012050,TKT009887,AGT017,2026-05-27,89
WL0012051,TKT009888,AGT009,2026-05-27,46
WL0012052,TKT009889,AGT002,2026-05-27,51
WL0012053,TKT009890,AGT003,2026-05-27,104
WL0012054,TKT009891,AGT001,2026-05-27,28
WL0012055,TKT009892,AGT009,2026-05-27,58
WL0012056,TKT009893,AGT017,2026-05-27,23
WL0012057,TKT009894,AGT005,2026-05-27,61
WL0012058,TKT009895,AGT018,2026-05-27,42
WL0012059,TKT009896,AGT018,2026-05-27,60
WL0012060,TKT009897,AGT009,2026-05-27,92
WL0012061,TKT009898,AGT001,2026-05-27,30
WL0012062,TKT009899,AGT012,2026-05-27,69
WL0012063,TKT009900,AGT012,2026-05-27,34
WL0012064,TKT009901,AGT014,2026-05-27,136
WL0012065,TKT009902,AGT006,2026-05-27,81
WL0012066,TKT009903,AGT007,2026-05-27,117
WL0012067,TKT009904,AGT017,2026-05-27,62
WL0012068,TKT009905,AGT003,2026-05-27,98
WL0012069,TKT009906,AGT002,2026-05-27,31
WL0012070,TKT009906,AGT003,2026-05-27,17
WL0012071,TKT009907,AGT016,2026-05-27,91
WL0012072,TKT009908,AGT013,2026-05-27,39
WL0012073,TKT009909,AGT007,2026-05-27,72
WL0012074,TKT009910,AGT012,2026-05-27,124
WL0012075,TKT009911,AGT016,2026-05-27,156
WL0012076,TKT009911,AGT018,2026-05-27,112
WL0012077,TKT009912,AGT002,2026-05-27,33
WL0012078,TKT009913,AGT007,2026-05-27,68
WL0012079,TKT009914,AGT014,2026-05-27,96
WL0012080,TKT009915,AGT009,2026-05-27,84
WL0012081,TKT009916,AGT017,2026-05-27,34
WL0012082,TKT009917,AGT007,2026-05-27,18
WL0012083,TKT009917,AGT009,2026-05-27,200
WL0012084,TKT009918,AGT002,2026-05-27,47
WL0012085,TKT009918,AGT006,2026-05-27,87
WL0012086,TKT009919,AGT007,2026-05-27,90
WL0012087,TKT009919,AGT012,2026-05-27,74
WL0012088,TKT009920,AGT002,2026-05-27,164
WL0012089,TKT009920,AGT012,2026-05-27,82
WL0012090,TKT009921,AGT001,2026-05-27,83
WL0012091,TKT009922,AGT018,2026-05-27,60
WL0012092,TKT009923,AGT014,2026-05-28,24
WL0012093,TKT009923,AGT018,2026-05-28,13
WL0012094,TKT009924,AGT004,2026-05-28,101
WL0012095,TKT009925,AGT014,2026-05-28,123
WL0012096,TKT009926,AGT001,2026-05-28,57
WL0012097,TKT009927,AGT009,2026-05-28,42
WL0012098,TKT009927,AGT012,2026-05-28,78
WL0012099,TKT009928,AGT011,2026-05-28,101
WL0012100,TKT009929,AGT011,2026-05-28,178
WL0012101,TKT009930,AGT016,2026-05-28,179
WL0012102,TKT009931,AGT009,2026-05-28,178
WL0012103,TKT009932,AGT001,2026-05-28,55
WL0012104,TKT009932,AGT006,2026-05-28,30
WL0012105,TKT009933,AGT016,2026-05-28,35
WL0012106,TKT009934,AGT017,2026-05-28,84
WL0012107,TKT009935,AGT014,2026-05-28,35
WL0012108,TKT009935,AGT015,2026-05-28,63
WL0012109,TKT009936,AGT013,2026-05-28,12
WL0012110,TKT009936,AGT018,2026-05-28,20
WL0012111,TKT009937,AGT016,2026-05-28,14
WL0012112,TKT009938,AGT015,2026-05-28,72
WL0012113,TKT009939,AGT009,2026-05-28,81
WL0012114,TKT009940,AGT001,2026-05-28,98
WL0012115,TKT009941,AGT015,2026-05-28,114
WL0012116,TKT009942,AGT006,2026-05-28,56
WL0012117,TKT009943,AGT007,2026-05-28,105
WL0012118,TKT009943,AGT009,2026-05-28,58
WL0012119,TKT009944,AGT005,2026-05-28,72
WL0012120,TKT009945,AGT018,2026-05-28,39
WL0012121,TKT009946,AGT015,2026-05-28,33
WL0012122,TKT009946,AGT018,2026-05-28,19
WL0012123,TKT009947,AGT005,2026-05-28,34
WL0012124,TKT009948,AGT003,2026-05-28,20
WL0012125,TKT009948,AGT006,2026-05-28,37
WL0012126,TKT009949,AGT011,2026-05-28,28
WL0012127,TKT009950,AGT008,2026-05-28,167
WL0012128,TKT009951,AGT012,2026-05-28,122
WL0012129,TKT009952,AGT014,2026-05-28,74
WL0012130,TKT009952,AGT018,2026-05-28,41
WL0012131,TKT009953,AGT007,2026-05-28,26
WL0012132,TKT009953,AGT012,2026-05-28,15
WL0012133,TKT009954,AGT016,2026-05-28,94
WL0012134,TKT009955,AGT017,2026-05-28,69
WL0012135,TKT009956,AGT003,2026-05-28,50
WL0012136,TKT009956,AGT005,2026-05-28,92
WL0012137,TKT009957,AGT015,2026-05-28,16
WL0012138,TKT009957,AGT018,2026-05-28,28
WL0012139,TKT009958,AGT005,2026-05-28,92
WL0012140,TKT009959,AGT003,2026-05-28,95
WL0012141,TKT009960,AGT016,2026-05-28,117
WL0012142,TKT009961,AGT015,2026-05-28,58
WL0012143,TKT009962,AGT001,2026-05-28,101
WL0012144,TKT009963,AGT008,2026-05-28,313
WL0012145,TKT009963,AGT010,2026-05-28,55
WL0012146,TKT009964,AGT018,2026-05-28,108
WL0012147,TKT009965,AGT017,2026-05-28,39
WL0012148,TKT009966,AGT014,2026-05-28,35
WL0012149,TKT009967,AGT010,2026-05-28,70
WL0012150,TKT009967,AGT011,2026-05-28,39
WL0012151,TKT009968,AGT003,2026-05-28,29
WL0012152,TKT009968,AGT004,2026-05-28,16
WL0012153,TKT009969,AGT007,2026-05-28,37
WL0012154,TKT009970,AGT012,2026-05-28,89
WL0012155,TKT009971,AGT012,2026-05-28,101
WL0012156,TKT009972,AGT017,2026-05-28,53
WL0012157,TKT009973,AGT006,2026-05-29,109
WL0012158,TKT009974,AGT018,2026-05-29,62
WL0012159,TKT009975,AGT017,2026-05-29,32
WL0012160,TKT009976,AGT014,2026-05-29,70
WL0012161,TKT009977,AGT002,2026-05-29,40
WL0012162,TKT009978,AGT014,2026-05-29,73
WL0012163,TKT009979,AGT002,2026-05-29,14
WL0012164,TKT009979,AGT004,2026-05-29,24
WL0012165,TKT009980,AGT004,2026-05-29,30
WL0012166,TKT009981,AGT003,2026-05-29,178
WL0012167,TKT009982,AGT006,2026-05-29,56
WL0012168,TKT009983,AGT003,2026-05-29,21
WL0012169,TKT009983,AGT006,2026-05-29,37
WL0012170,TKT009984,AGT009,2026-05-29,147
WL0012171,TKT009985,AGT013,2026-05-29,37
WL0012172,TKT009986,AGT006,2026-05-29,78
WL0012173,TKT009987,AGT008,2026-05-29,209
WL0012174,TKT009988,AGT015,2026-05-29,56
WL0012175,TKT009989,AGT006,2026-05-29,65
WL0012176,TKT009990,AGT003,2026-05-29,144
WL0012177,TKT009991,AGT009,2026-05-29,48
WL0012178,TKT009991,AGT012,2026-05-29,26
WL0012179,TKT009992,AGT007,2026-05-29,93
WL0012180,TKT009992,AGT008,2026-05-29,271
WL0012181,TKT009993,AGT018,2026-05-29,105
WL0012182,TKT009994,AGT003,2026-05-29,52
WL0012183,TKT009995,AGT012,2026-05-29,129
WL0012184,TKT009996,AGT007,2026-05-29,91
WL0012185,TKT009997,AGT003,2026-05-29,24
WL0012186,TKT009998,AGT007,2026-05-29,59
WL0012187,TKT009999,AGT012,2026-05-29,182
WL0012188,TKT010000,AGT001,2026-05-29,83
WL0012189,TKT010001,AGT013,2026-05-29,13
WL0012190,TKT010001,AGT017,2026-05-29,24
WL0012191,TKT010002,AGT007,2026-05-29,61
WL0012192,TKT010003,AGT002,2026-05-29,317
WL0012193,TKT010004,AGT018,2026-05-29,93
WL0012194,TKT010005,AGT004,2026-05-29,112
WL0012195,TKT010006,AGT017,2026-05-29,48
WL0012196,TKT010007,AGT013,2026-05-29,72
WL0012197,TKT010008,AGT006,2026-05-29,67
WL0012198,TKT010009,AGT015,2026-05-29,89
WL0012199,TKT010009,AGT018,2026-05-29,48
WL0012200,TKT010010,AGT001,2026-05-29,162
WL0012201,TKT010011,AGT001,2026-05-29,207
WL0012202,TKT010012,AGT001,2026-05-29,28
WL0012203,TKT010012,AGT003,2026-05-29,61
WL0012204,TKT010012,AGT004,2026-05-29,48
WL0012206,TKT010014,AGT014,2026-05-30,35
WL0012207,TKT010015,AGT014,2026-05-30,81
WL0012208,TKT010016,AGT009,2026-05-30,36
WL0012209,TKT010016,AGT011,2026-05-30,65
WL0012210,TKT010017,AGT006,2026-05-30,41
WL0012211,TKT010018,AGT014,2026-05-30,66
WL0012212,TKT010019,AGT016,2026-05-30,5
WL0012213,TKT010019,AGT017,2026-05-30,9
WL0012214,TKT010020,AGT003,2026-05-30,159
WL0012215,TKT010021,AGT016,2026-05-30,77
WL0012216,TKT010022,AGT006,2026-05-30,118
WL0012217,TKT010023,AGT003,2026-05-30,26
WL0012218,TKT010024,AGT013,2026-05-30,13
WL0012219,TKT010025,AGT014,2026-05-30,30
WL0012220,TKT010025,AGT018,2026-05-30,53
WL0012221,TKT010026,AGT003,2026-05-30,44
WL0012222,TKT010027,AGT017,2026-05-30,38
WL0012223,TKT010028,AGT014,2026-05-30,25
WL0012224,TKT010029,AGT008,2026-05-30,171
WL0012225,TKT010030,AGT011,2026-05-30,97
WL0012226,TKT010030,AGT012,2026-05-30,53
WL0012227,TKT010031,AGT012,2026-05-30,50
WL0012228,TKT010032,AGT001,2026-05-30,88
WL0012229,TKT010033,AGT003,2026-05-30,68
WL0012230,TKT010034,AGT017,2026-05-30,31
WL0012231,TKT010035,AGT002,2026-05-31,56
WL0012232,TKT010036,AGT016,2026-05-31,95
WL0012233,TKT010037,AGT002,2026-05-31,61
WL0012234,TKT010038,AGT009,2026-05-31,101
WL0012235,TKT010039,AGT016,2026-05-31,39
WL0012236,TKT010039,AGT018,2026-05-31,22
WL0012237,TKT010040,AGT010,2026-05-31,207
WL0012238,TKT010041,AGT002,2026-05-31,38
WL0012239,TKT010042,AGT002,2026-05-31,67
WL0012240,TKT010043,AGT008,2026-05-31,46
WL0012241,TKT010043,AGT010,2026-05-31,26
WL0012242,TKT010044,AGT009,2026-05-31,208
WL0012243,TKT010045,AGT018,2026-05-31,103
WL0012244,TKT010046,AGT007,2026-05-31,24
WL0012245,TKT010046,AGT012,2026-05-31,43
WL0012246,TKT010047,AGT016,2026-05-31,54
WL0012247,TKT010048,AGT012,2026-05-31,113
WL0012248,TKT010049,AGT009,2026-05-31,79
WL0012249,TKT010050,AGT016,2026-05-31,90
WL0012250,TKT010051,AGT010,2026-05-31,79
WL0012251,TKT010052,AGT010,2026-05-31,155
WL0012252,TKT010053,AGT008,2026-05-31,116
WL0012253,TKT010054,AGT008,2026-05-31,83
WL0012254,TKT010055,AGT002,2026-05-31,45
WL0012255,TKT010056,AGT007,2026-05-31,71
WL0012256,TKT010056,AGT010,2026-05-31,13
WL0012257,TKT010057,AGT017,2026-05-31,59
WL0012258,TKT010058,AGT018,2026-05-31,76
WL0012259,TKT010059,AGT017,2026-05-31,83
WL0012260,TKT010060,AGT007,2026-05-31,57
WL0012261,TKT010061,AGT004,2026-06-01,49
WL0012262,TKT010062,AGT012,2026-06-01,125
WL0012263,TKT010063,AGT018,2026-06-01,29
WL0012264,TKT010064,AGT002,2026-06-01,49
WL0012265,TKT010065,AGT008,2026-06-01,153
WL0012266,TKT010066,AGT002,2026-06-01,128
WL0012267,TKT010067,AGT002,2026-06-01,38
WL0012268,TKT010068,AGT014,2026-06-01,71
WL0012269,TKT010068,AGT016,2026-06-01,39
WL0012270,TKT010069,AGT014,2026-06-01,68
WL0012271,TKT010070,AGT015,2026-06-01,29
WL0012273,TKT010072,AGT004,2026-06-01,71
WL0012274,TKT010073,AGT007,2026-06-01,62
WL0012275,TKT010073,AGT008,2026-06-01,115
WL0012276,TKT010074,AGT001,2026-06-01,116
WL0012277,TKT010075,AGT010,2026-06-01,99
WL0012278,TKT010076,AGT010,2026-06-01,38
WL0012279,TKT010077,AGT001,2026-06-01,83
WL0012280,TKT010078,AGT005,2026-06-01,130
WL0012281,TKT010079,AGT016,2026-06-01,153
WL0012282,TKT010080,AGT018,2026-06-01,49
WL0012283,TKT010081,AGT011,2026-06-01,132
WL0012284,TKT010082,AGT007,2026-06-01,59
WL0012285,TKT010082,AGT011,2026-06-01,108
WL0012286,TKT010083,AGT014,2026-06-01,40
WL0012287,TKT010083,AGT015,2026-06-01,22
WL0012288,TKT010084,AGT007,2026-06-01,47
WL0012289,TKT010085,AGT004,2026-06-01,56
WL0012290,TKT010086,AGT002,2026-06-01,34
WL0012291,TKT010087,AGT006,2026-06-01,50
WL0012292,TKT010088,AGT002,2026-06-01,57
WL0012293,TKT010089,AGT004,2026-06-01,65
WL0012294,TKT010090,AGT001,2026-06-01,108
WL0012295,TKT010091,AGT010,2026-06-01,21
WL0012296,TKT010091,AGT011,2026-06-01,38
WL0012297,TKT010092,AGT016,2026-06-01,22
WL0012298,TKT010093,AGT008,2026-06-01,102
WL0012299,TKT010093,AGT012,2026-06-01,56
WL0012300,TKT010094,AGT015,2026-06-01,55
WL0012301,TKT010095,AGT004,2026-06-01,55
WL0012302,TKT010096,AGT008,2026-06-01,80
WL0012303,TKT010096,AGT010,2026-06-01,24
WL0012304,TKT010097,AGT014,2026-06-01,18
WL0012305,TKT010098,AGT014,2026-06-01,42
WL0012306,TKT010099,AGT014,2026-06-01,112
WL0012307,TKT010100,AGT001,2026-06-01,102
WL0012308,TKT010101,AGT011,2026-06-01,70
WL0012309,TKT010101,AGT012,2026-06-01,38
WL0012310,TKT010102,AGT002,2026-06-01,15
WL0012311,TKT010102,AGT005,2026-06-01,27
WL0012312,TKT010103,AGT011,2026-06-01,13
WL0012313,TKT010103,AGT012,2026-06-01,22
WL0012314,TKT010104,AGT001,2026-06-01,41
WL0012315,TKT010104,AGT002,2026-06-01,89
WL0012316,TKT010104,AGT005,2026-06-01,7
WL0012317,TKT010105,AGT016,2026-06-01,44
WL0012318,TKT010106,AGT015,2026-06-01,46
WL0012319,TKT010107,AGT015,2026-06-01,66
WL0012320,TKT010108,AGT010,2026-06-02,62
WL0012321,TKT010109,AGT015,2026-06-02,76
WL0012322,TKT010110,AGT012,2026-06-02,211
WL0012323,TKT010111,AGT016,2026-06-02,30
WL0012324,TKT010112,AGT015,2026-06-02,41
WL0012325,TKT010113,AGT005,2026-06-02,46
WL0012326,TKT010114,AGT009,2026-06-02,33
WL0012327,TKT010114,AGT010,2026-06-02,60
WL0012328,TKT010115,AGT010,2026-06-02,141
WL0012330,TKT010117,AGT015,2026-06-02,39
WL0012331,TKT010118,AGT002,2026-06-02,55
WL0012332,TKT010119,AGT014,2026-06-02,79
WL0012333,TKT010119,AGT018,2026-06-02,43
WL0012334,TKT010120,AGT008,2026-06-02,88
WL0012335,TKT010121,AGT014,2026-06-02,25
WL0012336,TKT010121,AGT018,2026-06-02,45
WL0012337,TKT010122,AGT006,2026-06-02,22
WL0012338,TKT010123,AGT018,2026-06-02,45
WL0012339,TKT010124,AGT006,2026-06-02,20
WL0012340,TKT010125,AGT005,2026-06-02,43
WL0012341,TKT010126,AGT015,2026-06-02,66
WL0012342,TKT010127,AGT015,2026-06-02,52
WL0012343,TKT010127,AGT018,2026-06-02,28
WL0012344,TKT010128,AGT002,2026-06-02,52
WL0012345,TKT010129,AGT012,2026-06-02,60
WL0012346,TKT010130,AGT014,2026-06-02,111
WL0012347,TKT010131,AGT015,2026-06-02,73
WL0012348,TKT010132,AGT018,2026-06-02,24
WL0012349,TKT010133,AGT001,2026-06-02,60
WL0012352,TKT010135,AGT001,2026-06-02,75
WL0012353,TKT010136,AGT017,2026-06-02,109
WL0012354,TKT010137,AGT012,2026-06-02,59
WL0012355,TKT010138,AGT006,2026-06-02,58
WL0012356,TKT010139,AGT001,2026-06-02,35
WL0012357,TKT010139,AGT003,2026-06-02,20
WL0012358,TKT010140,AGT003,2026-06-02,69
WL0012359,TKT010141,AGT018,2026-06-02,70
WL0012360,TKT010142,AGT006,2026-06-02,47
WL0012361,TKT010143,AGT018,2026-06-02,74
WL0012362,TKT010144,AGT009,2026-06-02,159
WL0012363,TKT010145,AGT010,2026-06-02,111
WL0012364,TKT010146,AGT002,2026-06-02,59
WL0012365,TKT010147,AGT009,2026-06-02,20
WL0012366,TKT010147,AGT012,2026-06-02,12
WL0012367,TKT010148,AGT009,2026-06-02,38
WL0012368,TKT010148,AGT010,2026-06-02,106
WL0012369,TKT010149,AGT014,2026-06-02,155
WL0012370,TKT010149,AGT015,2026-06-02,103
WL0012371,TKT010150,AGT002,2026-06-02,40
WL0012372,TKT010151,AGT016,2026-06-02,29
WL0012373,TKT010152,AGT016,2026-06-02,44
WL0012374,TKT010153,AGT008,2026-06-02,95
WL0012375,TKT010154,AGT018,2026-06-03,39
WL0012376,TKT010155,AGT004,2026-06-03,106
WL0012377,TKT010156,AGT010,2026-06-03,96
WL0012378,TKT010157,AGT004,2026-06-03,58
WL0012379,TKT010158,AGT009,2026-06-03,147
WL0012380,TKT010159,AGT006,2026-06-03,32
WL0012381,TKT010160,AGT003,2026-06-03,32
WL0012382,TKT010161,AGT003,2026-06-03,44
WL0012383,TKT010162,AGT002,2026-06-03,77
WL0012384,TKT010163,AGT003,2026-06-03,36
WL0012385,TKT010164,AGT008,2026-06-03,181
WL0012386,TKT010165,AGT004,2026-06-03,260
WL0012387,TKT010166,AGT007,2026-06-03,63
WL0012388,TKT010166,AGT010,2026-06-03,116
WL0012389,TKT010167,AGT013,2026-06-03,28
WL0012390,TKT010168,AGT010,2026-06-03,179
WL0012391,TKT010169,AGT007,2026-06-03,72
WL0012392,TKT010170,AGT013,2026-06-03,33
WL0012393,TKT010170,AGT015,2026-06-03,60
WL0012394,TKT010171,AGT008,2026-06-03,139
WL0012395,TKT010172,AGT013,2026-06-03,40
WL0012396,TKT010173,AGT015,2026-06-03,29
WL0012398,TKT010175,AGT014,2026-06-03,24
WL0012399,TKT010176,AGT006,2026-06-03,31
WL0012400,TKT010177,AGT004,2026-06-03,39
WL0012401,TKT010178,AGT013,2026-06-03,55
WL0012402,TKT010179,AGT017,2026-06-03,40
WL0012403,TKT010180,AGT018,2026-06-03,95
WL0012404,TKT010181,AGT006,2026-06-03,20
WL0012405,TKT010182,AGT009,2026-06-03,114
WL0012406,TKT010183,AGT016,2026-06-03,116
WL0012407,TKT010184,AGT006,2026-06-03,34
WL0012408,TKT010185,AGT006,2026-06-03,40
WL0012409,TKT010186,AGT004,2026-06-03,6
WL0012410,TKT010186,AGT005,2026-06-03,11
WL0012411,TKT010187,AGT016,2026-06-03,14
WL0012412,TKT010187,AGT018,2026-06-03,24
WL0012413,TKT010188,AGT005,2026-06-03,115
WL0012415,TKT010190,AGT013,2026-06-03,25
WL0012416,TKT010191,AGT006,2026-06-03,31
WL0012417,TKT010192,AGT017,2026-06-03,43
WL0012418,TKT010193,AGT010,2026-06-03,67
WL0012419,TKT010194,AGT015,2026-06-03,42
WL0012420,TKT010194,AGT018,2026-06-03,24
WL0012421,TKT010195,AGT003,2026-06-03,43
WL0012422,TKT010196,AGT007,2026-06-03,44
WL0012423,TKT010197,AGT014,2026-06-03,26
WL0012424,TKT010197,AGT017,2026-06-03,14
WL0012425,TKT010198,AGT005,2026-06-03,41
WL0012426,TKT010199,AGT014,2026-06-03,30
WL0012427,TKT010200,AGT005,2026-06-03,50
WL0012428,TKT010201,AGT016,2026-06-03,93
WL0012429,TKT010202,AGT008,2026-06-03,92
WL0012430,TKT010202,AGT010,2026-06-03,22
WL0012431,TKT010203,AGT003,2026-06-03,40
WL0012432,TKT010203,AGT006,2026-06-03,23
WL0012433,TKT010204,AGT003,2026-06-03,84
WL0012434,TKT010205,AGT007,2026-06-03,9
WL0012435,TKT010205,AGT008,2026-06-03,68
WL0012436,TKT010206,AGT015,2026-06-03,57
WL0012437,TKT010207,AGT007,2026-06-03,99
WL0012438,TKT010208,AGT015,2026-06-03,18
WL0012439,TKT010209,AGT018,2026-06-03,31
WL0012440,TKT010210,AGT001,2026-06-04,24
WL0012441,TKT010210,AGT004,2026-06-04,43
WL0012442,TKT010211,AGT001,2026-06-04,83
WL0012443,TKT010212,AGT006,2026-06-04,91
WL0012444,TKT010213,AGT004,2026-06-04,30
WL0012446,TKT010215,AGT013,2026-06-04,80
WL0012447,TKT010216,AGT008,2026-06-04,205
WL0012448,TKT010217,AGT017,2026-06-04,46
WL0012449,TKT010217,AGT018,2026-06-04,84
WL0012450,TKT010218,AGT004,2026-06-04,46
WL0012451,TKT010218,AGT006,2026-06-04,25
WL0012452,TKT010219,AGT013,2026-06-04,88
WL0012453,TKT010220,AGT006,2026-06-04,56
WL0012454,TKT010221,AGT012,2026-06-04,218
WL0012455,TKT010222,AGT018,2026-06-04,52
WL0012456,TKT010223,AGT010,2026-06-04,80
WL0012457,TKT010224,AGT004,2026-06-04,43
WL0012458,TKT010225,AGT013,2026-06-04,28
WL0012459,TKT010225,AGT017,2026-06-04,16
WL0012460,TKT010226,AGT006,2026-06-04,31
WL0012461,TKT010227,AGT013,2026-06-04,103
WL0012462,TKT010228,AGT013,2026-06-04,108
WL0012463,TKT010229,AGT011,2026-06-04,82
WL0012464,TKT010230,AGT007,2026-06-04,164
WL0012465,TKT010231,AGT016,2026-06-04,163
WL0012466,TKT010231,AGT018,2026-06-04,89
WL0012467,TKT010232,AGT017,2026-06-04,35
WL0012468,TKT010233,AGT018,2026-06-04,97
WL0012469,TKT010234,AGT010,2026-06-04,242
WL0012470,TKT010235,AGT007,2026-06-04,154
WL0012471,TKT010236,AGT012,2026-06-04,104
WL0012472,TKT010237,AGT018,2026-06-04,89
WL0012473,TKT010238,AGT004,2026-06-04,128
WL0012474,TKT010239,AGT004,2026-06-04,19
WL0012475,TKT010240,AGT013,2026-06-04,43
WL0012476,TKT010240,AGT017,2026-06-04,26
WL0012477,TKT010241,AGT008,2026-06-04,86
WL0012478,TKT010242,AGT004,2026-06-04,51
WL0012479,TKT010242,AGT006,2026-06-04,92
WL0012480,TKT010243,AGT006,2026-06-04,108
WL0012481,TKT010244,AGT016,2026-06-04,13
WL0012482,TKT010244,AGT018,2026-06-04,69
WL0012483,TKT010245,AGT009,2026-06-04,152
WL0012484,TKT010245,AGT010,2026-06-04,55
WL0012485,TKT010246,AGT008,2026-06-04,88
WL0012486,TKT010247,AGT002,2026-06-04,101
WL0012487,TKT010248,AGT016,2026-06-04,87
WL0012488,TKT010249,AGT004,2026-06-04,25
WL0012489,TKT010250,AGT008,2026-06-04,64
WL0012490,TKT010250,AGT012,2026-06-04,118
WL0012491,TKT010251,AGT008,2026-06-04,7
WL0012492,TKT010251,AGT011,2026-06-04,43
WL0012493,TKT010251,AGT012,2026-06-04,70
WL0012494,TKT010252,AGT016,2026-06-04,43
WL0012495,TKT010253,AGT017,2026-06-04,70
WL0012496,TKT010254,AGT002,2026-06-04,66
WL0012497,TKT010255,AGT017,2026-06-04,22
WL0012498,TKT010256,AGT002,2026-06-04,45
WL0012499,TKT010257,AGT004,2026-06-05,18
WL0012500,TKT010257,AGT005,2026-06-05,10
WL0012501,TKT010258,AGT014,2026-06-05,73
WL0012502,TKT010259,AGT003,2026-06-05,43
WL0012503,TKT010260,AGT018,2026-06-05,78
WL0012504,TKT010261,AGT002,2026-06-05,11
WL0012505,TKT010261,AGT006,2026-06-05,19
WL0012506,TKT010262,AGT010,2026-06-05,143
WL0012507,TKT010263,AGT003,2026-06-05,124
WL0012508,TKT010264,AGT016,2026-06-05,72
WL0012509,TKT010265,AGT010,2026-06-05,54
WL0012510,TKT010266,AGT008,2026-06-05,109
WL0012511,TKT010266,AGT012,2026-06-05,60
WL0012512,TKT010267,AGT016,2026-06-05,128
WL0012513,TKT010268,AGT005,2026-06-05,37
WL0012514,TKT010268,AGT006,2026-06-05,21
WL0012515,TKT010269,AGT009,2026-06-05,179
WL0012516,TKT010270,AGT008,2026-06-05,122
WL0012517,TKT010271,AGT003,2026-06-05,37
WL0012518,TKT010271,AGT005,2026-06-05,21
WL0012519,TKT010272,AGT014,2026-06-05,82
WL0012520,TKT010273,AGT006,2026-06-05,73
WL0012521,TKT010274,AGT006,2026-06-05,31
WL0012522,TKT010275,AGT014,2026-06-05,20
WL0012523,TKT010275,AGT018,2026-06-05,37
WL0012524,TKT010276,AGT013,2026-06-05,83
WL0012525,TKT010277,AGT016,2026-06-05,79
WL0012526,TKT010277,AGT018,2026-06-05,43
WL0012527,TKT010278,AGT013,2026-06-05,61
WL0012528,TKT010279,AGT018,2026-06-05,31
WL0012529,TKT010280,AGT002,2026-06-05,76
WL0012530,TKT010281,AGT016,2026-06-05,137
WL0012531,TKT010282,AGT005,2026-06-05,36
WL0012532,TKT010283,AGT008,2026-06-05,49
WL0012533,TKT010284,AGT002,2026-06-05,89
WL0012534,TKT010284,AGT005,2026-06-05,48
WL0012535,TKT010285,AGT018,2026-06-05,59
WL0012536,TKT010286,AGT018,2026-06-05,28
WL0012537,TKT010287,AGT004,2026-06-05,32
WL0012538,TKT010288,AGT014,2026-06-05,117
WL0012539,TKT010288,AGT016,2026-06-05,64
WL0012540,TKT010289,AGT010,2026-06-06,78
WL0012541,TKT010290,AGT015,2026-06-06,29
WL0012542,TKT010291,AGT015,2026-06-06,105
WL0012543,TKT010292,AGT018,2026-06-06,30
WL0012544,TKT010293,AGT002,2026-06-06,69
WL0012545,TKT010294,AGT011,2026-06-06,263
WL0012546,TKT010295,AGT013,2026-06-06,53
WL0012547,TKT010296,AGT003,2026-06-06,49
WL0012548,TKT010296,AGT006,2026-06-06,89
WL0012549,TKT010297,AGT005,2026-06-06,41
WL0012550,TKT010298,AGT002,2026-06-06,58
WL0012551,TKT010299,AGT004,2026-06-06,73
WL0012552,TKT010300,AGT002,2026-06-06,145
WL0012553,TKT010301,AGT014,2026-06-06,147
WL0012554,TKT010302,AGT004,2026-06-06,13
WL0012555,TKT010303,AGT009,2026-06-06,65
WL0012556,TKT010303,AGT010,2026-06-06,35
WL0012557,TKT010304,AGT013,2026-06-06,31
WL0012558,TKT010304,AGT015,2026-06-06,17
WL0012559,TKT010305,AGT005,2026-06-06,24
WL0012560,TKT010306,AGT005,2026-06-06,22
WL0012561,TKT010307,AGT014,2026-06-06,35
WL0012562,TKT010307,AGT018,2026-06-06,19
WL0012563,TKT010308,AGT005,2026-06-06,41
WL0012564,TKT010309,AGT013,2026-06-06,83
WL0012565,TKT010310,AGT016,2026-06-06,61
WL0012566,TKT010310,AGT018,2026-06-06,33
WL0012567,TKT010311,AGT002,2026-06-06,40
WL0012568,TKT010312,AGT016,2026-06-06,72
WL0012569,TKT010313,AGT016,2026-06-06,76
WL0012570,TKT010314,AGT015,2026-06-06,117
WL0012571,TKT010315,AGT009,2026-06-06,84
WL0012572,TKT010316,AGT009,2026-06-06,357
WL0012573,TKT010316,AGT011,2026-06-06,217
WL0012574,TKT010317,AGT008,2026-06-07,112
WL0012575,TKT010318,AGT003,2026-06-07,186
WL0012576,TKT010319,AGT012,2026-06-07,178
WL0012577,TKT010320,AGT014,2026-06-07,72
WL0012578,TKT010321,AGT008,2026-06-07,259
WL0012579,TKT010322,AGT002,2026-06-07,19
WL0012580,TKT010322,AGT003,2026-06-07,11
WL0012581,TKT010323,AGT016,2026-06-07,88
WL0012582,TKT010324,AGT006,2026-06-07,87
WL0012583,TKT010325,AGT003,2026-06-07,145
WL0012584,TKT010326,AGT002,2026-06-07,35
WL0012585,TKT010326,AGT006,2026-06-07,64
WL0012586,TKT010327,AGT003,2026-06-07,32
WL0012587,TKT010327,AGT006,2026-06-07,18
WL0012588,TKT010328,AGT012,2026-06-07,96
WL0012589,TKT010329,AGT008,2026-06-07,41
WL0012590,TKT010329,AGT012,2026-06-07,206
WL0012591,TKT010330,AGT006,2026-06-07,39
WL0012592,TKT010331,AGT006,2026-06-07,33
WL0012593,TKT010332,AGT003,2026-06-07,89
WL0012594,TKT010333,AGT014,2026-06-07,74
WL0012595,TKT010334,AGT014,2026-06-07,26
WL0012596,TKT010334,AGT016,2026-06-07,15
WL0012597,TKT010335,AGT005,2026-06-07,30
WL0012598,TKT010335,AGT008,2026-06-07,68
WL0012599,TKT010336,AGT002,2026-06-07,89
WL0012600,TKT010336,AGT003,2026-06-07,17
WL0012601,TKT010337,AGT014,2026-06-07,79
WL0012602,TKT010338,AGT016,2026-06-07,41
WL0012603,TKT010339,AGT002,2026-06-07,58
WL0012604,TKT010340,AGT005,2026-06-07,66
WL0012605,TKT010341,AGT002,2026-06-07,59
WL0012606,TKT010342,AGT014,2026-06-07,70
WL0012607,TKT010343,AGT007,2026-06-08,89
WL0012608,TKT010343,AGT008,2026-06-08,48
WL0012609,TKT010344,AGT008,2026-06-08,165
WL0012610,TKT010344,AGT011,2026-06-08,90
WL0012611,TKT010345,AGT005,2026-06-08,72
WL0012612,TKT010345,AGT006,2026-06-08,39
WL0012613,TKT010346,AGT011,2026-06-08,91
WL0012614,TKT010347,AGT005,2026-06-08,113
WL0012615,TKT010348,AGT007,2026-06-08,116
WL0012616,TKT010349,AGT015,2026-06-08,45
WL0012617,TKT010350,AGT008,2026-06-08,142
WL0012618,TKT010351,AGT011,2026-06-08,220
WL0012619,TKT010352,AGT006,2026-06-08,68
WL0012620,TKT010353,AGT005,2026-06-08,61
WL0012621,TKT010354,AGT004,2026-06-08,46
WL0012622,TKT010355,AGT008,2026-06-08,53
WL0012623,TKT010355,AGT011,2026-06-08,79
WL0012624,TKT010356,AGT006,2026-06-08,91
WL0012625,TKT010357,AGT018,2026-06-08,22
WL0012626,TKT010358,AGT008,2026-06-08,72
WL0012627,TKT010358,AGT012,2026-06-08,18
WL0012628,TKT010359,AGT006,2026-06-08,35
WL0012629,TKT010360,AGT015,2026-06-08,59
WL0012630,TKT010361,AGT001,2026-06-08,231
WL0012631,TKT010362,AGT007,2026-06-08,55
WL0012632,TKT010363,AGT012,2026-06-08,78
WL0012633,TKT010364,AGT007,2026-06-08,63
WL0012634,TKT010364,AGT012,2026-06-08,34
WL0012635,TKT010365,AGT013,2026-06-08,158
WL0012636,TKT010366,AGT018,2026-06-08,144
WL0012637,TKT010367,AGT015,2026-06-08,30
WL0012638,TKT010368,AGT018,2026-06-08,159
WL0012639,TKT010369,AGT012,2026-06-08,181
WL0012640,TKT010370,AGT013,2026-06-08,26
WL0012641,TKT010370,AGT015,2026-06-08,48
WL0012642,TKT010371,AGT013,2026-06-08,161
WL0012643,TKT010371,AGT018,2026-06-08,88
WL0012644,TKT010372,AGT002,2026-06-08,23
WL0012645,TKT010373,AGT013,2026-06-08,36
WL0012646,TKT010374,AGT013,2026-06-08,17
WL0012647,TKT010374,AGT018,2026-06-08,37
WL0012648,TKT010375,AGT007,2026-06-08,55
WL0012649,TKT010376,AGT001,2026-06-08,53
WL0012650,TKT010377,AGT003,2026-06-08,101
WL0012651,TKT010378,AGT015,2026-06-08,94
WL0012652,TKT010379,AGT013,2026-06-08,52
WL0012653,TKT010379,AGT015,2026-06-08,13
WL0012654,TKT010380,AGT015,2026-06-08,74
WL0012655,TKT010381,AGT007,2026-06-08,54
WL0012656,TKT010381,AGT012,2026-06-08,100
WL0012657,TKT010382,AGT015,2026-06-08,86
WL0012658,TKT010383,AGT005,2026-06-08,20
WL0012659,TKT010383,AGT015,2026-06-08,31
WL0012660,TKT010384,AGT006,2026-06-08,6
WL0012661,TKT010384,AGT007,2026-06-08,48
WL0012662,TKT010384,AGT012,2026-06-08,69
WL0012663,TKT010385,AGT006,2026-06-08,39
WL0012664,TKT010386,AGT003,2026-06-08,95
WL0012665,TKT010387,AGT004,2026-06-08,24
WL0012666,TKT010388,AGT002,2026-06-08,217
WL0012667,TKT010389,AGT005,2026-06-08,79
WL0012668,TKT010390,AGT001,2026-06-08,48
WL0012669,TKT010390,AGT005,2026-06-08,26
WL0012670,TKT010391,AGT006,2026-06-08,28
WL0012671,TKT010392,AGT004,2026-06-08,36
WL0012672,TKT010392,AGT006,2026-06-08,20
WL0012673,TKT010393,AGT003,2026-06-08,58
WL0012674,TKT010394,AGT002,2026-06-08,113
WL0012675,TKT010395,AGT002,2026-06-08,52
WL0012676,TKT010395,AGT003,2026-06-08,226
WL0012677,TKT010396,AGT002,2026-06-08,69
WL0012678,TKT010397,AGT004,2026-06-08,49
WL0012679,TKT010398,AGT001,2026-06-09,23
WL0012680,TKT010399,AGT014,2026-06-09,77
WL0012682,TKT010401,AGT009,2026-06-09,117
WL0012683,TKT010402,AGT012,2026-06-09,242
WL0012684,TKT010403,AGT009,2026-06-09,59
WL0012685,TKT010403,AGT012,2026-06-09,32
WL0012686,TKT010404,AGT018,2026-06-09,123
WL0012687,TKT010405,AGT010,2026-06-09,16
WL0012688,TKT010405,AGT012,2026-06-09,27
WL0012689,TKT010406,AGT018,2026-06-09,49
WL0012690,TKT010407,AGT009,2026-06-09,145
WL0012691,TKT010408,AGT004,2026-06-09,56
WL0012692,TKT010409,AGT009,2026-06-09,129
WL0012693,TKT010409,AGT010,2026-06-09,63
WL0012694,TKT010410,AGT003,2026-06-09,27
WL0012695,TKT010411,AGT007,2026-06-09,68
WL0012696,TKT010412,AGT012,2026-06-09,59
WL0012697,TKT010413,AGT014,2026-06-09,118
WL0012698,TKT010414,AGT018,2026-06-09,96
WL0012699,TKT010415,AGT001,2026-06-09,13
WL0012700,TKT010415,AGT002,2026-06-09,23
WL0012701,TKT010416,AGT001,2026-06-09,80
WL0012702,TKT010417,AGT001,2026-06-09,23
WL0012703,TKT010417,AGT003,2026-06-09,40
WL0012704,TKT010418,AGT016,2026-06-09,125
WL0012705,TKT010419,AGT018,2026-06-09,128
WL0012706,TKT010420,AGT007,2026-06-09,107
WL0012707,TKT010421,AGT001,2026-06-09,14
WL0012708,TKT010421,AGT004,2026-06-09,9
WL0012709,TKT010422,AGT002,2026-06-09,144
WL0012710,TKT010422,AGT006,2026-06-09,79
WL0012711,TKT010423,AGT008,2026-06-09,6
WL0012712,TKT010423,AGT012,2026-06-09,90
WL0012713,TKT010424,AGT010,2026-06-09,69
WL0012714,TKT010425,AGT003,2026-06-09,70
WL0012715,TKT010426,AGT008,2026-06-09,36
WL0012716,TKT010427,AGT008,2026-06-09,167
WL0012717,TKT010428,AGT008,2026-06-09,112
WL0012718,TKT010429,AGT010,2026-06-09,80
WL0012719,TKT010430,AGT008,2026-06-09,31
WL0012720,TKT010430,AGT010,2026-06-09,57
WL0012721,TKT010431,AGT007,2026-06-09,30
WL0012722,TKT010431,AGT010,2026-06-09,17
WL0012723,TKT010432,AGT007,2026-06-09,81
WL0012724,TKT010433,AGT010,2026-06-09,50
WL0012725,TKT010434,AGT014,2026-06-09,87
WL0012726,TKT010435,AGT014,2026-06-09,31
WL0012727,TKT010435,AGT016,2026-06-09,57
WL0012728,TKT010436,AGT016,2026-06-09,59
WL0012729,TKT010437,AGT007,2026-06-09,23
WL0012730,TKT010438,AGT007,2026-06-09,74
WL0012731,TKT010438,AGT008,2026-06-09,98
WL0012732,TKT010438,AGT010,2026-06-09,128
WL0012733,TKT010439,AGT002,2026-06-09,48
WL0012734,TKT010440,AGT002,2026-06-09,80
WL0012735,TKT010441,AGT006,2026-06-09,111
WL0012736,TKT010442,AGT003,2026-06-09,48
WL0012737,TKT010443,AGT014,2026-06-09,79
WL0012738,TKT010444,AGT014,2026-06-09,37
WL0012739,TKT010444,AGT018,2026-06-09,20
WL0012740,TKT010445,AGT018,2026-06-09,32
WL0012741,TKT010446,AGT007,2026-06-09,51
WL0012742,TKT010447,AGT001,2026-06-09,74
WL0012743,TKT010448,AGT016,2026-06-09,21
WL0012744,TKT010448,AGT018,2026-06-09,32
WL0012745,TKT010449,AGT005,2026-06-09,75
WL0012746,TKT010449,AGT007,2026-06-09,16
WL0012747,TKT010450,AGT001,2026-06-09,77
WL0012748,TKT010451,AGT004,2026-06-09,48
WL0012749,TKT010452,AGT002,2026-06-09,19
WL0012750,TKT010452,AGT014,2026-06-09,51
WL0012751,TKT010453,AGT001,2026-06-09,70
WL0012752,TKT010454,AGT003,2026-06-09,59
WL0012753,TKT010455,AGT001,2026-06-09,47
WL0012754,TKT010456,AGT003,2026-06-09,106
WL0012755,TKT010457,AGT016,2026-06-09,62
WL0012756,TKT010458,AGT016,2026-06-09,34
WL0012757,TKT010459,AGT002,2026-06-09,123
WL0012758,TKT010460,AGT006,2026-06-09,77
WL0012759,TKT010461,AGT016,2026-06-09,35
WL0012760,TKT010462,AGT016,2026-06-09,59
WL0012761,TKT010463,AGT003,2026-06-09,22
WL0012762,TKT010463,AGT016,2026-06-09,28
WL0012763,TKT010464,AGT002,2026-06-09,43
WL0012764,TKT010464,AGT003,2026-06-09,24
WL0012765,TKT010465,AGT004,2026-06-09,34
WL0012766,TKT010465,AGT006,2026-06-09,19
WL0012767,TKT010466,AGT004,2026-06-09,30
WL0012768,TKT010467,AGT017,2026-06-10,85
WL0012769,TKT010468,AGT015,2026-06-10,35
WL0012770,TKT010469,AGT010,2026-06-10,96
WL0012771,TKT010470,AGT015,2026-06-10,51
WL0012772,TKT010471,AGT001,2026-06-10,44
WL0012773,TKT010472,AGT015,2026-06-10,117
WL0012774,TKT010473,AGT007,2026-06-10,74
WL0012775,TKT010474,AGT016,2026-06-10,42
WL0012776,TKT010475,AGT014,2026-06-10,97
WL0012777,TKT010476,AGT003,2026-06-10,12
WL0012778,TKT010476,AGT004,2026-06-10,20
WL0012779,TKT010477,AGT013,2026-06-10,92
WL0012780,TKT010477,AGT015,2026-06-10,51
WL0012781,TKT010478,AGT012,2026-06-10,48
WL0012782,TKT010479,AGT002,2026-06-10,115
WL0012783,TKT010480,AGT006,2026-06-10,73
WL0012784,TKT010481,AGT013,2026-06-10,31
WL0012785,TKT010481,AGT017,2026-06-10,56
WL0012786,TKT010482,AGT014,2026-06-10,46
WL0012787,TKT010482,AGT018,2026-06-10,25
WL0012788,TKT010483,AGT008,2026-06-10,159
WL0012789,TKT010484,AGT015,2026-06-10,43
WL0012790,TKT010484,AGT018,2026-06-10,78
WL0012791,TKT010485,AGT014,2026-06-10,27
WL0012792,TKT010485,AGT015,2026-06-10,15
WL0012793,TKT010486,AGT015,2026-06-10,40
WL0012794,TKT010487,AGT007,2026-06-10,70
WL0012795,TKT010488,AGT006,2026-06-10,49
WL0012796,TKT010489,AGT014,2026-06-10,66
WL0012797,TKT010489,AGT016,2026-06-10,36
WL0012798,TKT010490,AGT003,2026-06-10,73
WL0012799,TKT010491,AGT015,2026-06-10,48
WL0012800,TKT010492,AGT001,2026-06-10,44
WL0012801,TKT010493,AGT001,2026-06-10,28
WL0012802,TKT010493,AGT005,2026-06-10,52
WL0012803,TKT010494,AGT010,2026-06-10,176
WL0012804,TKT010495,AGT011,2026-06-10,71
WL0012805,TKT010496,AGT012,2026-06-10,43
WL0012806,TKT010497,AGT012,2026-06-10,162
WL0012807,TKT010498,AGT001,2026-06-10,53
WL0012808,TKT010499,AGT018,2026-06-10,19
WL0012811,TKT010501,AGT017,2026-06-10,42
WL0012812,TKT010502,AGT017,2026-06-10,77
WL0012813,TKT010503,AGT006,2026-06-10,93
WL0012814,TKT010504,AGT006,2026-06-10,71
WL0012815,TKT010505,AGT008,2026-06-10,50
WL0012816,TKT010506,AGT002,2026-06-10,53
WL0012817,TKT010507,AGT014,2026-06-10,58
WL0012818,TKT010507,AGT016,2026-06-10,32
WL0012819,TKT010508,AGT002,2026-06-11,59
WL0012820,TKT010509,AGT007,2026-06-11,67
WL0012821,TKT010510,AGT014,2026-06-11,30
WL0012822,TKT010511,AGT018,2026-06-11,77
WL0012823,TKT010512,AGT002,2026-06-11,51
WL0012824,TKT010513,AGT008,2026-06-11,81
WL0012825,TKT010514,AGT011,2026-06-11,228
WL0012826,TKT010515,AGT011,2026-06-11,49
WL0012827,TKT010516,AGT015,2026-06-11,51
WL0012828,TKT010517,AGT003,2026-06-11,32
WL0012829,TKT010517,AGT005,2026-06-11,57
WL0012830,TKT010518,AGT008,2026-06-11,79
WL0012831,TKT010519,AGT004,2026-06-11,36
WL0012832,TKT010519,AGT005,2026-06-11,65
WL0012833,TKT010520,AGT012,2026-06-11,56
WL0012834,TKT010521,AGT003,2026-06-11,25
WL0012835,TKT010522,AGT007,2026-06-11,161
WL0012836,TKT010522,AGT012,2026-06-11,88
WL0012837,TKT010523,AGT001,2026-06-11,149
WL0012838,TKT010524,AGT009,2026-06-11,44
WL0012839,TKT010525,AGT010,2026-06-11,79
WL0012840,TKT010526,AGT015,2026-06-11,101
WL0012841,TKT010527,AGT001,2026-06-11,48
WL0012842,TKT010528,AGT002,2026-06-11,101
WL0012843,TKT010529,AGT001,2026-06-11,102
WL0012844,TKT010530,AGT001,2026-06-11,107
WL0012845,TKT010531,AGT001,2026-06-11,44
WL0012846,TKT010531,AGT004,2026-06-11,8
WL0012847,TKT010532,AGT018,2026-06-11,67
WL0012848,TKT010533,AGT002,2026-06-11,61
WL0012849,TKT010534,AGT015,2026-06-11,59
WL0012850,TKT010535,AGT016,2026-06-11,99
WL0012851,TKT010536,AGT013,2026-06-11,47
WL0012852,TKT010536,AGT014,2026-06-11,26
WL0012853,TKT010537,AGT004,2026-06-11,37
WL0012854,TKT010538,AGT013,2026-06-11,27
WL0012856,TKT010540,AGT016,2026-06-11,58
WL0012857,TKT010541,AGT018,2026-06-11,69
WL0012858,TKT010542,AGT014,2026-06-11,70
WL0012859,TKT010543,AGT010,2026-06-11,54
WL0012860,TKT010544,AGT007,2026-06-11,54
WL0012861,TKT010544,AGT010,2026-06-11,99
WL0012862,TKT010545,AGT018,2026-06-11,59
WL0012863,TKT010546,AGT002,2026-06-11,57
WL0012864,TKT010547,AGT016,2026-06-11,37
WL0012865,TKT010548,AGT011,2026-06-11,90
WL0012866,TKT010549,AGT007,2026-06-11,134
WL0012867,TKT010550,AGT012,2026-06-11,103
WL0012868,TKT010551,AGT014,2026-06-11,17
WL0012869,TKT010551,AGT015,2026-06-11,29
WL0012870,TKT010552,AGT001,2026-06-12,70
WL0012871,TKT010552,AGT006,2026-06-12,38
WL0012872,TKT010553,AGT013,2026-06-12,31
WL0012873,TKT010553,AGT016,2026-06-12,56
WL0012874,TKT010554,AGT014,2026-06-12,34
WL0012875,TKT010555,AGT010,2026-06-12,81
WL0012876,TKT010556,AGT007,2026-06-12,35
WL0012877,TKT010556,AGT012,2026-06-12,64
WL0012878,TKT010557,AGT003,2026-06-12,56
WL0012879,TKT010557,AGT004,2026-06-12,102
WL0012880,TKT010558,AGT010,2026-06-12,42
WL0012881,TKT010559,AGT003,2026-06-12,46
WL0012882,TKT010560,AGT006,2026-06-12,41
WL0012883,TKT010561,AGT015,2026-06-12,28
WL0012884,TKT010562,AGT010,2026-06-12,48
WL0012885,TKT010563,AGT011,2026-06-12,45
WL0012886,TKT010563,AGT012,2026-06-12,25
WL0012887,TKT010564,AGT011,2026-06-12,105
WL0012888,TKT010564,AGT012,2026-06-12,57
WL0012889,TKT010565,AGT011,2026-06-12,44
WL0012890,TKT010566,AGT014,2026-06-12,185
WL0012891,TKT010567,AGT008,2026-06-12,90
WL0012892,TKT010568,AGT010,2026-06-12,80
WL0012893,TKT010568,AGT011,2026-06-12,44
WL0012894,TKT010569,AGT018,2026-06-12,58
WL0012895,TKT010570,AGT008,2026-06-12,34
WL0012896,TKT010570,AGT010,2026-06-12,229
WL0012897,TKT010571,AGT003,2026-06-12,43
WL0012898,TKT010572,AGT013,2026-06-12,74
WL0012899,TKT010573,AGT004,2026-06-12,75
WL0012900,TKT010574,AGT014,2026-06-12,38
WL0012901,TKT010575,AGT014,2026-06-12,38
WL0012902,TKT010576,AGT015,2026-06-12,132
WL0012903,TKT010577,AGT011,2026-06-12,119
WL0012904,TKT010578,AGT004,2026-06-12,58
WL0012905,TKT010579,AGT017,2026-06-12,14
WL0012906,TKT010579,AGT018,2026-06-12,24
WL0012907,TKT010580,AGT003,2026-06-12,57
WL0012908,TKT010581,AGT018,2026-06-12,28
WL0012909,TKT010582,AGT017,2026-06-12,121
WL0012910,TKT010583,AGT004,2026-06-13,34
WL0012911,TKT010584,AGT004,2026-06-13,36
WL0012912,TKT010585,AGT004,2026-06-13,174
WL0012913,TKT010586,AGT015,2026-06-13,51
WL0012914,TKT010587,AGT002,2026-06-13,60
WL0012915,TKT010588,AGT018,2026-06-13,26
WL0012916,TKT010589,AGT004,2026-06-13,50
WL0012917,TKT010590,AGT011,2026-06-13,74
WL0012918,TKT010591,AGT014,2026-06-13,108
WL0012919,TKT010592,AGT015,2026-06-13,24
WL0012920,TKT010593,AGT015,2026-06-13,19
WL0012921,TKT010594,AGT014,2026-06-13,97
WL0012922,TKT010594,AGT015,2026-06-13,53
WL0012923,TKT010595,AGT007,2026-06-13,102
WL0012924,TKT010595,AGT008,2026-06-13,55
WL0012925,TKT010596,AGT004,2026-06-13,42
WL0012926,TKT010597,AGT018,2026-06-13,129
WL0012927,TKT010598,AGT007,2026-06-13,32
WL0012928,TKT010598,AGT008,2026-06-13,57
WL0012929,TKT010599,AGT004,2026-06-13,55
WL0012930,TKT010600,AGT004,2026-06-13,39
WL0012931,TKT010601,AGT004,2026-06-13,39
WL0012932,TKT010602,AGT002,2026-06-13,99
WL0012933,TKT010603,AGT011,2026-06-13,93
WL0012934,TKT010604,AGT007,2026-06-13,47
WL0012935,TKT010605,AGT018,2026-06-13,57
WL0012936,TKT010606,AGT018,2026-06-13,35
WL0012937,TKT010607,AGT002,2026-06-13,11
WL0012938,TKT010607,AGT004,2026-06-13,41
WL0012939,TKT010608,AGT007,2026-06-13,86
WL0012940,TKT010609,AGT007,2026-06-14,64
WL0012941,TKT010610,AGT011,2026-06-14,29
WL0012942,TKT010611,AGT018,2026-06-14,50
WL0012943,TKT010612,AGT011,2026-06-14,96
WL0012944,TKT010613,AGT007,2026-06-14,85
WL0012945,TKT010613,AGT008,2026-06-14,47
WL0012946,TKT010614,AGT011,2026-06-14,66
WL0012947,TKT010615,AGT018,2026-06-14,78
WL0012948,TKT010616,AGT014,2026-06-14,35
WL0012949,TKT010617,AGT018,2026-06-14,55
WL0012950,TKT010618,AGT014,2026-06-14,24
WL0012952,TKT010620,AGT012,2026-06-14,152
WL0012953,TKT010621,AGT008,2026-06-14,198
WL0012954,TKT010622,AGT011,2026-06-14,26
WL0012955,TKT010623,AGT018,2026-06-14,108
WL0012956,TKT010624,AGT007,2026-06-14,218
WL0012957,TKT010624,AGT011,2026-06-14,58
WL0012958,TKT010625,AGT014,2026-06-14,46
WL0012959,TKT010626,AGT014,2026-06-14,72
WL0012960,TKT010627,AGT014,2026-06-14,92
WL0012961,TKT010628,AGT014,2026-06-14,92
WL0012962,TKT010629,AGT018,2026-06-14,38
WL0012963,TKT010630,AGT018,2026-06-14,23
WL0012964,TKT010631,AGT014,2026-06-14,34
WL0012965,TKT010632,AGT012,2026-06-14,99
WL0012966,TKT010633,AGT008,2026-06-14,71
WL0012967,TKT010633,AGT012,2026-06-14,39
WL0012968,TKT010634,AGT008,2026-06-14,164
WL0012969,TKT010634,AGT011,2026-06-14,11
WL0012970,TKT010635,AGT012,2026-06-14,38
WL0012971,TKT010636,AGT014,2026-06-14,60
WL0012972,TKT010636,AGT018,2026-06-14,128
WL0012973,TKT010637,AGT006,2026-06-15,23
WL0012974,TKT010638,AGT013,2026-06-15,53
WL0012975,TKT010639,AGT003,2026-06-15,137
WL0012976,TKT010640,AGT001,2026-06-15,24
WL0012977,TKT010640,AGT004,2026-06-15,43
WL0012978,TKT010641,AGT017,2026-06-15,76
WL0012979,TKT010642,AGT011,2026-06-15,75
WL0012980,TKT010643,AGT003,2026-06-15,16
WL0012981,TKT010643,AGT005,2026-06-15,9
WL0012982,TKT010644,AGT018,2026-06-15,52
WL0012983,TKT010645,AGT018,2026-06-15,48
WL0012984,TKT010646,AGT008,2026-06-15,34
WL0012985,TKT010646,AGT011,2026-06-15,61
WL0012986,TKT010647,AGT012,2026-06-15,178
WL0012987,TKT010648,AGT013,2026-06-15,137
WL0012988,TKT010649,AGT009,2026-06-15,91
WL0012989,TKT010649,AGT010,2026-06-15,49
WL0012990,TKT010650,AGT007,2026-06-15,95
WL0012991,TKT010651,AGT003,2026-06-15,44
WL0012992,TKT010651,AGT006,2026-06-15,80
WL0012993,TKT010652,AGT015,2026-06-15,75
WL0012994,TKT010653,AGT009,2026-06-15,99
WL0012995,TKT010653,AGT011,2026-06-15,54
WL0012996,TKT010654,AGT001,2026-06-15,43
WL0012997,TKT010655,AGT010,2026-06-15,182
WL0012998,TKT010656,AGT005,2026-06-15,63
WL0012999,TKT010657,AGT005,2026-06-15,35
WL0013000,TKT010658,AGT015,2026-06-15,46
WL0013001,TKT010658,AGT016,2026-06-15,25
WL0013002,TKT010659,AGT003,2026-06-15,78
WL0013003,TKT010660,AGT013,2026-06-15,77
WL0013004,TKT010661,AGT017,2026-06-15,117
WL0013005,TKT010662,AGT001,2026-06-15,32
WL0013006,TKT010663,AGT013,2026-06-15,35
WL0013007,TKT010664,AGT008,2026-06-15,29
WL0013008,TKT010664,AGT010,2026-06-15,52
WL0013009,TKT010665,AGT001,2026-06-15,27
WL0013010,TKT010665,AGT003,2026-06-15,15
WL0013011,TKT010666,AGT004,2026-06-15,23
WL0013012,TKT010667,AGT007,2026-06-15,91
WL0013013,TKT010667,AGT011,2026-06-15,50
WL0013014,TKT010668,AGT006,2026-06-15,33
WL0013015,TKT010669,AGT007,2026-06-15,143
WL0013016,TKT010670,AGT012,2026-06-15,94
WL0013017,TKT010671,AGT015,2026-06-15,79
WL0013018,TKT010672,AGT007,2026-06-15,33
WL0013019,TKT010672,AGT011,2026-06-15,18
WL0013020,TKT010673,AGT015,2026-06-15,47
WL0013021,TKT010674,AGT009,2026-06-16,49
WL0013022,TKT010675,AGT005,2026-06-16,154
WL0013023,TKT010676,AGT002,2026-06-16,38
WL0013024,TKT010677,AGT017,2026-06-16,136
WL0013025,TKT010678,AGT008,2026-06-16,91
WL0013026,TKT010678,AGT009,2026-06-16,50
WL0013027,TKT010679,AGT013,2026-06-16,19
WL0013028,TKT010680,AGT002,2026-06-16,78
WL0013029,TKT010681,AGT009,2026-06-16,118
WL0013030,TKT010682,AGT014,2026-06-16,94
WL0013031,TKT010683,AGT003,2026-06-16,158
WL0013032,TKT010684,AGT011,2026-06-16,78
WL0013033,TKT010685,AGT013,2026-06-16,87
WL0013034,TKT010685,AGT017,2026-06-16,48
WL0013035,TKT010686,AGT003,2026-06-16,48
WL0013036,TKT010687,AGT009,2026-06-16,148
WL0013037,TKT010688,AGT014,2026-06-16,42
WL0013038,TKT010689,AGT010,2026-06-16,45
WL0013039,TKT010690,AGT002,2026-06-16,48
WL0013040,TKT010691,AGT010,2026-06-16,47
WL0013041,TKT010692,AGT017,2026-06-16,124
WL0013042,TKT010693,AGT014,2026-06-16,60
WL0013043,TKT010694,AGT010,2026-06-16,132
WL0013044,TKT010695,AGT011,2026-06-16,65
WL0013045,TKT010696,AGT002,2026-06-16,56
WL0013046,TKT010697,AGT011,2026-06-16,108
WL0013047,TKT010698,AGT005,2026-06-16,42
WL0013048,TKT010699,AGT015,2026-06-16,51
WL0013049,TKT010700,AGT001,2026-06-16,127
WL0013050,TKT010701,AGT002,2026-06-16,71
WL0013051,TKT010702,AGT003,2026-06-16,109
WL0013052,TKT010703,AGT012,2026-06-16,72
WL0013053,TKT010704,AGT018,2026-06-16,147
WL0013054,TKT010705,AGT003,2026-06-16,88
WL0013055,TKT010706,AGT005,2026-06-16,82
WL0013056,TKT010707,AGT001,2026-06-16,177
WL0013057,TKT010707,AGT003,2026-06-16,77
WL0013058,TKT010708,AGT008,2026-06-16,85
WL0013059,TKT010708,AGT010,2026-06-16,47
WL0013060,TKT010709,AGT001,2026-06-16,70
WL0013061,TKT010709,AGT005,2026-06-16,38
WL0013062,TKT010710,AGT001,2026-06-16,86
WL0013063,TKT010711,AGT002,2026-06-16,52
WL0013064,TKT010712,AGT007,2026-06-16,101
WL0013065,TKT010713,AGT013,2026-06-16,37
WL0013066,TKT010714,AGT008,2026-06-16,135
WL0013067,TKT010715,AGT008,2026-06-16,24
WL0013068,TKT010716,AGT002,2026-06-17,79
WL0013069,TKT010717,AGT001,2026-06-17,39
WL0013070,TKT010718,AGT010,2026-06-17,89
WL0013071,TKT010719,AGT018,2026-06-17,60
WL0013072,TKT010720,AGT017,2026-06-17,74
WL0013073,TKT010721,AGT016,2026-06-17,176
WL0013074,TKT010722,AGT010,2026-06-17,116
WL0013075,TKT010722,AGT011,2026-06-17,63
WL0013076,TKT010723,AGT002,2026-06-17,45
WL0013077,TKT010724,AGT004,2026-06-17,22
WL0013078,TKT010725,AGT004,2026-06-17,50
WL0013079,TKT010726,AGT014,2026-06-17,96
WL0013080,TKT010726,AGT017,2026-06-17,53
WL0013081,TKT010727,AGT004,2026-06-17,113
WL0013082,TKT010728,AGT013,2026-06-17,39
WL0013083,TKT010729,AGT017,2026-06-17,32
WL0013084,TKT010730,AGT001,2026-06-17,58
WL0013085,TKT010731,AGT005,2026-06-17,19
WL0013086,TKT010732,AGT015,2026-06-17,15
WL0013087,TKT010733,AGT002,2026-06-17,26
WL0013088,TKT010734,AGT013,2026-06-17,75
WL0013089,TKT010735,AGT008,2026-06-17,276
WL0013090,TKT010736,AGT009,2026-06-17,150
WL0013091,TKT010737,AGT017,2026-06-17,65
WL0013092,TKT010738,AGT008,2026-06-17,91
WL0013093,TKT010738,AGT011,2026-06-17,50
WL0013094,TKT010739,AGT002,2026-06-17,52
WL0013095,TKT010740,AGT011,2026-06-17,143
WL0013096,TKT010741,AGT010,2026-06-17,110
WL0013097,TKT010742,AGT001,2026-06-17,47
WL0013098,TKT010743,AGT005,2026-06-17,19
WL0013099,TKT010744,AGT005,2026-06-17,68
WL0013100,TKT010745,AGT001,2026-06-17,59
WL0013101,TKT010746,AGT002,2026-06-17,36
WL0013102,TKT010747,AGT018,2026-06-17,45
WL0013103,TKT010748,AGT004,2026-06-17,55
WL0013104,TKT010749,AGT015,2026-06-17,44
WL0013105,TKT010749,AGT018,2026-06-17,79
WL0013106,TKT010750,AGT014,2026-06-17,16
WL0013107,TKT010750,AGT015,2026-06-17,10
WL0013108,TKT010751,AGT014,2026-06-17,41
WL0013109,TKT010751,AGT015,2026-06-17,23
WL0013110,TKT010752,AGT005,2026-06-17,105
WL0013111,TKT010753,AGT009,2026-06-17,50
WL0013112,TKT010754,AGT008,2026-06-17,41
WL0013113,TKT010754,AGT011,2026-06-17,23
WL0013114,TKT010755,AGT017,2026-06-17,58
WL0013115,TKT010756,AGT010,2026-06-17,63
WL0013116,TKT010757,AGT015,2026-06-17,62
WL0013117,TKT010758,AGT016,2026-06-17,7
WL0013118,TKT010758,AGT017,2026-06-17,13
WL0013119,TKT010759,AGT003,2026-06-17,35
WL0013120,TKT010760,AGT012,2026-06-17,133
WL0013121,TKT010761,AGT001,2026-06-17,19
WL0013122,TKT010762,AGT007,2026-06-17,72
WL0013123,TKT010763,AGT014,2026-06-18,61
WL0013124,TKT010764,AGT002,2026-06-18,42
WL0013125,TKT010765,AGT002,2026-06-18,14
WL0013126,TKT010766,AGT002,2026-06-18,25
WL0013127,TKT010766,AGT004,2026-06-18,14
WL0013128,TKT010767,AGT011,2026-06-18,55
WL0013129,TKT010768,AGT002,2026-06-18,46
WL0013130,TKT010769,AGT015,2026-06-18,49
WL0013131,TKT010770,AGT006,2026-06-18,39
WL0013132,TKT010771,AGT013,2026-06-18,109
WL0013133,TKT010771,AGT014,2026-06-18,60
WL0013134,TKT010772,AGT013,2026-06-18,76
WL0013135,TKT010772,AGT014,2026-06-18,41
WL0013136,TKT010773,AGT016,2026-06-18,44
WL0013137,TKT010774,AGT008,2026-06-18,80
WL0013138,TKT010775,AGT013,2026-06-18,62
WL0013139,TKT010776,AGT009,2026-06-18,37
WL0013140,TKT010777,AGT002,2026-06-18,42
WL0013141,TKT010778,AGT014,2026-06-18,49
WL0013142,TKT010779,AGT001,2026-06-18,34
WL0013143,TKT010780,AGT015,2026-06-18,73
WL0013144,TKT010781,AGT004,2026-06-18,36
WL0013145,TKT010782,AGT001,2026-06-18,38
WL0013146,TKT010783,AGT014,2026-06-18,40
WL0013147,TKT010784,AGT011,2026-06-18,211
WL0013148,TKT010785,AGT015,2026-06-18,58
WL0013149,TKT010786,AGT004,2026-06-18,125
WL0013150,TKT010787,AGT004,2026-06-18,77
WL0013151,TKT010788,AGT016,2026-06-18,37
WL0013152,TKT010789,AGT002,2026-06-18,48
WL0013153,TKT010790,AGT013,2026-06-18,133
WL0013154,TKT010791,AGT004,2026-06-18,112
WL0013155,TKT010792,AGT013,2026-06-18,70
WL0013156,TKT010792,AGT018,2026-06-18,50
WL0013157,TKT010793,AGT002,2026-06-18,117
WL0013158,TKT010794,AGT009,2026-06-18,128
WL0013159,TKT010795,AGT014,2026-06-18,33
WL0013160,TKT010796,AGT004,2026-06-18,12
WL0013161,TKT010796,AGT006,2026-06-18,21
WL0013162,TKT010797,AGT006,2026-06-18,153
WL0013163,TKT010798,AGT016,2026-06-18,35
WL0013165,TKT010800,AGT008,2026-06-18,99
WL0013166,TKT010801,AGT012,2026-06-18,80
WL0013167,TKT010802,AGT009,2026-06-18,179
WL0013168,TKT010803,AGT016,2026-06-18,79
WL0013169,TKT010804,AGT001,2026-06-18,100
WL0013170,TKT010805,AGT012,2026-06-19,94
WL0013171,TKT010806,AGT015,2026-06-19,74
WL0013172,TKT010807,AGT013,2026-06-19,85
WL0013173,TKT010808,AGT018,2026-06-19,71
WL0013174,TKT010809,AGT004,2026-06-19,122
WL0013175,TKT010810,AGT011,2026-06-19,122
WL0013176,TKT010811,AGT004,2026-06-19,24
WL0013177,TKT010812,AGT010,2026-06-19,30
WL0013178,TKT010812,AGT011,2026-06-19,54
WL0013179,TKT010813,AGT012,2026-06-19,91
WL0013180,TKT010814,AGT018,2026-06-19,53
WL0013181,TKT010815,AGT018,2026-06-19,80
WL0013182,TKT010816,AGT008,2026-06-19,162
WL0013183,TKT010817,AGT014,2026-06-19,43
WL0013184,TKT010818,AGT016,2026-06-19,78
WL0013185,TKT010819,AGT007,2026-06-19,45
WL0013186,TKT010819,AGT012,2026-06-19,25
WL0013187,TKT010820,AGT002,2026-06-19,86
WL0013188,TKT010821,AGT001,2026-06-19,90
WL0013189,TKT010822,AGT015,2026-06-19,135
WL0013190,TKT010823,AGT018,2026-06-19,68
WL0013191,TKT010824,AGT015,2026-06-19,30
WL0013192,TKT010824,AGT016,2026-06-19,17
WL0013193,TKT010825,AGT018,2026-06-19,29
WL0013194,TKT010826,AGT003,2026-06-19,178
WL0013195,TKT010827,AGT010,2026-06-19,93
WL0013196,TKT010828,AGT004,2026-06-19,27
WL0013197,TKT010829,AGT008,2026-06-19,76
WL0013198,TKT010830,AGT006,2026-06-19,37
WL0013199,TKT010831,AGT003,2026-06-19,25
WL0013200,TKT010831,AGT006,2026-06-19,14
WL0013201,TKT010832,AGT012,2026-06-19,133
WL0013202,TKT010833,AGT013,2026-06-19,59
WL0013203,TKT010834,AGT016,2026-06-19,70
WL0013204,TKT010835,AGT006,2026-06-19,27
WL0013205,TKT010836,AGT016,2026-06-19,88
WL0013206,TKT010837,AGT006,2026-06-19,41
WL0013207,TKT010838,AGT014,2026-06-19,38
WL0013208,TKT010839,AGT009,2026-06-19,197
WL0013209,TKT010840,AGT001,2026-06-19,40
WL0013210,TKT010841,AGT011,2026-06-19,104
WL0013211,TKT010842,AGT018,2026-06-19,60
WL0013212,TKT010843,AGT012,2026-06-19,94
WL0013213,TKT010844,AGT011,2026-06-19,106
WL0013214,TKT010845,AGT016,2026-06-19,50
WL0013215,TKT010846,AGT018,2026-06-19,94
WL0013216,TKT010847,AGT004,2026-06-19,50
WL0013217,TKT010848,AGT015,2026-06-19,43
WL0013218,TKT010849,AGT004,2026-06-19,23
WL0013219,TKT010850,AGT016,2026-06-19,21
WL0013220,TKT010851,AGT001,2026-06-19,40
WL0013221,TKT010852,AGT001,2026-06-19,54
WL0013222,TKT010853,AGT003,2026-06-20,31
WL0013223,TKT010853,AGT004,2026-06-20,18
WL0013224,TKT010854,AGT014,2026-06-20,24
WL0013225,TKT010855,AGT007,2026-06-20,61
WL0013226,TKT010856,AGT016,2026-06-20,20
WL0013227,TKT010856,AGT017,2026-06-20,36
WL0013228,TKT010857,AGT013,2026-06-20,106
WL0013229,TKT010858,AGT003,2026-06-20,73
WL0013230,TKT010859,AGT005,2026-06-20,108
WL0013231,TKT010860,AGT006,2026-06-20,59
WL0013232,TKT010861,AGT007,2026-06-20,50
WL0013233,TKT010861,AGT010,2026-06-20,91
WL0013234,TKT010862,AGT006,2026-06-20,26
WL0013235,TKT010863,AGT003,2026-06-20,33
WL0013236,TKT010864,AGT008,2026-06-20,70
WL0013237,TKT010865,AGT008,2026-06-20,232
WL0013238,TKT010866,AGT010,2026-06-20,105
WL0013239,TKT010867,AGT014,2026-06-20,25
WL0013240,TKT010868,AGT017,2026-06-20,165
WL0013241,TKT010869,AGT007,2026-06-20,123
WL0013242,TKT010869,AGT010,2026-06-20,67
WL0013243,TKT010870,AGT008,2026-06-20,101
WL0013244,TKT010871,AGT003,2026-06-20,228
WL0013245,TKT010872,AGT005,2026-06-20,30
WL0013246,TKT010873,AGT014,2026-06-20,57
WL0013247,TKT010874,AGT014,2026-06-20,83
WL0013248,TKT010875,AGT015,2026-06-20,68
WL0013249,TKT010876,AGT018,2026-06-20,76
WL0013250,TKT010877,AGT018,2026-06-20,75
WL0013251,TKT010878,AGT014,2026-06-20,44
WL0013252,TKT010878,AGT016,2026-06-20,25
WL0013253,TKT010879,AGT006,2026-06-20,26
WL0013254,TKT010880,AGT008,2026-06-21,222
WL0013255,TKT010881,AGT002,2026-06-21,49
WL0013256,TKT010881,AGT004,2026-06-21,27
WL0013257,TKT010882,AGT002,2026-06-21,53
WL0013258,TKT010883,AGT008,2026-06-21,127
WL0013259,TKT010884,AGT011,2026-06-21,45
WL0013260,TKT010885,AGT016,2026-06-21,121
WL0013261,TKT010886,AGT013,2026-06-21,41
WL0013262,TKT010887,AGT004,2026-06-21,126
WL0013263,TKT010888,AGT002,2026-06-21,37
WL0013264,TKT010889,AGT013,2026-06-21,85
WL0013265,TKT010890,AGT002,2026-06-21,55
WL0013266,TKT010891,AGT009,2026-06-21,53
WL0013267,TKT010892,AGT002,2026-06-21,91
WL0013268,TKT010893,AGT007,2026-06-21,30
WL0013269,TKT010893,AGT009,2026-06-21,53
WL0013270,TKT010894,AGT008,2026-06-21,99
WL0013271,TKT010895,AGT007,2026-06-21,103
WL0013272,TKT010896,AGT011,2026-06-21,51
WL0013273,TKT010897,AGT009,2026-06-22,159
WL0013274,TKT010898,AGT006,2026-06-22,90
WL0013275,TKT010899,AGT013,2026-06-22,121
WL0013276,TKT010900,AGT014,2026-06-22,60
WL0013277,TKT010901,AGT011,2026-06-22,81
WL0013278,TKT010902,AGT002,2026-06-22,160
WL0013279,TKT010903,AGT017,2026-06-22,59
WL0013280,TKT010904,AGT017,2026-06-22,105
WL0013281,TKT010905,AGT014,2026-06-22,68
WL0013282,TKT010905,AGT017,2026-06-22,38
WL0013283,TKT010906,AGT013,2026-06-22,59
WL0013284,TKT010907,AGT013,2026-06-22,31
WL0013285,TKT010908,AGT018,2026-06-22,37
WL0013286,TKT010909,AGT015,2026-06-22,44
WL0013287,TKT010910,AGT015,2026-06-22,32
WL0013288,TKT010911,AGT003,2026-06-22,179
WL0013289,TKT010912,AGT001,2026-06-22,177
WL0013290,TKT010913,AGT018,2026-06-22,28
WL0013291,TKT010914,AGT007,2026-06-22,45
WL0013292,TKT010915,AGT008,2026-06-22,161
WL0013293,TKT010916,AGT013,2026-06-22,45
WL0013294,TKT010917,AGT013,2026-06-22,40
WL0013295,TKT010917,AGT015,2026-06-22,23
WL0013296,TKT010918,AGT008,2026-06-22,132
WL0013297,TKT010918,AGT012,2026-06-22,244
WL0013298,TKT010919,AGT011,2026-06-22,66
WL0013299,TKT010920,AGT012,2026-06-22,103
WL0013300,TKT010921,AGT013,2026-06-22,107
WL0013301,TKT010922,AGT003,2026-06-22,98
WL0013302,TKT010923,AGT014,2026-06-22,158
WL0013303,TKT010923,AGT015,2026-06-22,86
WL0013304,TKT010924,AGT006,2026-06-22,34
WL0013305,TKT010925,AGT014,2026-06-22,58
WL0013306,TKT010926,AGT013,2026-06-22,9
WL0013307,TKT010926,AGT018,2026-06-22,16
WL0013308,TKT010927,AGT017,2026-06-22,22
WL0013309,TKT010928,AGT010,2026-06-22,157
WL0013310,TKT010929,AGT014,2026-06-22,37
WL0013311,TKT010930,AGT008,2026-06-22,89
WL0013312,TKT010931,AGT008,2026-06-22,20
WL0013313,TKT010931,AGT011,2026-06-22,35
WL0013314,TKT010932,AGT017,2026-06-22,143
WL0013315,TKT010933,AGT010,2026-06-22,113
WL0013316,TKT010934,AGT007,2026-06-22,63
WL0013317,TKT010935,AGT007,2026-06-22,55
WL0013318,TKT010936,AGT014,2026-06-22,57
WL0013319,TKT010937,AGT004,2026-06-22,110
WL0013320,TKT010938,AGT009,2026-06-22,51
WL0013321,TKT010939,AGT004,2026-06-22,80
WL0013322,TKT010940,AGT017,2026-06-23,52
WL0013323,TKT010941,AGT015,2026-06-23,167
WL0013324,TKT010942,AGT005,2026-06-23,31
WL0013325,TKT010943,AGT016,2026-06-23,132
WL0013326,TKT010944,AGT014,2026-06-23,27
WL0013327,TKT010945,AGT004,2026-06-23,22
WL0013328,TKT010946,AGT011,2026-06-23,193
WL0013329,TKT010947,AGT010,2026-06-23,66
WL0013330,TKT010947,AGT011,2026-06-23,121
WL0013331,TKT010948,AGT018,2026-06-23,97
WL0013332,TKT010949,AGT011,2026-06-23,64
WL0013333,TKT010950,AGT015,2026-06-23,91
WL0013334,TKT010951,AGT015,2026-06-23,50
WL0013335,TKT010952,AGT015,2026-06-23,48
WL0013336,TKT010953,AGT013,2026-06-23,45
WL0013337,TKT010954,AGT008,2026-06-23,115
WL0013338,TKT010955,AGT005,2026-06-23,44
WL0013339,TKT010956,AGT004,2026-06-23,33
WL0013340,TKT010957,AGT010,2026-06-23,34
WL0013341,TKT010958,AGT016,2026-06-23,105
WL0013342,TKT010959,AGT009,2026-06-23,34
WL0013343,TKT010959,AGT011,2026-06-23,72
WL0013344,TKT010960,AGT017,2026-06-23,34
WL0013345,TKT010961,AGT001,2026-06-23,39
WL0013346,TKT010962,AGT018,2026-06-23,75
WL0013347,TKT010963,AGT001,2026-06-23,86
WL0013348,TKT010964,AGT009,2026-06-23,118
WL0013349,TKT010965,AGT008,2026-06-23,104
WL0013350,TKT010966,AGT018,2026-06-23,104
WL0013351,TKT010967,AGT002,2026-06-23,72
WL0013352,TKT010968,AGT004,2026-06-23,30
WL0013353,TKT010969,AGT007,2026-06-23,19
WL0013354,TKT010970,AGT008,2026-06-23,47
WL0013355,TKT010971,AGT001,2026-06-23,43
WL0013356,TKT010972,AGT004,2026-06-23,25
WL0013357,TKT010973,AGT006,2026-06-23,111
WL0013358,TKT010974,AGT010,2026-06-23,104
WL0013359,TKT010975,AGT009,2026-06-23,55
WL0013360,TKT010976,AGT005,2026-06-23,79
WL0013361,TKT010977,AGT002,2026-06-23,28
WL0013362,TKT010977,AGT006,2026-06-23,52
WL0013363,TKT010978,AGT018,2026-06-23,118
WL0013365,TKT010980,AGT013,2026-06-23,50
WL0013366,TKT010981,AGT010,2026-06-23,76
WL0013367,TKT010982,AGT007,2026-06-23,44
WL0013368,TKT010983,AGT017,2026-06-23,65
WL0013369,TKT010983,AGT018,2026-06-23,35
WL0013370,TKT010984,AGT016,2026-06-23,47
WL0013371,TKT010985,AGT008,2026-06-23,91
WL0013372,TKT010985,AGT010,2026-06-23,200
WL0013373,TKT010986,AGT008,2026-06-23,123
WL0013374,TKT010986,AGT009,2026-06-23,114
WL0013375,TKT010987,AGT009,2026-06-23,71
WL0013376,TKT010988,AGT001,2026-06-23,113
WL0013377,TKT010989,AGT004,2026-06-23,39
WL0013378,TKT010990,AGT007,2026-06-23,20
WL0013379,TKT010991,AGT007,2026-06-23,159
WL0013380,TKT010992,AGT007,2026-06-23,17
WL0013381,TKT010993,AGT016,2026-06-23,132
WL0013382,TKT010994,AGT016,2026-06-23,17
WL0013383,TKT010994,AGT017,2026-06-23,31
WL0013384,TKT010995,AGT014,2026-06-23,19
WL0013385,TKT010996,AGT014,2026-06-23,63
WL0013386,TKT010996,AGT018,2026-06-23,51
WL0013387,TKT010997,AGT007,2026-06-23,124
WL0013388,TKT010997,AGT009,2026-06-23,67
WL0013389,TKT010998,AGT002,2026-06-23,73
WL0013390,TKT010999,AGT014,2026-06-23,23
WL0013391,TKT011000,AGT003,2026-06-23,93
WL0013392,TKT011001,AGT007,2026-06-23,54
WL0013393,TKT011002,AGT013,2026-06-24,44
WL0013394,TKT011003,AGT005,2026-06-24,104
WL0013395,TKT011004,AGT009,2026-06-24,48
WL0013396,TKT011005,AGT006,2026-06-24,28
WL0013397,TKT011006,AGT003,2026-06-24,46
WL0013398,TKT011007,AGT010,2026-06-24,49
WL0013399,TKT011008,AGT015,2026-06-24,63
WL0013400,TKT011009,AGT013,2026-06-24,33
WL0013401,TKT011009,AGT015,2026-06-24,19
WL0013402,TKT011010,AGT013,2026-06-24,58
WL0013403,TKT011011,AGT012,2026-06-24,62
WL0013404,TKT011012,AGT007,2026-06-24,184
WL0013405,TKT011013,AGT011,2026-06-24,191
WL0013406,TKT011014,AGT012,2026-06-24,56
WL0013407,TKT011015,AGT016,2026-06-24,38
WL0013408,TKT011016,AGT012,2026-06-24,100
WL0013409,TKT011017,AGT007,2026-06-24,64
WL0013410,TKT011017,AGT010,2026-06-24,35
WL0013411,TKT011018,AGT014,2026-06-24,51
WL0013412,TKT011019,AGT006,2026-06-24,18
WL0013413,TKT011020,AGT003,2026-06-24,33
WL0013414,TKT011021,AGT016,2026-06-24,55
WL0013415,TKT011022,AGT009,2026-06-24,160
WL0013416,TKT011023,AGT013,2026-06-24,48
WL0013417,TKT011024,AGT015,2026-06-24,22
WL0013418,TKT011025,AGT006,2026-06-24,65
WL0013419,TKT011026,AGT016,2026-06-24,42
WL0013420,TKT011027,AGT010,2026-06-24,50
WL0013421,TKT011028,AGT018,2026-06-24,19
WL0013422,TKT011029,AGT007,2026-06-24,131
WL0013423,TKT011030,AGT003,2026-06-24,105
WL0013424,TKT011031,AGT001,2026-06-24,153
WL0013425,TKT011031,AGT005,2026-06-24,83
WL0013426,TKT011032,AGT015,2026-06-24,68
WL0013427,TKT011032,AGT016,2026-06-24,37
WL0013428,TKT011033,AGT005,2026-06-24,56
WL0013429,TKT011034,AGT005,2026-06-24,27
WL0013430,TKT011034,AGT006,2026-06-24,49
WL0013431,TKT011035,AGT001,2026-06-24,87
WL0013432,TKT011035,AGT002,2026-06-24,48
WL0013433,TKT011036,AGT013,2026-06-24,127
WL0013434,TKT011037,AGT015,2026-06-24,51
WL0013435,TKT011038,AGT003,2026-06-24,52
WL0013436,TKT011039,AGT006,2026-06-24,49
WL0013437,TKT011040,AGT010,2026-06-24,47
WL0013438,TKT011041,AGT009,2026-06-24,35
WL0013439,TKT011041,AGT011,2026-06-24,65
WL0013440,TKT011042,AGT006,2026-06-24,214
WL0013441,TKT011043,AGT009,2026-06-24,118
WL0013442,TKT011044,AGT001,2026-06-24,35
WL0013443,TKT011044,AGT006,2026-06-24,57
WL0013444,TKT011045,AGT001,2026-06-24,132
WL0013445,TKT011046,AGT009,2026-06-25,85
WL0013446,TKT011047,AGT003,2026-06-25,31
WL0013447,TKT011048,AGT006,2026-06-25,216
WL0013448,TKT011049,AGT008,2026-06-25,52
WL0013449,TKT011050,AGT017,2026-06-25,54
WL0013450,TKT011051,AGT004,2026-06-25,33
WL0013451,TKT011051,AGT005,2026-06-25,59
WL0013452,TKT011052,AGT015,2026-06-25,99
WL0013453,TKT011053,AGT004,2026-06-25,82
WL0013454,TKT011054,AGT004,2026-06-25,71
WL0013455,TKT011055,AGT016,2026-06-25,76
WL0013456,TKT011055,AGT018,2026-06-25,42
WL0013457,TKT011056,AGT013,2026-06-25,61
WL0013458,TKT011057,AGT003,2026-06-25,49
WL0013459,TKT011058,AGT009,2026-06-25,129
WL0013460,TKT011059,AGT010,2026-06-25,47
WL0013461,TKT011060,AGT014,2026-06-25,68
WL0013462,TKT011061,AGT011,2026-06-25,55
WL0013463,TKT011062,AGT013,2026-06-25,28
WL0013464,TKT011063,AGT009,2026-06-25,58
WL0013465,TKT011064,AGT013,2026-06-25,30
WL0013466,TKT011064,AGT017,2026-06-25,17
WL0013467,TKT011065,AGT001,2026-06-25,48
WL0013468,TKT011065,AGT002,2026-06-25,27
WL0013469,TKT011066,AGT009,2026-06-25,64
WL0013470,TKT011067,AGT014,2026-06-25,55
WL0013471,TKT011068,AGT018,2026-06-25,85
WL0013472,TKT011069,AGT012,2026-06-25,86
WL0013473,TKT011070,AGT009,2026-06-25,51
WL0013474,TKT011070,AGT010,2026-06-25,28
WL0013475,TKT011071,AGT015,2026-06-25,33
WL0013476,TKT011072,AGT016,2026-06-25,60
WL0013477,TKT011073,AGT005,2026-06-25,25
WL0013478,TKT011074,AGT011,2026-06-25,194
WL0013479,TKT011075,AGT013,2026-06-25,39
WL0013480,TKT011076,AGT009,2026-06-25,80
WL0013481,TKT011077,AGT010,2026-06-25,94
WL0013482,TKT011078,AGT018,2026-06-25,50
WL0013483,TKT011079,AGT016,2026-06-25,57
WL0013484,TKT011080,AGT017,2026-06-25,35
WL0013485,TKT011081,AGT009,2026-06-25,13
WL0013486,TKT011081,AGT010,2026-06-25,32
WL0013487,TKT011082,AGT016,2026-06-25,23
WL0013488,TKT011083,AGT002,2026-06-25,39
WL0013489,TKT011083,AGT004,2026-06-25,22
WL0013490,TKT011084,AGT008,2026-06-26,115
WL0013491,TKT011085,AGT004,2026-06-26,25
WL0013492,TKT011085,AGT006,2026-06-26,46
WL0013493,TKT011086,AGT004,2026-06-26,87
WL0013494,TKT011087,AGT012,2026-06-26,117
WL0013495,TKT011088,AGT008,2026-06-26,181
WL0013496,TKT011089,AGT002,2026-06-26,107
WL0013497,TKT011090,AGT004,2026-06-26,50
WL0013498,TKT011091,AGT002,2026-06-26,183
WL0013499,TKT011092,AGT013,2026-06-26,27
WL0013500,TKT011093,AGT015,2026-06-26,49
WL0013501,TKT011094,AGT009,2026-06-26,135
WL0013502,TKT011095,AGT004,2026-06-26,39
WL0013503,TKT011096,AGT018,2026-06-26,97
WL0013504,TKT011097,AGT004,2026-06-26,45
WL0013505,TKT011098,AGT014,2026-06-26,76
WL0013506,TKT011099,AGT011,2026-06-26,154
WL0013507,TKT011100,AGT010,2026-06-26,97
WL0013508,TKT011101,AGT014,2026-06-26,170
WL0013509,TKT011102,AGT010,2026-06-26,100
WL0013510,TKT011103,AGT015,2026-06-26,65
WL0013511,TKT011104,AGT018,2026-06-26,130
WL0013512,TKT011105,AGT013,2026-06-26,38
WL0013513,TKT011106,AGT014,2026-06-26,76
WL0013514,TKT011107,AGT013,2026-06-26,98
WL0013515,TKT011108,AGT018,2026-06-26,65
WL0013516,TKT011109,AGT015,2026-06-26,52
WL0013517,TKT011109,AGT018,2026-06-26,96
WL0013518,TKT011110,AGT002,2026-06-26,81
WL0013519,TKT011111,AGT010,2026-06-26,91
WL0013520,TKT011112,AGT008,2026-06-26,135
WL0013521,TKT011113,AGT008,2026-06-26,49
WL0013522,TKT011113,AGT010,2026-06-26,117
WL0013523,TKT011114,AGT014,2026-06-26,59
WL0013525,TKT011116,AGT013,2026-06-26,102
WL0013526,TKT011117,AGT011,2026-06-27,110
WL0013527,TKT011118,AGT015,2026-06-27,123
WL0013528,TKT011119,AGT015,2026-06-27,88
WL0013529,TKT011120,AGT017,2026-06-27,85
WL0013530,TKT011121,AGT013,2026-06-27,50
WL0013531,TKT011122,AGT015,2026-06-27,40
WL0013532,TKT011123,AGT017,2026-06-27,180
WL0013533,TKT011124,AGT015,2026-06-27,50
WL0013534,TKT011125,AGT010,2026-06-27,37
WL0013535,TKT011125,AGT011,2026-06-27,66
WL0013536,TKT011126,AGT011,2026-06-27,58
WL0013537,TKT011126,AGT012,2026-06-27,107
WL0013538,TKT011127,AGT013,2026-06-27,106
WL0013539,TKT011128,AGT012,2026-06-27,161
WL0013540,TKT011129,AGT004,2026-06-27,44
WL0013541,TKT011130,AGT010,2026-06-27,60
WL0013542,TKT011131,AGT013,2026-06-27,83
WL0013543,TKT011132,AGT011,2026-06-27,53
WL0013544,TKT011133,AGT017,2026-06-27,85
WL0013545,TKT011134,AGT007,2026-06-27,61
WL0013546,TKT011135,AGT011,2026-06-27,50
WL0013547,TKT011136,AGT012,2026-06-27,93
WL0013548,TKT011137,AGT002,2026-06-27,37
WL0013549,TKT011137,AGT004,2026-06-27,20
WL0013550,TKT011138,AGT017,2026-06-27,115
WL0013551,TKT011139,AGT002,2026-06-27,44
WL0013552,TKT011140,AGT004,2026-06-27,44
WL0013553,TKT011141,AGT015,2026-06-27,102
WL0013554,TKT011142,AGT009,2026-06-28,50
WL0013555,TKT011143,AGT015,2026-06-28,51
WL0013556,TKT011143,AGT018,2026-06-28,92
WL0013557,TKT011144,AGT002,2026-06-28,58
WL0013558,TKT011145,AGT015,2026-06-28,31
WL0013559,TKT011145,AGT018,2026-06-28,56
WL0013560,TKT011146,AGT018,2026-06-28,108
WL0013561,TKT011147,AGT007,2026-06-28,29
WL0013562,TKT011147,AGT009,2026-06-28,17
WL0013563,TKT011148,AGT015,2026-06-28,8
WL0013564,TKT011148,AGT016,2026-06-28,14
WL0013565,TKT011149,AGT002,2026-06-28,68
WL0013566,TKT011149,AGT004,2026-06-28,37
WL0013567,TKT011150,AGT015,2026-06-28,16
WL0013568,TKT011150,AGT018,2026-06-28,29
WL0013569,TKT011151,AGT007,2026-06-28,80
WL0013570,TKT011152,AGT008,2026-06-28,93
WL0013571,TKT011153,AGT018,2026-06-28,41
WL0013572,TKT011154,AGT004,2026-06-28,159
WL0013573,TKT011155,AGT008,2026-06-28,55
WL0013576,TKT011157,AGT018,2026-06-28,104
WL0013577,TKT011158,AGT016,2026-06-28,70
WL0013578,TKT011159,AGT003,2026-06-28,39
WL0013579,TKT011160,AGT016,2026-06-28,51
WL0013580,TKT011161,AGT002,2026-06-28,16
WL0013581,TKT011162,AGT013,2026-06-29,86
WL0013582,TKT011163,AGT017,2026-06-29,55
WL0013583,TKT011164,AGT006,2026-06-29,67
WL0013584,TKT011165,AGT005,2026-06-29,78
WL0013585,TKT011166,AGT004,2026-06-29,94
WL0013586,TKT011167,AGT006,2026-06-29,230
WL0013587,TKT011168,AGT002,2026-06-29,68
WL0013588,TKT011169,AGT004,2026-06-29,93
WL0013589,TKT011170,AGT003,2026-06-29,47
WL0013590,TKT011171,AGT004,2026-06-29,68
WL0013591,TKT011172,AGT007,2026-06-29,144
WL0013592,TKT011173,AGT007,2026-06-29,87
WL0013593,TKT011173,AGT010,2026-06-29,47
WL0013594,TKT011174,AGT018,2026-06-29,83
WL0013595,TKT011175,AGT002,2026-06-29,159
WL0013596,TKT011175,AGT006,2026-06-29,183
WL0013597,TKT011176,AGT015,2026-06-29,37
WL0013598,TKT011177,AGT018,2026-06-29,83
WL0013599,TKT011178,AGT009,2026-06-29,77
WL0013600,TKT011178,AGT010,2026-06-29,42
WL0013601,TKT011179,AGT002,2026-06-29,45
WL0013602,TKT011180,AGT018,2026-06-29,98
WL0013603,TKT011181,AGT004,2026-06-29,31
WL0013604,TKT011182,AGT016,2026-06-29,178
WL0013605,TKT011183,AGT011,2026-06-29,130
WL0013606,TKT011184,AGT007,2026-06-29,96
WL0013607,TKT011185,AGT002,2026-06-29,49
WL0013608,TKT011185,AGT004,2026-06-29,27
WL0013609,TKT011186,AGT003,2026-06-29,34
WL0013610,TKT011187,AGT010,2026-06-29,187
WL0013611,TKT011188,AGT007,2026-06-29,56
WL0013612,TKT011189,AGT005,2026-06-29,67
WL0013613,TKT011190,AGT013,2026-06-29,15
WL0013614,TKT011190,AGT017,2026-06-29,9
WL0013615,TKT011191,AGT010,2026-06-29,32
WL0013616,TKT011192,AGT018,2026-06-29,67
WL0013617,TKT011193,AGT013,2026-06-29,27
WL0013618,TKT011194,AGT018,2026-06-29,42
WL0013619,TKT011195,AGT002,2026-06-29,132
WL0013620,TKT011196,AGT017,2026-06-29,40
WL0013621,TKT011197,AGT014,2026-06-29,61
WL0013622,TKT011198,AGT003,2026-06-29,18
WL0013623,TKT011198,AGT004,2026-06-29,167
WL0013624,TKT011199,AGT013,2026-06-29,76
WL0013625,TKT011199,AGT014,2026-06-29,42
WL0013626,TKT011200,AGT015,2026-06-29,16
WL0013627,TKT011200,AGT018,2026-06-29,107
WL0013628,TKT011201,AGT011,2026-06-29,57
WL0013629,TKT011202,AGT010,2026-06-29,89
WL0013630,TKT011203,AGT013,2026-06-29,52
WL0013631,TKT011203,AGT014,2026-06-29,29
WL0013632,TKT011204,AGT002,2026-06-29,27
WL0013633,TKT011204,AGT003,2026-06-29,103
WL0013634,TKT011205,AGT015,2026-06-29,32
WL0013635,TKT011206,AGT009,2026-06-29,117
WL0013636,TKT011207,AGT013,2026-06-29,42
WL0013637,TKT011208,AGT014,2026-06-29,33
WL0013638,TKT011209,AGT003,2026-06-29,57
WL0013639,TKT011210,AGT017,2026-06-30,53
WL0013640,TKT011211,AGT014,2026-06-30,92
WL0013641,TKT011212,AGT017,2026-06-30,25
WL0013642,TKT011213,AGT018,2026-06-30,102
WL0013643,TKT011214,AGT013,2026-06-30,24
WL0013644,TKT011215,AGT004,2026-06-30,43
WL0013645,TKT011216,AGT016,2026-06-30,63
WL0013646,TKT011217,AGT004,2026-06-30,61
WL0013647,TKT011218,AGT018,2026-06-30,148
WL0013648,TKT011219,AGT008,2026-06-30,52
WL0013649,TKT011220,AGT006,2026-06-30,105
WL0013650,TKT011221,AGT002,2026-06-30,117
WL0013651,TKT011222,AGT016,2026-06-30,60
WL0013652,TKT011223,AGT007,2026-06-30,87
WL0013653,TKT011224,AGT008,2026-06-30,95
WL0013654,TKT011225,AGT011,2026-06-30,21
WL0013655,TKT011226,AGT004,2026-06-30,59
WL0013656,TKT011227,AGT018,2026-06-30,27
WL0013657,TKT011228,AGT011,2026-06-30,308
WL0013658,TKT011229,AGT016,2026-06-30,44
WL0013659,TKT011230,AGT011,2026-06-30,63
WL0013660,TKT011231,AGT001,2026-06-30,78
WL0013661,TKT011232,AGT018,2026-06-30,67
WL0013662,TKT011233,AGT007,2026-06-30,18
WL0013663,TKT011233,AGT008,2026-06-30,10
WL0013664,TKT011234,AGT001,2026-06-30,57
WL0013665,TKT011234,AGT006,2026-06-30,32
WL0013666,TKT011235,AGT013,2026-06-30,82
WL0013667,TKT011236,AGT016,2026-06-30,51
WL0013668,TKT011237,AGT006,2026-06-30,39
WL0013669,TKT011238,AGT016,2026-06-30,30
WL0013670,TKT011238,AGT018,2026-06-30,53
WL0013671,TKT011239,AGT007,2026-06-30,94
WL0013672,TKT011240,AGT016,2026-06-30,59
WL0013673,TKT011241,AGT017,2026-06-30,37
WL0013674,TKT011242,AGT008,2026-06-30,63
WL0013675,TKT011243,AGT007,2026-06-30,61
WL0013676,TKT011244,AGT001,2026-06-30,157
WL0013677,TKT011245,AGT017,2026-06-30,145
WL0013678,TKT011246,AGT007,2026-06-30,46
WL0013679,TKT011247,AGT016,2026-06-30,34
WL0013680,TKT011248,AGT014,2026-06-30,40
WL0013681,TKT011249,AGT007,2026-06-30,31
WL0013682,TKT011249,AGT011,2026-06-30,88
WL0013683,TKT011250,AGT008,2026-06-30,63
WL0013684,TKT011251,AGT008,2026-06-30,106
WL0013685,TKT011252,AGT007,2026-06-30,96
WL0013686,TKT011252,AGT008,2026-06-30,91
WL0013687,TKT011253,AGT006,2026-06-30,46
WL0013688,TKT011253,AGT007,2026-06-30,47
WL0013689,TKT011254,AGT017,2026-07-01,139
WL0013690,TKT011255,AGT013,2026-07-01,28
WL0013691,TKT011256,AGT006,2026-07-01,177
WL0013692,TKT011257,AGT017,2026-07-01,12
WL0013693,TKT011257,AGT018,2026-07-01,21
WL0013694,TKT011258,AGT002,2026-07-01,76
WL0013695,TKT011259,AGT011,2026-07-01,168
WL0013696,TKT011260,AGT012,2026-07-01,63
WL0013697,TKT011261,AGT004,2026-07-01,87
WL0013698,TKT011262,AGT002,2026-07-01,99
WL0013699,TKT011263,AGT008,2026-07-01,104
WL0013700,TKT011263,AGT009,2026-07-01,57
WL0013701,TKT011264,AGT014,2026-07-01,30
WL0013702,TKT011265,AGT018,2026-07-01,74
WL0013703,TKT011266,AGT018,2026-07-01,114
WL0013704,TKT011267,AGT002,2026-07-01,170
WL0013705,TKT011268,AGT007,2026-07-01,159
WL0013706,TKT011268,AGT009,2026-07-01,87
WL0013707,TKT011269,AGT017,2026-07-01,94
WL0013708,TKT011270,AGT007,2026-07-01,41
WL0013709,TKT011271,AGT004,2026-07-01,45
WL0013710,TKT011272,AGT006,2026-07-01,35
WL0013711,TKT011273,AGT018,2026-07-01,87
WL0013712,TKT011274,AGT018,2026-07-01,31
WL0013713,TKT011275,AGT013,2026-07-01,28
WL0013714,TKT011275,AGT014,2026-07-01,51
WL0013715,TKT011276,AGT012,2026-07-01,40
WL0013716,TKT011277,AGT014,2026-07-01,27
WL0013717,TKT011277,AGT017,2026-07-01,15
WL0013718,TKT011278,AGT018,2026-07-01,35
WL0013719,TKT011279,AGT006,2026-07-01,61
WL0013720,TKT011280,AGT004,2026-07-01,85
WL0013721,TKT011280,AGT005,2026-07-01,46
WL0013722,TKT011281,AGT003,2026-07-01,29
WL0013723,TKT011282,AGT013,2026-07-01,67
WL0013724,TKT011283,AGT018,2026-07-01,68
WL0013725,TKT011284,AGT005,2026-07-01,63
WL0013726,TKT011285,AGT013,2026-07-01,130
WL0013727,TKT011286,AGT014,2026-07-01,29
WL0013728,TKT011287,AGT012,2026-07-01,65
WL0013729,TKT011288,AGT001,2026-07-01,215
WL0013730,TKT011289,AGT007,2026-07-01,197
WL0013731,TKT011290,AGT013,2026-07-01,20
WL0013732,TKT011290,AGT014,2026-07-01,35
WL0013733,TKT011291,AGT005,2026-07-01,85
WL0013734,TKT011292,AGT011,2026-07-01,92
WL0013735,TKT011293,AGT003,2026-07-01,36
WL0013736,TKT011294,AGT012,2026-07-01,124
WL0013737,TKT011295,AGT011,2026-07-01,85
WL0013738,TKT011296,AGT002,2026-07-01,91
WL0013739,TKT011297,AGT014,2026-07-01,1
WL0013740,TKT011297,AGT018,2026-07-01,80
WL0013741,TKT011298,AGT008,2026-07-01,27
WL0013742,TKT011298,AGT009,2026-07-01,49
WL0013743,TKT011299,AGT009,2026-07-01,38
WL0013744,TKT011300,AGT005,2026-07-01,55
WL0013745,TKT011300,AGT006,2026-07-01,177
WL0013746,TKT011301,AGT017,2026-07-01,76
WL0013747,TKT011302,AGT013,2026-07-01,57
WL0013748,TKT011302,AGT014,2026-07-01,31
WL0013749,TKT011303,AGT017,2026-07-01,42
WL0013750,TKT011304,AGT010,2026-07-01,60
WL0013751,TKT011305,AGT013,2026-07-01,22
WL0013752,TKT011306,AGT002,2026-07-01,20
WL0013753,TKT011307,AGT011,2026-07-01,105
WL0013754,TKT011307,AGT012,2026-07-01,13
WL0013755,TKT011308,AGT017,2026-07-01,82
WL0013756,TKT011309,AGT013,2026-07-01,75
WL0013757,TKT011310,AGT008,2026-07-01,92
WL0013758,TKT011311,AGT009,2026-07-01,28
WL0013759,TKT011311,AGT010,2026-07-01,52
WL0013760,TKT011312,AGT008,2026-07-01,108
WL0013761,TKT011313,AGT005,2026-07-01,90
WL0013762,TKT011314,AGT010,2026-07-01,245
WL0013763,TKT011315,AGT001,2026-07-01,55
WL0013764,TKT011316,AGT009,2026-07-01,221
WL0013765,TKT011316,AGT010,2026-07-01,18
WL0013766,TKT011317,AGT001,2026-07-01,76
WL0013767,TKT011318,AGT013,2026-07-01,53
WL0013768,TKT011318,AGT014,2026-07-01,33
WL0013769,TKT011319,AGT014,2026-07-01,69
WL0013770,TKT011320,AGT014,2026-07-01,40
WL0013771,TKT011320,AGT017,2026-07-01,20
WL0013772,TKT011321,AGT012,2026-07-02,128
WL0013773,TKT011322,AGT013,2026-07-02,60
WL0013774,TKT011323,AGT015,2026-07-02,53
WL0013775,TKT011324,AGT009,2026-07-02,46
WL0013776,TKT011324,AGT012,2026-07-02,25
WL0013777,TKT011325,AGT011,2026-07-02,79
WL0013778,TKT011326,AGT018,2026-07-02,26
WL0013779,TKT011327,AGT013,2026-07-02,17
WL0013780,TKT011327,AGT015,2026-07-02,31
WL0013781,TKT011328,AGT003,2026-07-02,36
WL0013782,TKT011328,AGT004,2026-07-02,20
WL0013783,TKT011329,AGT014,2026-07-02,31
WL0013784,TKT011330,AGT012,2026-07-02,60
WL0013785,TKT011331,AGT005,2026-07-02,63
WL0013786,TKT011332,AGT013,2026-07-02,52
WL0013787,TKT011332,AGT015,2026-07-02,29
WL0013788,TKT011333,AGT004,2026-07-02,89
WL0013789,TKT011334,AGT013,2026-07-02,126
WL0013790,TKT011335,AGT009,2026-07-02,27
WL0013791,TKT011336,AGT002,2026-07-02,102
WL0013792,TKT011337,AGT007,2026-07-02,32
WL0013793,TKT011337,AGT009,2026-07-02,58
WL0013794,TKT011338,AGT015,2026-07-02,41
WL0013795,TKT011339,AGT011,2026-07-02,194
WL0013796,TKT011340,AGT006,2026-07-02,48
WL0013797,TKT011341,AGT015,2026-07-02,91
WL0013798,TKT011342,AGT002,2026-07-02,52
WL0013799,TKT011342,AGT003,2026-07-02,94
WL0013800,TKT011343,AGT005,2026-07-02,27
WL0013801,TKT011343,AGT006,2026-07-02,15
WL0013802,TKT011344,AGT005,2026-07-02,64
WL0013803,TKT011345,AGT002,2026-07-02,32
WL0013804,TKT011345,AGT005,2026-07-02,58
WL0013805,TKT011346,AGT018,2026-07-02,24
WL0013806,TKT011347,AGT018,2026-07-02,31
WL0013807,TKT011348,AGT018,2026-07-02,27
WL0013808,TKT011349,AGT013,2026-07-02,37
WL0013809,TKT011349,AGT016,2026-07-02,20
WL0013810,TKT011350,AGT007,2026-07-02,31
WL0013811,TKT011351,AGT012,2026-07-02,144
WL0013813,TKT011353,AGT005,2026-07-02,60
WL0013814,TKT011354,AGT001,2026-07-02,12
WL0013815,TKT011354,AGT002,2026-07-02,21
WL0013816,TKT011355,AGT009,2026-07-02,156
WL0013817,TKT011356,AGT014,2026-07-02,22
WL0013818,TKT011357,AGT015,2026-07-02,77
WL0013819,TKT011358,AGT015,2026-07-03,68
WL0013820,TKT011359,AGT006,2026-07-03,51
WL0013821,TKT011360,AGT004,2026-07-03,72
WL0013822,TKT011361,AGT004,2026-07-03,55
WL0013823,TKT011362,AGT013,2026-07-03,27
WL0013824,TKT011363,AGT009,2026-07-03,91
WL0013825,TKT011364,AGT015,2026-07-03,36
WL0013826,TKT011365,AGT009,2026-07-03,45
WL0013827,TKT011366,AGT016,2026-07-03,49
WL0013828,TKT011367,AGT006,2026-07-03,46
WL0013829,TKT011368,AGT004,2026-07-03,106
WL0013830,TKT011369,AGT003,2026-07-03,108
WL0013831,TKT011370,AGT017,2026-07-03,104
WL0013832,TKT011371,AGT014,2026-07-03,40
WL0013833,TKT011372,AGT016,2026-07-03,160
WL0013834,TKT011373,AGT007,2026-07-03,53
WL0013835,TKT011373,AGT009,2026-07-03,29
WL0013836,TKT011374,AGT001,2026-07-03,46
WL0013837,TKT011375,AGT007,2026-07-03,68
WL0013838,TKT011375,AGT008,2026-07-03,38
WL0013839,TKT011376,AGT002,2026-07-03,89
WL0013840,TKT011377,AGT007,2026-07-03,52
WL0013841,TKT011378,AGT016,2026-07-03,128
WL0013842,TKT011379,AGT006,2026-07-03,68
WL0013843,TKT011380,AGT001,2026-07-03,63
WL0013844,TKT011381,AGT004,2026-07-03,25
WL0013845,TKT011382,AGT011,2026-07-03,111
WL0013846,TKT011383,AGT011,2026-07-03,77
WL0013847,TKT011384,AGT016,2026-07-03,89
WL0013848,TKT011385,AGT004,2026-07-03,39
WL0013849,TKT011386,AGT006,2026-07-03,115
WL0013850,TKT011387,AGT013,2026-07-03,41
WL0013851,TKT011388,AGT011,2026-07-03,71
WL0013852,TKT011389,AGT008,2026-07-03,31
WL0013853,TKT011389,AGT012,2026-07-03,17
WL0013854,TKT011390,AGT005,2026-07-03,100
WL0013855,TKT011391,AGT011,2026-07-03,51
WL0013856,TKT011392,AGT012,2026-07-03,92
WL0013857,TKT011393,AGT014,2026-07-03,40
WL0013858,TKT011394,AGT004,2026-07-03,80
WL0013859,TKT011395,AGT012,2026-07-03,51
WL0013860,TKT011396,AGT004,2026-07-03,103
WL0013861,TKT011396,AGT005,2026-07-03,45
WL0013862,TKT011397,AGT014,2026-07-03,1
WL0013863,TKT011397,AGT016,2026-07-03,54
WL0013864,TKT011398,AGT003,2026-07-03,84
WL0013865,TKT011399,AGT006,2026-07-03,146
WL0013866,TKT011400,AGT007,2026-07-03,57
WL0013867,TKT011401,AGT015,2026-07-03,87
WL0013868,TKT011402,AGT015,2026-07-03,34
WL0013869,TKT011403,AGT014,2026-07-04,22
WL0013870,TKT011403,AGT015,2026-07-04,12
WL0013871,TKT011404,AGT012,2026-07-04,64
WL0013872,TKT011405,AGT007,2026-07-04,46
WL0013873,TKT011405,AGT012,2026-07-04,25
WL0013874,TKT011406,AGT012,2026-07-04,52
WL0013875,TKT011407,AGT001,2026-07-04,48
WL0013876,TKT011408,AGT007,2026-07-04,114
WL0013877,TKT011409,AGT002,2026-07-04,36
WL0013878,TKT011410,AGT002,2026-07-04,85
WL0013879,TKT011411,AGT014,2026-07-04,104
WL0013880,TKT011412,AGT002,2026-07-04,94
WL0013881,TKT011413,AGT001,2026-07-04,38
WL0013882,TKT011414,AGT012,2026-07-04,138
WL0013883,TKT011415,AGT017,2026-07-04,108
WL0013884,TKT011416,AGT013,2026-07-04,9
WL0013885,TKT011416,AGT018,2026-07-04,14
WL0013886,TKT011417,AGT016,2026-07-04,95
WL0013887,TKT011417,AGT017,2026-07-04,52
WL0013888,TKT011418,AGT012,2026-07-04,162
WL0013889,TKT011419,AGT014,2026-07-04,49
WL0013890,TKT011420,AGT014,2026-07-04,54
WL0013891,TKT011421,AGT003,2026-07-04,44
WL0013892,TKT011422,AGT001,2026-07-05,40
WL0013893,TKT011423,AGT018,2026-07-05,98
WL0013894,TKT011424,AGT004,2026-07-05,39
WL0013895,TKT011424,AGT006,2026-07-05,70
WL0013896,TKT011425,AGT016,2026-07-05,63
WL0013897,TKT011425,AGT017,2026-07-05,115
WL0013898,TKT011426,AGT004,2026-07-05,139
WL0013899,TKT011427,AGT016,2026-07-05,148
WL0013900,TKT011428,AGT016,2026-07-05,26
WL0013901,TKT011429,AGT016,2026-07-05,149
WL0013902,TKT011430,AGT006,2026-07-05,63
WL0013903,TKT011431,AGT013,2026-07-05,39
WL0013904,TKT011431,AGT015,2026-07-05,21
WL0013905,TKT011432,AGT007,2026-07-05,95
WL0013906,TKT011433,AGT018,2026-07-05,63
WL0013907,TKT011434,AGT001,2026-07-05,44
WL0013908,TKT011434,AGT006,2026-07-05,24
WL0013909,TKT011435,AGT001,2026-07-05,70
WL0013910,TKT011436,AGT007,2026-07-05,148
WL0013911,TKT011437,AGT017,2026-07-05,42
WL0013912,TKT011438,AGT016,2026-07-05,67
WL0013913,TKT011439,AGT015,2026-07-05,66
WL0013914,TKT011440,AGT015,2026-07-05,10
WL0013915,TKT011440,AGT017,2026-07-05,17
WL0013916,TKT011441,AGT015,2026-07-05,74
WL0013917,TKT011442,AGT007,2026-07-05,52
WL0013918,TKT011443,AGT007,2026-07-05,185
WL0013919,TKT011443,AGT010,2026-07-05,104
WL0013920,TKT011444,AGT016,2026-07-05,27
WL0013921,TKT011444,AGT017,2026-07-05,2
WL0013922,TKT011445,AGT001,2026-07-05,23
WL0013923,TKT011445,AGT006,2026-07-05,13
WL0013924,TKT011446,AGT008,2026-07-05,123
WL0013925,TKT011447,AGT018,2026-07-05,39
WL0013926,TKT011448,AGT015,2026-07-05,72
WL0013927,TKT011449,AGT017,2026-07-05,51
WL0013928,TKT011450,AGT001,2026-07-06,27
WL0013929,TKT011450,AGT004,2026-07-06,50
WL0013930,TKT011451,AGT017,2026-07-06,97
WL0013931,TKT011452,AGT010,2026-07-06,135
WL0013932,TKT011453,AGT014,2026-07-06,36
WL0013933,TKT011454,AGT010,2026-07-06,96
WL0013934,TKT011455,AGT014,2026-07-06,61
WL0013935,TKT011456,AGT014,2026-07-06,90
WL0013936,TKT011457,AGT002,2026-07-06,36
WL0013937,TKT011458,AGT014,2026-07-06,104
WL0013938,TKT011459,AGT004,2026-07-06,33
WL0013939,TKT011460,AGT001,2026-07-06,46
WL0013940,TKT011461,AGT017,2026-07-06,23
WL0013941,TKT011462,AGT009,2026-07-06,104
WL0013942,TKT011463,AGT007,2026-07-06,48
WL0013943,TKT011464,AGT004,2026-07-06,52
WL0013944,TKT011465,AGT007,2026-07-06,146
WL0013945,TKT011466,AGT005,2026-07-06,54
WL0013946,TKT011467,AGT007,2026-07-06,150
WL0013947,TKT011468,AGT017,2026-07-06,37
WL0013948,TKT011469,AGT017,2026-07-06,122
WL0013949,TKT011470,AGT018,2026-07-06,156
WL0013950,TKT011471,AGT014,2026-07-06,99
WL0013951,TKT011472,AGT018,2026-07-06,50
WL0013952,TKT011473,AGT015,2026-07-06,15
WL0013953,TKT011474,AGT009,2026-07-06,169
WL0013954,TKT011475,AGT009,2026-07-06,24
WL0013955,TKT011475,AGT010,2026-07-06,43
WL0013956,TKT011476,AGT015,2026-07-06,90
WL0013957,TKT011477,AGT016,2026-07-06,137
WL0013958,TKT011478,AGT007,2026-07-06,77
WL0013959,TKT011478,AGT010,2026-07-06,42
WL0013960,TKT011479,AGT002,2026-07-06,27
WL0013961,TKT011479,AGT004,2026-07-06,50
WL0013962,TKT011480,AGT017,2026-07-06,112
WL0013963,TKT011481,AGT009,2026-07-06,164
WL0013964,TKT011482,AGT004,2026-07-06,7
WL0013965,TKT011482,AGT007,2026-07-06,59
WL0013966,TKT011482,AGT009,2026-07-06,19
WL0013967,TKT011482,AGT010,2026-07-06,194
WL0013968,TKT011483,AGT001,2026-07-06,50
WL0013969,TKT011484,AGT016,2026-07-06,86
WL0013970,TKT011484,AGT018,2026-07-06,159
WL0013971,TKT011485,AGT015,2026-07-06,75
WL0013972,TKT011486,AGT006,2026-07-06,98
WL0013973,TKT011487,AGT018,2026-07-06,25
WL0013974,TKT011488,AGT017,2026-07-06,54
WL0013975,TKT011489,AGT002,2026-07-06,23
WL0013976,TKT011490,AGT017,2026-07-06,33
WL0013977,TKT011491,AGT002,2026-07-06,76
WL0013978,TKT011492,AGT002,2026-07-06,102
WL0013979,TKT011493,AGT001,2026-07-06,60
WL0013980,TKT011493,AGT017,2026-07-06,2
WL0013981,TKT011494,AGT007,2026-07-07,89
WL0013982,TKT011495,AGT002,2026-07-07,17
WL0013983,TKT011495,AGT005,2026-07-07,30
WL0013984,TKT011496,AGT012,2026-07-07,170
WL0013985,TKT011497,AGT003,2026-07-07,62
WL0013986,TKT011498,AGT013,2026-07-07,41
WL0013987,TKT011499,AGT005,2026-07-07,41
WL0013988,TKT011500,AGT006,2026-07-07,39
WL0013989,TKT011501,AGT006,2026-07-07,117
WL0013990,TKT011502,AGT017,2026-07-07,236
WL0013991,TKT011503,AGT018,2026-07-07,46
WL0013992,TKT011504,AGT013,2026-07-07,72
WL0013993,TKT011505,AGT008,2026-07-07,209
WL0013994,TKT011506,AGT002,2026-07-07,46
WL0013995,TKT011506,AGT006,2026-07-07,84
WL0013996,TKT011507,AGT015,2026-07-07,61
WL0013997,TKT011508,AGT013,2026-07-07,29
WL0013998,TKT011509,AGT018,2026-07-07,22
WL0013999,TKT011510,AGT008,2026-07-07,103
WL0014000,TKT011511,AGT005,2026-07-07,147
WL0014001,TKT011512,AGT002,2026-07-07,61
WL0014002,TKT011513,AGT012,2026-07-07,122
WL0014003,TKT011514,AGT017,2026-07-07,105
WL0014004,TKT011515,AGT017,2026-07-07,34
WL0014005,TKT011516,AGT016,2026-07-07,125
WL0014006,TKT011517,AGT007,2026-07-07,78
WL0014007,TKT011518,AGT017,2026-07-07,58
WL0014008,TKT011519,AGT002,2026-07-07,36
WL0014009,TKT011520,AGT017,2026-07-07,17
WL0014010,TKT011520,AGT018,2026-07-07,89
WL0014011,TKT011521,AGT002,2026-07-07,44
WL0014012,TKT011521,AGT003,2026-07-07,79
WL0014013,TKT011522,AGT007,2026-07-07,62
WL0014014,TKT011523,AGT002,2026-07-07,34
WL0014015,TKT011524,AGT009,2026-07-07,113
WL0014016,TKT011525,AGT012,2026-07-07,89
WL0014017,TKT011526,AGT006,2026-07-07,53
WL0014018,TKT011527,AGT005,2026-07-07,175
WL0014019,TKT011528,AGT013,2026-07-07,30
WL0014020,TKT011529,AGT007,2026-07-07,89
WL0014021,TKT011530,AGT012,2026-07-07,45
WL0014022,TKT011531,AGT014,2026-07-07,70
WL0014023,TKT011532,AGT007,2026-07-07,125
WL0014024,TKT011533,AGT015,2026-07-07,23
WL0014025,TKT011534,AGT003,2026-07-07,81
WL0014026,TKT011535,AGT003,2026-07-07,39
WL0014028,TKT011537,AGT003,2026-07-08,27
WL0014029,TKT011537,AGT005,2026-07-08,15
WL0014031,TKT011539,AGT016,2026-07-08,38
WL0014032,TKT011539,AGT017,2026-07-08,21
WL0014033,TKT011540,AGT003,2026-07-08,48
WL0014034,TKT011540,AGT004,2026-07-08,89
WL0014035,TKT011541,AGT009,2026-07-08,131
WL0014036,TKT011542,AGT003,2026-07-08,136
WL0014037,TKT011542,AGT006,2026-07-08,74
WL0014038,TKT011543,AGT005,2026-07-08,83
WL0014039,TKT011544,AGT014,2026-07-08,29
WL0014040,TKT011545,AGT002,2026-07-08,63
WL0014041,TKT011546,AGT015,2026-07-08,103
WL0014042,TKT011547,AGT013,2026-07-08,124
WL0014043,TKT011548,AGT016,2026-07-08,64
WL0014044,TKT011549,AGT017,2026-07-08,139
WL0014045,TKT011550,AGT010,2026-07-08,138
WL0014046,TKT011551,AGT017,2026-07-08,41
WL0014047,TKT011551,AGT018,2026-07-08,75
WL0014048,TKT011552,AGT004,2026-07-08,36
WL0014049,TKT011553,AGT002,2026-07-08,21
WL0014050,TKT011554,AGT013,2026-07-08,48
WL0014051,TKT011555,AGT016,2026-07-08,74
WL0014052,TKT011556,AGT006,2026-07-08,72
WL0014053,TKT011557,AGT013,2026-07-08,36
WL0014054,TKT011558,AGT012,2026-07-08,24
WL0014055,TKT011559,AGT007,2026-07-08,96
WL0014056,TKT011560,AGT014,2026-07-08,20
WL0014057,TKT011561,AGT015,2026-07-08,72
WL0014058,TKT011562,AGT014,2026-07-08,54
WL0014059,TKT011563,AGT009,2026-07-08,49
WL0014060,TKT011563,AGT010,2026-07-08,27
WL0014061,TKT011564,AGT018,2026-07-08,42
WL0014062,TKT011565,AGT004,2026-07-08,24
WL0014063,TKT011566,AGT013,2026-07-08,27
WL0014064,TKT011566,AGT018,2026-07-08,16
WL0014065,TKT011567,AGT013,2026-07-08,10
WL0014066,TKT011567,AGT017,2026-07-08,18
WL0014067,TKT011568,AGT013,2026-07-08,69
WL0014068,TKT011569,AGT008,2026-07-08,208
WL0014069,TKT011570,AGT014,2026-07-08,44
WL0014070,TKT011571,AGT015,2026-07-08,58
WL0014071,TKT011572,AGT002,2026-07-08,57
WL0014072,TKT011573,AGT016,2026-07-08,72
WL0014073,TKT011574,AGT013,2026-07-08,46
WL0014074,TKT011575,AGT014,2026-07-08,22
WL0014075,TKT011575,AGT017,2026-07-08,39
WL0014076,TKT011576,AGT003,2026-07-09,43
WL0014077,TKT011577,AGT003,2026-07-09,98
WL0014078,TKT011578,AGT012,2026-07-09,53
WL0014079,TKT011579,AGT002,2026-07-09,108
WL0014080,TKT011580,AGT018,2026-07-09,29
WL0014081,TKT011581,AGT001,2026-07-09,27
WL0014082,TKT011581,AGT003,2026-07-09,16
WL0014083,TKT011582,AGT001,2026-07-09,140
WL0014084,TKT011583,AGT014,2026-07-09,74
WL0014085,TKT011583,AGT015,2026-07-09,135
WL0014086,TKT011584,AGT002,2026-07-09,58
WL0014087,TKT011585,AGT014,2026-07-09,51
WL0014088,TKT011585,AGT017,2026-07-09,28
WL0014089,TKT011586,AGT003,2026-07-09,111
WL0014090,TKT011587,AGT001,2026-07-09,103
WL0014091,TKT011588,AGT018,2026-07-09,27
WL0014092,TKT011589,AGT002,2026-07-09,151
WL0014093,TKT011590,AGT002,2026-07-09,81
WL0014094,TKT011591,AGT018,2026-07-09,71
WL0014095,TKT011592,AGT014,2026-07-09,37
WL0014096,TKT011592,AGT018,2026-07-09,66
WL0014097,TKT011593,AGT014,2026-07-09,29
WL0014098,TKT011594,AGT010,2026-07-09,59
WL0014099,TKT011595,AGT010,2026-07-09,61
WL0014100,TKT011596,AGT002,2026-07-09,52
WL0014101,TKT011596,AGT006,2026-07-09,50
WL0014102,TKT011597,AGT011,2026-07-09,62
WL0014103,TKT011598,AGT018,2026-07-09,57
WL0014104,TKT011599,AGT003,2026-07-09,44
WL0014105,TKT011600,AGT013,2026-07-09,30
WL0014106,TKT011600,AGT017,2026-07-09,17
WL0014107,TKT011601,AGT017,2026-07-09,70
WL0014108,TKT011602,AGT018,2026-07-09,107
WL0014109,TKT011603,AGT012,2026-07-09,20
WL0014110,TKT011604,AGT007,2026-07-09,101
WL0014111,TKT011605,AGT007,2026-07-09,49
WL0014112,TKT011606,AGT015,2026-07-09,24
WL0014113,TKT011607,AGT010,2026-07-09,31
WL0014114,TKT011607,AGT011,2026-07-09,18
WL0014115,TKT011608,AGT011,2026-07-09,57
WL0014116,TKT011609,AGT010,2026-07-09,180
WL0014117,TKT011610,AGT013,2026-07-09,60
WL0014118,TKT011611,AGT014,2026-07-09,105
WL0014119,TKT011612,AGT011,2026-07-09,172
WL0014120,TKT011613,AGT015,2026-07-09,10
WL0014121,TKT011613,AGT017,2026-07-09,6
WL0014122,TKT011614,AGT012,2026-07-09,155
WL0014123,TKT011615,AGT018,2026-07-09,61
WL0014124,TKT011616,AGT013,2026-07-09,91
WL0014125,TKT011617,AGT014,2026-07-09,62
WL0014126,TKT011618,AGT018,2026-07-09,57
WL0014127,TKT011619,AGT010,2026-07-09,25
WL0014128,TKT011619,AGT011,2026-07-09,46
WL0014129,TKT011620,AGT014,2026-07-09,122
WL0014130,TKT011620,AGT015,2026-07-09,97
WL0014131,TKT011621,AGT013,2026-07-09,21
WL0014132,TKT011622,AGT007,2026-07-09,55
WL0014133,TKT011623,AGT001,2026-07-09,12
WL0014134,TKT011623,AGT006,2026-07-09,21
WL0014135,TKT011624,AGT013,2026-07-09,23
WL0014136,TKT011624,AGT015,2026-07-09,42
WL0014137,TKT011625,AGT010,2026-07-09,71
WL0014138,TKT011626,AGT006,2026-07-09,62
WL0014139,TKT011627,AGT008,2026-07-10,109
WL0014140,TKT011628,AGT017,2026-07-10,86
WL0014141,TKT011629,AGT002,2026-07-10,166
WL0014142,TKT011630,AGT013,2026-07-10,32
WL0014143,TKT011630,AGT018,2026-07-10,59
WL0014144,TKT011631,AGT015,2026-07-10,35
WL0014145,TKT011632,AGT004,2026-07-10,24
WL0014146,TKT011632,AGT005,2026-07-10,13
WL0014147,TKT011633,AGT014,2026-07-10,36
WL0014148,TKT011633,AGT017,2026-07-10,20
WL0014149,TKT011634,AGT004,2026-07-10,20
WL0014150,TKT011635,AGT018,2026-07-10,58
WL0014151,TKT011636,AGT010,2026-07-10,223
WL0014152,TKT011637,AGT018,2026-07-10,71
WL0014153,TKT011638,AGT005,2026-07-10,18
WL0014154,TKT011639,AGT014,2026-07-10,55
WL0014155,TKT011640,AGT009,2026-07-10,56
WL0014156,TKT011640,AGT010,2026-07-10,104
WL0014157,TKT011641,AGT005,2026-07-10,62
WL0014158,TKT011642,AGT009,2026-07-10,39
WL0014159,TKT011642,AGT010,2026-07-10,21
WL0014160,TKT011643,AGT013,2026-07-10,35
WL0014161,TKT011644,AGT017,2026-07-10,196
WL0014162,TKT011645,AGT004,2026-07-10,145
WL0014163,TKT011646,AGT017,2026-07-10,37
WL0014164,TKT011647,AGT013,2026-07-10,100
WL0014165,TKT011648,AGT009,2026-07-10,23
WL0014166,TKT011648,AGT010,2026-07-10,132
WL0014167,TKT011649,AGT015,2026-07-10,73
WL0014168,TKT011650,AGT007,2026-07-10,27
WL0014169,TKT011651,AGT011,2026-07-10,89
WL0014170,TKT011652,AGT002,2026-07-10,60
WL0014171,TKT011653,AGT004,2026-07-10,82
WL0014172,TKT011654,AGT002,2026-07-10,224
WL0014173,TKT011654,AGT005,2026-07-10,78
WL0014174,TKT011655,AGT014,2026-07-10,13
WL0014175,TKT011655,AGT015,2026-07-10,8
WL0014176,TKT011656,AGT005,2026-07-10,29
WL0014177,TKT011657,AGT004,2026-07-10,109
WL0014178,TKT011658,AGT017,2026-07-10,64
WL0014179,TKT011659,AGT007,2026-07-10,64
WL0014180,TKT011660,AGT009,2026-07-10,111
WL0014181,TKT011661,AGT004,2026-07-10,67
WL0014182,TKT011662,AGT011,2026-07-10,177
WL0014183,TKT011663,AGT005,2026-07-10,53
WL0014184,TKT011664,AGT005,2026-07-10,158
WL0014188,TKT011666,AGT007,2026-07-10,58
WL0014189,TKT011667,AGT007,2026-07-10,155
WL0014190,TKT011668,AGT005,2026-07-11,40
WL0014191,TKT011669,AGT001,2026-07-11,63
WL0014192,TKT011670,AGT007,2026-07-11,93
WL0014193,TKT011671,AGT005,2026-07-11,68
WL0014194,TKT011672,AGT018,2026-07-11,65
WL0014195,TKT011673,AGT005,2026-07-11,53
WL0014196,TKT011674,AGT005,2026-07-11,239
WL0014197,TKT011675,AGT001,2026-07-11,25
WL0014198,TKT011675,AGT005,2026-07-11,14
WL0014199,TKT011676,AGT013,2026-07-11,223
WL0014200,TKT011677,AGT014,2026-07-11,231
WL0014201,TKT011678,AGT001,2026-07-11,3
WL0014202,TKT011678,AGT005,2026-07-11,66
WL0014203,TKT011679,AGT014,2026-07-11,78
WL0014204,TKT011680,AGT007,2026-07-11,65
WL0014205,TKT011681,AGT014,2026-07-11,80
WL0014206,TKT011682,AGT007,2026-07-11,51
WL0014207,TKT011683,AGT018,2026-07-11,136
WL0014208,TKT011684,AGT010,2026-07-11,63
WL0014209,TKT011685,AGT014,2026-07-11,59
WL0014210,TKT011686,AGT018,2026-07-11,36
WL0014211,TKT011687,AGT010,2026-07-11,91
WL0014212,TKT011688,AGT014,2026-07-11,2
WL0014213,TKT011688,AGT018,2026-07-11,50
WL0014214,TKT011689,AGT001,2026-07-11,60
WL0014215,TKT011690,AGT018,2026-07-11,85
WL0014216,TKT011691,AGT013,2026-07-11,32
WL0014217,TKT011691,AGT018,2026-07-11,57
WL0014218,TKT011692,AGT018,2026-07-11,38
WL0014219,TKT011693,AGT013,2026-07-11,93
WL0014220,TKT011693,AGT018,2026-07-11,13
WL0014221,TKT011694,AGT001,2026-07-11,32
WL0014222,TKT011695,AGT008,2026-07-12,59
WL0014223,TKT011696,AGT015,2026-07-12,65
WL0014224,TKT011697,AGT004,2026-07-12,58
WL0014225,TKT011697,AGT005,2026-07-12,32
WL0014226,TKT011698,AGT006,2026-07-12,42
WL0014227,TKT011699,AGT018,2026-07-12,84
WL0014228,TKT011700,AGT013,2026-07-12,33
WL0014229,TKT011701,AGT004,2026-07-12,37
WL0014230,TKT011702,AGT018,2026-07-12,31
WL0014231,TKT011703,AGT015,2026-07-12,34
WL0014232,TKT011704,AGT004,2026-07-12,42
WL0014233,TKT011705,AGT009,2026-07-12,202
WL0014234,TKT011706,AGT004,2026-07-12,42
WL0014235,TKT011707,AGT013,2026-07-12,56
WL0014236,TKT011708,AGT004,2026-07-12,37
WL0014237,TKT011708,AGT006,2026-07-12,21
WL0014238,TKT011709,AGT018,2026-07-12,96
WL0014239,TKT011710,AGT015,2026-07-12,59
WL0014240,TKT011710,AGT018,2026-07-12,32
WL0014241,TKT011711,AGT008,2026-07-12,149
WL0014242,TKT011712,AGT015,2026-07-12,59
WL0014243,TKT011713,AGT005,2026-07-12,172
WL0014244,TKT011714,AGT005,2026-07-12,43
WL0014245,TKT011715,AGT015,2026-07-12,61
WL0014246,TKT011716,AGT013,2026-07-12,108
WL0014247,TKT011717,AGT018,2026-07-12,67
WL0014248,TKT011718,AGT008,2026-07-12,50
WL0014249,TKT011719,AGT013,2026-07-12,99
WL0014250,TKT011720,AGT008,2026-07-12,74
WL0014251,TKT011721,AGT014,2026-07-13,100
WL0014252,TKT011722,AGT013,2026-07-13,53
WL0014253,TKT011722,AGT018,2026-07-13,29
WL0014254,TKT011723,AGT012,2026-07-13,115
WL0014255,TKT011724,AGT005,2026-07-13,84
WL0014256,TKT011725,AGT002,2026-07-13,53
WL0014257,TKT011726,AGT007,2026-07-13,178
WL0014258,TKT011727,AGT007,2026-07-13,94
WL0014259,TKT011727,AGT009,2026-07-13,52
WL0014260,TKT011728,AGT004,2026-07-13,14
WL0014261,TKT011728,AGT005,2026-07-13,25
WL0014262,TKT011729,AGT014,2026-07-13,46
WL0014263,TKT011730,AGT010,2026-07-13,125
WL0014264,TKT011731,AGT018,2026-07-13,44
WL0014265,TKT011732,AGT015,2026-07-13,21
WL0014266,TKT011732,AGT018,2026-07-13,37
WL0014267,TKT011733,AGT015,2026-07-13,92
WL0014268,TKT011734,AGT016,2026-07-13,109
WL0014269,TKT011735,AGT005,2026-07-13,178
WL0014270,TKT011736,AGT012,2026-07-13,249
WL0014271,TKT011737,AGT007,2026-07-13,47
WL0014272,TKT011737,AGT009,2026-07-13,87
WL0014273,TKT011738,AGT014,2026-07-13,73
WL0014274,TKT011739,AGT012,2026-07-13,66
WL0014275,TKT011740,AGT012,2026-07-13,33
WL0014276,TKT011741,AGT018,2026-07-13,42
WL0014277,TKT011742,AGT007,2026-07-13,91
WL0014278,TKT011742,AGT008,2026-07-13,2
WL0014279,TKT011742,AGT012,2026-07-13,47
WL0014280,TKT011743,AGT007,2026-07-13,57
WL0014281,TKT011744,AGT014,2026-07-13,67
WL0014282,TKT011745,AGT015,2026-07-13,11
WL0014283,TKT011745,AGT018,2026-07-13,20
WL0014284,TKT011746,AGT016,2026-07-13,62
WL0014285,TKT011747,AGT014,2026-07-13,62
WL0014286,TKT011748,AGT004,2026-07-13,58
WL0014287,TKT011749,AGT013,2026-07-13,35
WL0014288,TKT011749,AGT016,2026-07-13,20
WL0014289,TKT011750,AGT016,2026-07-13,28
WL0014290,TKT011750,AGT018,2026-07-13,51
WL0014291,TKT011751,AGT003,2026-07-13,25
WL0014292,TKT011752,AGT015,2026-07-13,59
WL0014293,TKT011753,AGT015,2026-07-13,60
WL0014294,TKT011754,AGT015,2026-07-13,85
WL0014295,TKT011755,AGT005,2026-07-13,70
WL0014296,TKT011756,AGT007,2026-07-13,13
WL0014297,TKT011756,AGT009,2026-07-13,26
WL0014298,TKT011757,AGT008,2026-07-13,102
WL0014299,TKT011757,AGT009,2026-07-13,56
WL0014300,TKT011758,AGT015,2026-07-13,70
WL0014301,TKT011759,AGT004,2026-07-13,65
WL0014302,TKT011760,AGT018,2026-07-13,47
WL0014303,TKT011761,AGT014,2026-07-13,76
WL0014304,TKT011762,AGT003,2026-07-13,51
WL0014305,TKT011763,AGT003,2026-07-13,17
WL0014306,TKT011764,AGT005,2026-07-13,28
WL0014307,TKT011765,AGT005,2026-07-13,40
WL0014308,TKT011766,AGT014,2026-07-13,37
WL0014309,TKT011766,AGT018,2026-07-13,66
WL0014310,TKT011767,AGT004,2026-07-13,26
WL0014311,TKT011767,AGT006,2026-07-13,15
WL0014312,TKT011768,AGT004,2026-07-13,80
WL0014313,TKT011769,AGT008,2026-07-13,79
WL0014314,TKT011770,AGT004,2026-07-13,41
WL0014315,TKT011771,AGT014,2026-07-13,19
WL0014316,TKT011771,AGT015,2026-07-13,75
WL0014317,TKT011772,AGT002,2026-07-13,10
WL0014318,TKT011772,AGT005,2026-07-13,55
WL0014319,TKT011773,AGT013,2026-07-13,10
WL0014320,TKT011773,AGT015,2026-07-13,7
WL0014321,TKT011773,AGT018,2026-07-13,31
WL0014322,TKT011774,AGT016,2026-07-14,78
WL0014323,TKT011775,AGT010,2026-07-14,75
WL0014324,TKT011776,AGT012,2026-07-14,210
WL0014325,TKT011777,AGT003,2026-07-14,44
WL0014326,TKT011777,AGT006,2026-07-14,80
WL0014327,TKT011778,AGT011,2026-07-14,166
WL0014328,TKT011779,AGT005,2026-07-14,19
WL0014329,TKT011780,AGT017,2026-07-14,152
WL0014330,TKT011781,AGT012,2026-07-14,158
WL0014331,TKT011782,AGT001,2026-07-14,41
WL0014332,TKT011783,AGT006,2026-07-14,76
WL0014333,TKT011784,AGT013,2026-07-14,47
WL0014334,TKT011785,AGT013,2026-07-14,47
WL0014335,TKT011786,AGT017,2026-07-14,70
WL0014336,TKT011787,AGT004,2026-07-14,147
WL0014337,TKT011788,AGT011,2026-07-14,71
WL0014338,TKT011789,AGT013,2026-07-14,122
WL0014339,TKT011790,AGT005,2026-07-14,21
WL0014340,TKT011791,AGT016,2026-07-14,24
WL0014341,TKT011792,AGT006,2026-07-14,31
WL0014342,TKT011793,AGT009,2026-07-14,64
WL0014343,TKT011794,AGT011,2026-07-14,153
WL0014344,TKT011794,AGT012,2026-07-14,142
WL0014345,TKT011795,AGT010,2026-07-14,39
WL0014346,TKT011796,AGT006,2026-07-14,93
WL0014347,TKT011797,AGT017,2026-07-14,222
WL0014348,TKT011798,AGT005,2026-07-14,23
WL0014349,TKT011799,AGT007,2026-07-14,189
WL0014350,TKT011800,AGT003,2026-07-14,43
WL0014351,TKT011801,AGT015,2026-07-14,52
WL0014352,TKT011801,AGT018,2026-07-14,28
WL0014353,TKT011802,AGT015,2026-07-14,53
WL0014354,TKT011803,AGT004,2026-07-14,61
WL0014355,TKT011804,AGT011,2026-07-14,82
WL0014356,TKT011805,AGT006,2026-07-14,46
WL0014357,TKT011806,AGT003,2026-07-14,64
WL0014358,TKT011807,AGT010,2026-07-14,96
WL0014359,TKT011808,AGT006,2026-07-14,82
WL0014360,TKT011809,AGT015,2026-07-14,60
WL0014361,TKT011810,AGT014,2026-07-14,41
WL0014362,TKT011810,AGT017,2026-07-14,36
WL0014363,TKT011811,AGT010,2026-07-14,57
WL0014364,TKT011811,AGT011,2026-07-14,38
WL0014365,TKT011812,AGT016,2026-07-14,30
WL0014366,TKT011813,AGT005,2026-07-14,74
WL0014367,TKT011814,AGT002,2026-07-14,57
WL0014368,TKT011815,AGT001,2026-07-14,27
WL0014369,TKT011816,AGT014,2026-07-14,110
WL0014370,TKT011816,AGT016,2026-07-14,60
WL0014371,TKT011817,AGT003,2026-07-14,31
WL0014372,TKT011818,AGT014,2026-07-14,39
WL0014373,TKT011819,AGT013,2026-07-15,35
WL0014374,TKT011819,AGT015,2026-07-15,19
WL0014375,TKT011820,AGT001,2026-07-15,40
WL0014376,TKT011821,AGT006,2026-07-15,70
WL0014377,TKT011822,AGT006,2026-07-15,163
WL0014378,TKT011823,AGT005,2026-07-15,33
WL0014379,TKT011823,AGT006,2026-07-15,18
WL0014380,TKT011824,AGT006,2026-07-15,124
WL0014381,TKT011825,AGT001,2026-07-15,72
WL0014382,TKT011826,AGT001,2026-07-15,119
WL0014383,TKT011827,AGT015,2026-07-15,56
WL0014384,TKT011828,AGT005,2026-07-15,33
WL0014385,TKT011829,AGT005,2026-07-15,17
WL0014386,TKT011829,AGT006,2026-07-15,105
WL0014387,TKT011830,AGT014,2026-07-15,95
WL0014388,TKT011831,AGT017,2026-07-15,28
WL0014389,TKT011832,AGT009,2026-07-15,65
WL0014390,TKT011832,AGT010,2026-07-15,119
WL0014391,TKT011833,AGT005,2026-07-15,95
WL0014392,TKT011834,AGT008,2026-07-15,93
WL0014393,TKT011835,AGT001,2026-07-15,53
WL0014394,TKT011836,AGT005,2026-07-15,124
WL0014395,TKT011837,AGT009,2026-07-15,99
WL0014396,TKT011838,AGT005,2026-07-15,136
WL0014397,TKT011839,AGT010,2026-07-15,39
WL0014398,TKT011840,AGT008,2026-07-15,44
WL0014399,TKT011840,AGT009,2026-07-15,24
WL0014400,TKT011841,AGT009,2026-07-15,117
WL0014401,TKT011842,AGT013,2026-07-15,36
WL0014402,TKT011843,AGT001,2026-07-15,60
WL0014403,TKT011844,AGT016,2026-07-15,49
WL0014404,TKT011845,AGT008,2026-07-15,65
WL0014405,TKT011846,AGT001,2026-07-15,19
WL0014406,TKT011846,AGT005,2026-07-15,42
WL0014407,TKT011847,AGT013,2026-07-15,68
WL0014408,TKT011848,AGT013,2026-07-15,39
WL0014409,TKT011848,AGT016,2026-07-15,72
WL0014410,TKT011849,AGT001,2026-07-15,41
WL0014411,TKT011850,AGT007,2026-07-15,109
WL0014412,TKT011851,AGT015,2026-07-15,115
WL0014413,TKT011852,AGT016,2026-07-15,73
WL0014414,TKT011853,AGT008,2026-07-15,61
WL0014415,TKT011853,AGT009,2026-07-15,34
WL0014416,TKT011854,AGT001,2026-07-15,74
WL0014417,TKT011855,AGT015,2026-07-15,72
WL0014418,TKT011856,AGT010,2026-07-15,293
WL0014419,TKT011857,AGT001,2026-07-15,2
WL0014420,TKT011857,AGT008,2026-07-15,21
WL0014421,TKT011858,AGT017,2026-07-15,51
WL0014422,TKT011859,AGT014,2026-07-15,69
WL0014423,TKT011860,AGT017,2026-07-15,28
WL0014424,TKT011861,AGT016,2026-07-15,89
WL0014425,TKT011862,AGT007,2026-07-15,38
WL0014426,TKT011863,AGT011,2026-07-15,64
WL0014427,TKT011864,AGT010,2026-07-15,29
WL0014428,TKT011864,AGT013,2026-07-15,100
WL0014429,TKT011864,AGT016,2026-07-15,25
WL0014430,TKT011865,AGT011,2026-07-15,52
WL0014431,TKT011866,AGT011,2026-07-15,93
WL0014432,TKT011867,AGT007,2026-07-15,91
WL0014433,TKT011867,AGT011,2026-07-15,50
WL0014434,TKT011868,AGT014,2026-07-15,57
WL0014435,TKT011869,AGT017,2026-07-15,42
WL0014436,TKT011870,AGT011,2026-07-15,82
WL0014437,TKT011871,AGT003,2026-07-16,56
WL0014438,TKT011872,AGT005,2026-07-16,27
WL0014439,TKT011873,AGT008,2026-07-16,160
WL0014440,TKT011874,AGT010,2026-07-16,95
WL0014441,TKT011875,AGT003,2026-07-16,28
WL0014442,TKT011875,AGT005,2026-07-16,52
WL0014443,TKT011876,AGT015,2026-07-16,20
WL0014444,TKT011877,AGT014,2026-07-16,48
WL0014445,TKT011878,AGT018,2026-07-16,109
WL0014446,TKT011879,AGT004,2026-07-16,42
WL0014447,TKT011880,AGT011,2026-07-16,82
WL0014448,TKT011881,AGT005,2026-07-16,18
WL0014449,TKT011881,AGT006,2026-07-16,32
WL0014450,TKT011882,AGT008,2026-07-16,44
WL0014451,TKT011883,AGT013,2026-07-16,61
WL0014452,TKT011884,AGT016,2026-07-16,115
WL0014453,TKT011885,AGT001,2026-07-16,23
WL0014454,TKT011886,AGT014,2026-07-16,73
WL0014455,TKT011886,AGT016,2026-07-16,40
WL0014456,TKT011887,AGT008,2026-07-16,31
WL0014457,TKT011887,AGT012,2026-07-16,57
WL0014458,TKT011888,AGT012,2026-07-16,149
WL0014459,TKT011889,AGT008,2026-07-16,33
WL0014460,TKT011890,AGT015,2026-07-16,26
WL0014461,TKT011890,AGT018,2026-07-16,14
WL0014462,TKT011891,AGT015,2026-07-16,26
WL0014463,TKT011892,AGT001,2026-07-16,72
WL0014464,TKT011893,AGT003,2026-07-16,90
WL0014465,TKT011894,AGT011,2026-07-16,52
WL0014466,TKT011895,AGT007,2026-07-17,87
WL0014467,TKT011896,AGT014,2026-07-17,76
WL0014468,TKT011896,AGT016,2026-07-17,139
WL0014469,TKT011897,AGT002,2026-07-17,36
WL0014470,TKT011897,AGT005,2026-07-17,20
WL0014471,TKT011898,AGT003,2026-07-17,46
WL0014472,TKT011899,AGT010,2026-07-17,93
WL0014473,TKT011900,AGT009,2026-07-17,50
WL0014474,TKT011901,AGT014,2026-07-17,58
WL0014475,TKT011902,AGT006,2026-07-17,33
WL0014476,TKT011903,AGT002,2026-07-17,21
WL0014477,TKT011904,AGT003,2026-07-17,31
WL0014478,TKT011905,AGT013,2026-07-17,54
WL0014479,TKT011906,AGT006,2026-07-17,38
WL0014480,TKT011907,AGT014,2026-07-17,114
WL0014481,TKT011908,AGT013,2026-07-17,20
WL0014482,TKT011908,AGT014,2026-07-17,36
WL0014483,TKT011909,AGT003,2026-07-17,36
WL0014484,TKT011910,AGT002,2026-07-17,48
WL0014485,TKT011911,AGT011,2026-07-17,120
WL0014486,TKT011912,AGT014,2026-07-17,29
WL0014487,TKT011912,AGT016,2026-07-17,53
WL0014488,TKT011913,AGT006,2026-07-17,55
WL0014489,TKT011914,AGT007,2026-07-17,30
WL0014490,TKT011915,AGT014,2026-07-17,146
WL0014491,TKT011916,AGT013,2026-07-17,47
WL0014492,TKT011917,AGT013,2026-07-17,199
WL0014493,TKT011917,AGT014,2026-07-17,21
WL0014494,TKT011918,AGT016,2026-07-17,31
WL0014495,TKT011919,AGT015,2026-07-17,56
WL0014496,TKT011920,AGT015,2026-07-17,9
WL0014497,TKT011920,AGT018,2026-07-17,14
WL0014498,TKT011921,AGT013,2026-07-17,24
WL0014499,TKT011921,AGT018,2026-07-17,43
WL0014500,TKT011922,AGT005,2026-07-17,54
WL0014501,TKT011923,AGT003,2026-07-17,27
WL0014502,TKT011924,AGT006,2026-07-17,147
WL0014503,TKT011925,AGT002,2026-07-17,75
WL0014504,TKT011926,AGT015,2026-07-17,69
WL0014505,TKT011927,AGT015,2026-07-17,42
WL0014506,TKT011927,AGT018,2026-07-17,78
WL0014507,TKT011928,AGT007,2026-07-17,98
WL0014508,TKT011929,AGT003,2026-07-17,37
WL0014509,TKT011930,AGT012,2026-07-17,51
WL0014510,TKT011931,AGT009,2026-07-17,50
WL0014511,TKT011932,AGT002,2026-07-17,50
WL0014512,TKT011933,AGT003,2026-07-17,65
WL0014513,TKT011934,AGT003,2026-07-17,32
WL0014514,TKT011935,AGT013,2026-07-17,22
WL0014515,TKT011936,AGT016,2026-07-17,64
WL0014516,TKT011937,AGT005,2026-07-17,29
WL0014517,TKT011938,AGT015,2026-07-17,40
WL0014518,TKT011939,AGT012,2026-07-17,166
WL0014519,TKT011940,AGT016,2026-07-17,29
WL0014520,TKT011940,AGT018,2026-07-17,53
WL0014521,TKT011941,AGT007,2026-07-17,57
WL0014522,TKT011941,AGT010,2026-07-17,104
WL0014523,TKT011942,AGT013,2026-07-17,53
WL0014524,TKT011943,AGT005,2026-07-17,87
WL0014525,TKT011944,AGT003,2026-07-17,26
WL0014526,TKT011945,AGT003,2026-07-17,57
WL0014527,TKT011946,AGT013,2026-07-17,61
WL0014528,TKT011946,AGT018,2026-07-17,53
WL0014529,TKT011947,AGT016,2026-07-17,7
WL0014530,TKT011947,AGT018,2026-07-17,13
WL0014531,TKT011948,AGT002,2026-07-17,45
WL0014532,TKT011949,AGT011,2026-07-17,127
WL0014535,TKT011951,AGT016,2026-07-17,43
WL0014536,TKT011952,AGT011,2026-07-17,142
WL0014537,TKT011953,AGT003,2026-07-17,37
WL0014538,TKT011954,AGT005,2026-07-17,139
WL0014539,TKT011955,AGT007,2026-07-17,48
WL0014540,TKT011955,AGT009,2026-07-17,27
WL0014541,TKT011956,AGT018,2026-07-18,66
WL0014542,TKT011957,AGT017,2026-07-18,73
WL0014543,TKT011958,AGT015,2026-07-18,63
WL0014545,TKT011960,AGT008,2026-07-18,226
WL0014546,TKT011961,AGT013,2026-07-18,111
WL0014547,TKT011962,AGT017,2026-07-18,40
WL0014548,TKT011963,AGT007,2026-07-18,122
WL0014549,TKT011963,AGT008,2026-07-18,67
WL0014550,TKT011964,AGT004,2026-07-18,33
WL0014551,TKT011965,AGT005,2026-07-18,69
WL0014552,TKT011966,AGT008,2026-07-18,58
WL0014553,TKT011966,AGT012,2026-07-18,106
WL0014554,TKT011967,AGT007,2026-07-18,94
WL0014555,TKT011968,AGT005,2026-07-18,137
WL0014556,TKT011969,AGT004,2026-07-18,29
WL0014557,TKT011969,AGT005,2026-07-18,16
WL0014558,TKT011970,AGT016,2026-07-18,41
WL0014559,TKT011971,AGT017,2026-07-18,90
WL0014560,TKT011972,AGT011,2026-07-18,100
WL0014561,TKT011973,AGT004,2026-07-18,39
WL0014562,TKT011974,AGT015,2026-07-18,136
WL0014563,TKT011975,AGT016,2026-07-18,112
WL0014564,TKT011976,AGT005,2026-07-18,22
WL0014565,TKT011977,AGT012,2026-07-18,83
WL0014566,TKT011978,AGT003,2026-07-19,46
WL0014567,TKT011979,AGT017,2026-07-19,67
WL0014568,TKT011980,AGT011,2026-07-19,362
WL0014569,TKT011981,AGT011,2026-07-19,43
WL0014570,TKT011982,AGT007,2026-07-19,144
WL0014571,TKT011983,AGT017,2026-07-19,43
WL0014572,TKT011984,AGT010,2026-07-19,12
WL0014573,TKT011984,AGT011,2026-07-19,75
WL0014574,TKT011985,AGT007,2026-07-19,62
WL0014575,TKT011986,AGT009,2026-07-19,62
WL0014576,TKT011987,AGT003,2026-07-19,9
WL0014577,TKT011987,AGT004,2026-07-19,15
WL0014578,TKT011988,AGT015,2026-07-19,82
WL0014579,TKT011989,AGT007,2026-07-19,20
WL0014580,TKT011989,AGT012,2026-07-19,35
WL0014581,TKT011990,AGT007,2026-07-19,84
WL0014582,TKT011991,AGT009,2026-07-19,194
WL0014583,TKT011992,AGT010,2026-07-19,90
WL0014584,TKT011993,AGT009,2026-07-19,131
WL0014585,TKT011994,AGT015,2026-07-19,153
WL0014586,TKT011995,AGT005,2026-07-19,70
WL0014587,TKT011996,AGT005,2026-07-19,65
WL0014588,TKT011997,AGT007,2026-07-19,88
WL0014589,TKT011998,AGT010,2026-07-19,42
WL0014590,TKT011999,AGT002,2026-07-19,21
WL0014591,TKT012000,AGT002,2026-07-19,71
WL0014592,TKT012001,AGT003,2026-07-19,33
WL0014593,TKT012002,AGT003,2026-07-19,52
WL0014594,TKT012003,AGT017,2026-07-19,35
WL0014595,TKT012004,AGT015,2026-07-19,41
WL0014596,TKT012005,AGT007,2026-07-19,22
WL0014597,TKT012005,AGT009,2026-07-19,123
WL0014598,TKT012005,AGT010,2026-07-19,91
WL0014599,TKT012006,AGT005,2026-07-19,62
WL0014600,TKT012007,AGT010,2026-07-19,75
WL0014601,TKT012008,AGT015,2026-07-19,16
WL0014602,TKT012008,AGT017,2026-07-19,28
WL0014603,TKT012009,AGT017,2026-07-19,174
WL0014604,TKT012010,AGT015,2026-07-19,22
WL0014605,TKT012010,AGT017,2026-07-19,39
WL0014606,TKT012011,AGT015,2026-07-20,59
WL0014608,TKT012013,AGT009,2026-07-20,80
WL0014609,TKT012014,AGT006,2026-07-20,52
WL0014610,TKT012015,AGT011,2026-07-20,26
WL0014611,TKT012016,AGT018,2026-07-20,74
WL0014612,TKT012017,AGT014,2026-07-20,74
WL0014613,TKT012018,AGT002,2026-07-20,34
WL0014614,TKT012019,AGT016,2026-07-20,61
WL0014615,TKT012020,AGT015,2026-07-20,19
WL0014616,TKT012021,AGT006,2026-07-20,60
WL0014617,TKT012022,AGT009,2026-07-20,87
WL0014618,TKT012023,AGT018,2026-07-20,88
WL0014619,TKT012024,AGT015,2026-07-20,67
WL0014620,TKT012025,AGT006,2026-07-20,50
WL0014621,TKT012026,AGT018,2026-07-20,58
WL0014622,TKT012027,AGT013,2026-07-20,47
WL0014623,TKT012028,AGT002,2026-07-20,241
WL0014624,TKT012029,AGT010,2026-07-20,58
WL0014625,TKT012029,AGT011,2026-07-20,106
WL0014626,TKT012030,AGT009,2026-07-20,50
WL0014627,TKT012031,AGT014,2026-07-20,40
WL0014628,TKT012032,AGT011,2026-07-20,83
WL0014629,TKT012033,AGT001,2026-07-20,20
WL0014630,TKT012033,AGT002,2026-07-20,36
WL0014631,TKT012034,AGT008,2026-07-20,88
WL0014632,TKT012035,AGT007,2026-07-20,111
WL0014633,TKT012036,AGT013,2026-07-20,160
WL0014634,TKT012037,AGT001,2026-07-20,90
WL0014635,TKT012038,AGT010,2026-07-20,43
WL0014636,TKT012039,AGT002,2026-07-20,52
WL0014637,TKT012040,AGT017,2026-07-20,37
WL0014638,TKT012041,AGT010,2026-07-20,128
WL0014639,TKT012042,AGT017,2026-07-20,50
WL0014640,TKT012043,AGT009,2026-07-20,105
WL0014641,TKT012043,AGT012,2026-07-20,57
WL0014642,TKT012044,AGT007,2026-07-20,33
WL0014643,TKT012044,AGT008,2026-07-20,60
WL0014644,TKT012045,AGT018,2026-07-20,55
WL0014645,TKT012046,AGT013,2026-07-20,72
WL0014646,TKT012047,AGT012,2026-07-20,92
WL0014647,TKT012048,AGT012,2026-07-21,115
WL0014648,TKT012049,AGT014,2026-07-21,51
WL0014649,TKT012050,AGT011,2026-07-21,144
WL0014650,TKT012051,AGT014,2026-07-21,53
WL0014651,TKT012052,AGT007,2026-07-21,63
WL0014652,TKT012053,AGT003,2026-07-21,101
WL0014653,TKT012054,AGT014,2026-07-21,195
WL0014654,TKT012055,AGT011,2026-07-21,61
WL0014655,TKT012056,AGT013,2026-07-21,132
WL0014656,TKT012057,AGT007,2026-07-21,59
WL0014657,TKT012057,AGT011,2026-07-21,32
WL0014658,TKT012058,AGT010,2026-07-21,96
WL0014659,TKT012058,AGT012,2026-07-21,177
WL0014660,TKT012059,AGT009,2026-07-21,171
WL0014661,TKT012060,AGT017,2026-07-21,60
WL0014662,TKT012060,AGT018,2026-07-21,33
WL0014663,TKT012061,AGT014,2026-07-21,93
WL0014664,TKT012062,AGT015,2026-07-21,58
WL0014665,TKT012063,AGT018,2026-07-21,75
WL0014666,TKT012064,AGT018,2026-07-21,36
WL0014667,TKT012065,AGT016,2026-07-21,14
WL0014668,TKT012065,AGT018,2026-07-21,9
WL0014669,TKT012066,AGT009,2026-07-21,50
WL0014670,TKT012066,AGT011,2026-07-21,213
WL0014671,TKT012067,AGT007,2026-07-21,151
WL0014672,TKT012068,AGT015,2026-07-21,109
WL0014673,TKT012069,AGT001,2026-07-21,18
WL0014674,TKT012069,AGT003,2026-07-21,10
WL0014676,TKT012071,AGT017,2026-07-21,99
WL0014677,TKT012072,AGT005,2026-07-21,53
WL0014678,TKT012073,AGT001,2026-07-21,48
WL0014679,TKT012074,AGT012,2026-07-21,143
WL0014680,TKT012075,AGT015,2026-07-21,44
WL0014681,TKT012076,AGT014,2026-07-21,88
WL0014682,TKT012076,AGT015,2026-07-21,11
WL0014683,TKT012077,AGT013,2026-07-21,17
WL0014684,TKT012077,AGT017,2026-07-21,30
WL0014685,TKT012078,AGT010,2026-07-21,31
WL0014686,TKT012079,AGT013,2026-07-21,131
WL0014687,TKT012080,AGT010,2026-07-21,121
WL0014688,TKT012081,AGT009,2026-07-21,52
WL0014689,TKT012081,AGT012,2026-07-21,15
WL0014690,TKT012082,AGT015,2026-07-21,34
WL0014691,TKT012083,AGT015,2026-07-21,14
WL0014692,TKT012083,AGT017,2026-07-21,24
WL0014693,TKT012084,AGT007,2026-07-21,53
WL0014694,TKT012084,AGT009,2026-07-21,96
WL0014695,TKT012085,AGT010,2026-07-21,60
WL0014696,TKT012086,AGT018,2026-07-21,48
WL0014697,TKT012087,AGT001,2026-07-21,14
WL0014698,TKT012087,AGT003,2026-07-21,26
WL0014699,TKT012088,AGT013,2026-07-21,43
WL0014700,TKT012089,AGT003,2026-07-21,49
WL0014701,TKT012090,AGT001,2026-07-21,14
WL0014702,TKT012090,AGT004,2026-07-21,24
WL0014703,TKT012091,AGT005,2026-07-21,14
WL0014704,TKT012092,AGT013,2026-07-21,34
WL0014705,TKT012093,AGT018,2026-07-21,48
WL0014706,TKT012094,AGT007,2026-07-21,63
WL0014707,TKT012095,AGT001,2026-07-21,124
WL0014708,TKT012096,AGT007,2026-07-21,91
WL0014709,TKT012096,AGT010,2026-07-21,108
WL0014710,TKT012097,AGT016,2026-07-21,52
WL0014711,TKT012098,AGT001,2026-07-22,64
WL0014712,TKT012099,AGT005,2026-07-22,62
WL0014713,TKT012100,AGT013,2026-07-22,38
WL0014714,TKT012101,AGT003,2026-07-22,30
WL0014715,TKT012102,AGT016,2026-07-22,72
WL0014716,TKT012103,AGT018,2026-07-22,66
WL0014717,TKT012104,AGT003,2026-07-22,75
WL0014718,TKT012105,AGT003,2026-07-22,26
WL0014719,TKT012106,AGT008,2026-07-22,88
WL0014720,TKT012107,AGT013,2026-07-22,102
WL0014721,TKT012108,AGT001,2026-07-22,59
WL0014722,TKT012109,AGT008,2026-07-22,208
WL0014723,TKT012110,AGT007,2026-07-22,98
WL0014724,TKT012110,AGT012,2026-07-22,54
WL0014725,TKT012111,AGT006,2026-07-22,112
WL0014726,TKT012112,AGT010,2026-07-22,90
WL0014727,TKT012113,AGT011,2026-07-22,155
WL0014728,TKT012114,AGT003,2026-07-22,72
WL0014729,TKT012114,AGT006,2026-07-22,39
WL0014730,TKT012115,AGT018,2026-07-22,96
WL0014731,TKT012116,AGT017,2026-07-22,51
WL0014732,TKT012117,AGT014,2026-07-22,101
WL0014733,TKT012118,AGT003,2026-07-22,95
WL0014734,TKT012119,AGT003,2026-07-22,32
WL0014735,TKT012119,AGT006,2026-07-22,58
WL0014736,TKT012120,AGT010,2026-07-22,52
WL0014737,TKT012120,AGT011,2026-07-22,28
WL0014738,TKT012121,AGT006,2026-07-22,51
WL0014739,TKT012122,AGT016,2026-07-22,113
WL0014740,TKT012123,AGT015,2026-07-22,44
WL0014741,TKT012124,AGT007,2026-07-22,124
WL0014742,TKT012125,AGT001,2026-07-22,33
WL0014743,TKT012125,AGT006,2026-07-22,18
WL0014744,TKT012126,AGT005,2026-07-22,54
WL0014745,TKT012127,AGT014,2026-07-22,119
WL0014746,TKT012128,AGT010,2026-07-22,130
WL0014747,TKT012129,AGT001,2026-07-22,42
WL0014748,TKT012130,AGT015,2026-07-22,74
WL0014749,TKT012130,AGT017,2026-07-22,40
WL0014750,TKT012131,AGT005,2026-07-22,25
WL0014751,TKT012132,AGT018,2026-07-22,39
WL0014752,TKT012133,AGT018,2026-07-22,110
WL0014753,TKT012134,AGT001,2026-07-22,77
WL0014754,TKT012135,AGT017,2026-07-22,60
WL0014755,TKT012136,AGT011,2026-07-22,109
WL0014756,TKT012137,AGT007,2026-07-22,22
WL0014757,TKT012137,AGT011,2026-07-22,188
WL0014758,TKT012138,AGT018,2026-07-22,35
WL0014759,TKT012139,AGT017,2026-07-22,118
WL0014760,TKT012140,AGT006,2026-07-22,59
WL0014761,TKT012141,AGT003,2026-07-22,81
WL0014762,TKT012142,AGT008,2026-07-22,38
WL0014763,TKT012143,AGT001,2026-07-22,79
WL0014764,TKT012144,AGT016,2026-07-22,28
WL0014765,TKT012144,AGT018,2026-07-22,16
WL0014766,TKT012145,AGT010,2026-07-22,55
WL0014767,TKT012146,AGT001,2026-07-22,39
WL0014768,TKT012146,AGT003,2026-07-22,99
WL0014769,TKT012147,AGT018,2026-07-23,20
WL0014770,TKT012148,AGT010,2026-07-23,369
WL0014771,TKT012149,AGT009,2026-07-23,50
WL0014772,TKT012150,AGT011,2026-07-23,84
WL0014773,TKT012150,AGT012,2026-07-23,46
WL0014774,TKT012151,AGT002,2026-07-23,75
WL0014775,TKT012151,AGT004,2026-07-23,41
WL0014776,TKT012152,AGT004,2026-07-23,24
WL0014777,TKT012153,AGT003,2026-07-23,231
WL0014778,TKT012154,AGT014,2026-07-23,113
WL0014779,TKT012155,AGT016,2026-07-23,45
WL0014780,TKT012156,AGT002,2026-07-23,67
WL0014781,TKT012157,AGT005,2026-07-23,23
WL0014782,TKT012158,AGT015,2026-07-23,41
WL0014783,TKT012159,AGT018,2026-07-23,61
WL0014784,TKT012160,AGT011,2026-07-23,287
WL0014785,TKT012161,AGT009,2026-07-23,80
WL0014786,TKT012162,AGT002,2026-07-23,133
WL0014787,TKT012163,AGT001,2026-07-23,73
WL0014788,TKT012164,AGT018,2026-07-23,44
WL0014789,TKT012165,AGT010,2026-07-23,21
WL0014790,TKT012165,AGT011,2026-07-23,109
WL0014791,TKT012166,AGT007,2026-07-23,94
WL0014792,TKT012167,AGT010,2026-07-23,60
WL0014793,TKT012167,AGT012,2026-07-23,4
WL0014794,TKT012168,AGT018,2026-07-23,57
WL0014795,TKT012169,AGT007,2026-07-23,26
WL0014796,TKT012169,AGT012,2026-07-23,47
WL0014797,TKT012170,AGT014,2026-07-23,17
WL0014798,TKT012171,AGT004,2026-07-23,32
WL0014799,TKT012172,AGT001,2026-07-23,9
WL0014800,TKT012172,AGT002,2026-07-23,145
WL0014801,TKT012173,AGT018,2026-07-23,86
WL0014802,TKT012174,AGT009,2026-07-23,144
WL0014803,TKT012175,AGT009,2026-07-23,52
WL0014804,TKT012176,AGT015,2026-07-23,54
WL0014805,TKT012177,AGT001,2026-07-23,111
WL0014806,TKT012178,AGT004,2026-07-23,67
WL0014807,TKT012179,AGT009,2026-07-23,58
WL0014808,TKT012180,AGT007,2026-07-23,88
WL0014809,TKT012181,AGT007,2026-07-23,76
WL0014810,TKT012181,AGT009,2026-07-23,41
WL0014811,TKT012182,AGT004,2026-07-23,57
WL0014812,TKT012183,AGT012,2026-07-23,31
WL0014813,TKT012184,AGT004,2026-07-23,66
WL0014814,TKT012185,AGT012,2026-07-23,98
WL0014815,TKT012186,AGT015,2026-07-23,33
WL0014816,TKT012187,AGT014,2026-07-23,29
WL0014817,TKT012187,AGT018,2026-07-23,16
WL0014818,TKT012188,AGT016,2026-07-23,18
WL0014819,TKT012189,AGT012,2026-07-23,80
WL0014820,TKT012190,AGT005,2026-07-23,36
WL0014821,TKT012191,AGT017,2026-07-24,54
WL0014822,TKT012192,AGT008,2026-07-24,129
WL0014823,TKT012193,AGT014,2026-07-24,56
WL0014824,TKT012194,AGT015,2026-07-24,48
WL0014825,TKT012195,AGT006,2026-07-24,28
WL0014826,TKT012196,AGT008,2026-07-24,83
WL0014827,TKT012197,AGT009,2026-07-24,60
WL0014828,TKT012198,AGT001,2026-07-24,56
WL0014829,TKT012198,AGT002,2026-07-24,31
WL0014830,TKT012199,AGT011,2026-07-24,105
WL0014831,TKT012200,AGT015,2026-07-24,40
WL0014832,TKT012200,AGT017,2026-07-24,23
WL0014833,TKT012201,AGT014,2026-07-24,141
WL0014834,TKT012202,AGT004,2026-07-24,43
WL0014835,TKT012203,AGT009,2026-07-24,68
WL0014836,TKT012204,AGT016,2026-07-24,84
WL0014837,TKT012205,AGT001,2026-07-24,37
WL0014838,TKT012206,AGT008,2026-07-24,123
WL0014839,TKT012207,AGT018,2026-07-24,90
WL0014840,TKT012208,AGT012,2026-07-24,209
WL0014841,TKT012209,AGT004,2026-07-24,39
WL0014842,TKT012209,AGT005,2026-07-24,22
WL0014843,TKT012210,AGT016,2026-07-24,47
WL0014844,TKT012211,AGT018,2026-07-24,37
WL0014845,TKT012212,AGT008,2026-07-24,81
WL0014846,TKT012213,AGT014,2026-07-24,110
WL0014847,TKT012214,AGT002,2026-07-24,35
WL0014848,TKT012215,AGT008,2026-07-24,94
WL0014849,TKT012215,AGT011,2026-07-24,70
WL0014850,TKT012216,AGT004,2026-07-24,96
WL0014851,TKT012217,AGT005,2026-07-24,23
WL0014852,TKT012218,AGT010,2026-07-24,155
WL0014853,TKT012219,AGT012,2026-07-24,116
WL0014854,TKT012220,AGT009,2026-07-24,174
WL0014855,TKT012221,AGT010,2026-07-24,103
WL0014856,TKT012222,AGT012,2026-07-24,71
WL0014857,TKT012223,AGT011,2026-07-24,109
WL0014858,TKT012223,AGT012,2026-07-24,84
WL0014859,TKT012224,AGT006,2026-07-24,228
WL0014860,TKT012225,AGT015,2026-07-24,46
WL0014861,TKT012226,AGT017,2026-07-24,78
WL0014862,TKT012227,AGT011,2026-07-24,53
WL0014863,TKT012228,AGT001,2026-07-24,74
WL0014864,TKT012229,AGT010,2026-07-24,34
WL0014865,TKT012229,AGT011,2026-07-24,63
WL0014866,TKT012230,AGT009,2026-07-24,145
WL0014867,TKT012231,AGT002,2026-07-24,30
WL0014868,TKT012232,AGT003,2026-07-24,37
WL0014869,TKT012233,AGT015,2026-07-24,53
WL0014870,TKT012234,AGT009,2026-07-24,33
WL0014871,TKT012234,AGT010,2026-07-24,158
WL0014872,TKT012234,AGT011,2026-07-24,23
WL0014873,TKT012235,AGT014,2026-07-24,92
WL0014874,TKT012236,AGT004,2026-07-24,25
WL0014875,TKT012237,AGT017,2026-07-24,124
WL0014876,TKT012238,AGT001,2026-07-24,86
WL0014877,TKT012238,AGT003,2026-07-24,159
WL0014878,TKT012239,AGT006,2026-07-24,36
WL0014879,TKT012239,AGT011,2026-07-24,57
WL0014880,TKT012240,AGT014,2026-07-24,51
WL0014881,TKT012240,AGT015,2026-07-24,63
WL0014882,TKT012241,AGT003,2026-07-25,49
WL0014883,TKT012242,AGT016,2026-07-25,63
WL0014884,TKT012243,AGT012,2026-07-25,153
WL0014885,TKT012244,AGT010,2026-07-25,180
WL0014886,TKT012244,AGT012,2026-07-25,97
WL0014887,TKT012245,AGT002,2026-07-25,122
WL0014888,TKT012246,AGT003,2026-07-25,52
WL0014889,TKT012247,AGT016,2026-07-25,85
WL0014890,TKT012248,AGT016,2026-07-25,39
WL0014891,TKT012248,AGT018,2026-07-25,70
WL0014893,TKT012250,AGT018,2026-07-25,43
WL0014894,TKT012251,AGT016,2026-07-25,47
WL0014895,TKT012252,AGT016,2026-07-25,68
WL0014896,TKT012252,AGT018,2026-07-25,38
WL0014897,TKT012253,AGT003,2026-07-25,8
WL0014898,TKT012253,AGT004,2026-07-25,14
WL0014899,TKT012254,AGT002,2026-07-25,71
WL0014900,TKT012255,AGT016,2026-07-25,37
WL0014901,TKT012255,AGT018,2026-07-25,68
WL0014902,TKT012256,AGT011,2026-07-25,83
WL0014903,TKT012257,AGT002,2026-07-25,59
WL0014904,TKT012258,AGT016,2026-07-25,55
WL0014905,TKT012259,AGT012,2026-07-25,100
WL0014906,TKT012260,AGT018,2026-07-25,21
WL0014907,TKT012261,AGT018,2026-07-25,62
WL0014908,TKT012262,AGT003,2026-07-25,46
WL0014909,TKT012263,AGT016,2026-07-25,23
WL0014910,TKT012263,AGT018,2026-07-25,40
WL0014911,TKT012264,AGT009,2026-07-25,86
WL0014912,TKT012264,AGT010,2026-07-25,158
WL0014915,TKT012266,AGT016,2026-07-25,93
WL0014916,TKT012266,AGT018,2026-07-25,24
WL0014917,TKT012267,AGT011,2026-07-26,105
WL0014918,TKT012268,AGT009,2026-07-26,56
WL0014919,TKT012269,AGT017,2026-07-26,84
WL0014920,TKT012270,AGT003,2026-07-26,72
WL0014921,TKT012271,AGT012,2026-07-26,75
WL0014922,TKT012272,AGT012,2026-07-26,129
WL0014923,TKT012273,AGT017,2026-07-26,48
WL0014924,TKT012274,AGT011,2026-07-26,185
WL0014925,TKT012274,AGT012,2026-07-26,100
WL0014926,TKT012275,AGT002,2026-07-26,64
WL0014927,TKT012276,AGT002,2026-07-26,50
WL0014928,TKT012276,AGT005,2026-07-26,27
WL0014929,TKT012277,AGT017,2026-07-26,78
WL0014930,TKT012278,AGT003,2026-07-26,73
WL0014931,TKT012279,AGT003,2026-07-26,50
WL0014932,TKT012279,AGT005,2026-07-26,28
WL0014933,TKT012280,AGT012,2026-07-26,40
WL0014934,TKT012281,AGT011,2026-07-26,78
WL0014935,TKT012281,AGT012,2026-07-26,42
WL0014936,TKT012282,AGT005,2026-07-26,53
WL0014937,TKT012283,AGT005,2026-07-26,37
WL0014938,TKT012284,AGT014,2026-07-26,25
WL0014939,TKT012285,AGT005,2026-07-26,125
WL0014940,TKT012286,AGT017,2026-07-27,35
WL0014941,TKT012287,AGT004,2026-07-27,87
WL0014942,TKT012288,AGT001,2026-07-27,40
WL0014943,TKT012288,AGT003,2026-07-27,23
WL0014944,TKT012289,AGT001,2026-07-27,127
WL0014945,TKT012290,AGT003,2026-07-27,46
WL0014946,TKT012291,AGT006,2026-07-27,33
WL0014947,TKT012292,AGT010,2026-07-27,46
WL0014948,TKT012293,AGT008,2026-07-27,318
WL0014949,TKT012294,AGT013,2026-07-27,68
WL0014950,TKT012295,AGT001,2026-07-27,42
WL0014951,TKT012295,AGT004,2026-07-27,23
WL0014952,TKT012296,AGT008,2026-07-27,159
WL0014953,TKT012297,AGT008,2026-07-27,3
WL0014954,TKT012297,AGT010,2026-07-27,100
WL0014955,TKT012298,AGT011,2026-07-27,53
WL0014956,TKT012299,AGT012,2026-07-27,190
WL0014957,TKT012300,AGT009,2026-07-27,108
WL0014958,TKT012301,AGT013,2026-07-27,58
WL0014959,TKT012302,AGT012,2026-07-27,64
WL0014960,TKT012303,AGT014,2026-07-27,162
WL0014961,TKT012304,AGT003,2026-07-27,17
WL0014962,TKT012305,AGT006,2026-07-27,31
WL0014963,TKT012306,AGT015,2026-07-27,16
WL0014964,TKT012307,AGT004,2026-07-27,34
WL0014965,TKT012307,AGT005,2026-07-27,63
WL0014966,TKT012308,AGT011,2026-07-27,110
WL0014967,TKT012309,AGT010,2026-07-27,86
WL0014968,TKT012310,AGT004,2026-07-27,92
WL0014969,TKT012311,AGT005,2026-07-27,90
WL0014970,TKT012312,AGT005,2026-07-27,69
WL0014971,TKT012313,AGT013,2026-07-27,44
WL0014972,TKT012313,AGT017,2026-07-27,25
WL0014973,TKT012314,AGT013,2026-07-27,34
WL0014974,TKT012314,AGT015,2026-07-27,62
WL0014975,TKT012315,AGT003,2026-07-27,35
WL0014976,TKT012315,AGT004,2026-07-27,64
WL0014977,TKT012316,AGT006,2026-07-27,36
WL0014978,TKT012317,AGT001,2026-07-27,36
WL0014979,TKT012318,AGT015,2026-07-27,44
WL0014980,TKT012318,AGT017,2026-07-27,24
WL0014981,TKT012319,AGT004,2026-07-27,35
WL0014982,TKT012319,AGT006,2026-07-27,63
WL0014983,TKT012320,AGT004,2026-07-27,77
WL0014984,TKT012321,AGT001,2026-07-27,16
WL0014985,TKT012321,AGT004,2026-07-27,27
WL0014986,TKT012322,AGT003,2026-07-27,70
WL0014987,TKT012323,AGT012,2026-07-27,88
WL0014988,TKT012324,AGT013,2026-07-27,182
WL0014989,TKT012325,AGT005,2026-07-27,128
WL0014990,TKT012326,AGT011,2026-07-27,251
WL0014991,TKT012327,AGT014,2026-07-27,54
WL0014992,TKT012328,AGT013,2026-07-27,13
WL0014993,TKT012328,AGT017,2026-07-27,8
WL0014994,TKT012329,AGT001,2026-07-27,40
WL0014995,TKT012330,AGT014,2026-07-27,25
WL0014996,TKT012331,AGT010,2026-07-27,48
WL0014997,TKT012331,AGT011,2026-07-27,26
WL0014998,TKT012332,AGT015,2026-07-27,177
WL0014999,TKT012333,AGT015,2026-07-27,52
WL0015000,TKT012334,AGT015,2026-07-27,18
WL0015001,TKT012334,AGT017,2026-07-27,11
WL0015002,TKT012335,AGT003,2026-07-27,122
WL0015003,TKT012336,AGT009,2026-07-27,157
WL0015004,TKT012337,AGT011,2026-07-28,47
WL0015005,TKT012338,AGT016,2026-07-28,41
WL0015006,TKT012339,AGT002,2026-07-28,128
WL0015007,TKT012340,AGT008,2026-07-28,55
WL0015008,TKT012340,AGT012,2026-07-28,30
WL0015009,TKT012341,AGT008,2026-07-28,96
WL0015010,TKT012342,AGT004,2026-07-28,65
WL0015011,TKT012342,AGT006,2026-07-28,35
WL0015012,TKT012343,AGT015,2026-07-28,59
WL0015013,TKT012343,AGT018,2026-07-28,108
WL0015014,TKT012344,AGT004,2026-07-28,37
WL0015015,TKT012345,AGT005,2026-07-28,51
WL0015016,TKT012346,AGT011,2026-07-28,32
WL0015017,TKT012347,AGT002,2026-07-28,94
WL0015018,TKT012348,AGT009,2026-07-28,50
WL0015019,TKT012349,AGT015,2026-07-28,54
WL0015020,TKT012350,AGT015,2026-07-28,112
WL0015021,TKT012351,AGT011,2026-07-28,30
WL0015022,TKT012352,AGT018,2026-07-28,29
WL0015023,TKT012353,AGT014,2026-07-28,82
WL0015024,TKT012354,AGT011,2026-07-28,173
WL0015025,TKT012355,AGT012,2026-07-28,188
WL0015026,TKT012356,AGT009,2026-07-28,32
WL0015027,TKT012356,AGT011,2026-07-28,18
WL0015028,TKT012357,AGT008,2026-07-28,102
WL0015029,TKT012358,AGT013,2026-07-28,36
WL0015030,TKT012359,AGT017,2026-07-28,72
WL0015031,TKT012360,AGT017,2026-07-28,64
WL0015032,TKT012361,AGT008,2026-07-28,55
WL0015033,TKT012361,AGT011,2026-07-28,60
WL0015034,TKT012362,AGT015,2026-07-28,134
WL0015035,TKT012363,AGT017,2026-07-28,20
WL0015036,TKT012364,AGT012,2026-07-28,215
WL0015037,TKT012365,AGT014,2026-07-28,43
WL0015038,TKT012366,AGT003,2026-07-28,48
WL0015039,TKT012367,AGT005,2026-07-28,35
WL0015040,TKT012368,AGT002,2026-07-28,44
WL0015041,TKT012368,AGT003,2026-07-28,81
WL0015042,TKT012369,AGT002,2026-07-28,33
WL0015043,TKT012369,AGT003,2026-07-28,18
WL0015044,TKT012370,AGT015,2026-07-28,80
WL0015045,TKT012371,AGT008,2026-07-28,74
WL0015046,TKT012371,AGT012,2026-07-28,17
WL0015047,TKT012372,AGT015,2026-07-28,17
WL0015048,TKT012373,AGT006,2026-07-28,99
WL0015049,TKT012374,AGT015,2026-07-28,48
WL0015050,TKT012375,AGT008,2026-07-28,98
WL0015051,TKT012375,AGT009,2026-07-28,18
WL0015052,TKT012376,AGT009,2026-07-28,306
WL0015053,TKT012377,AGT018,2026-07-28,100
WL0015054,TKT012378,AGT005,2026-07-28,3
WL0015055,TKT012378,AGT009,2026-07-28,44
WL0015056,TKT012379,AGT013,2026-07-28,34
WL0015057,TKT012379,AGT015,2026-07-28,6
WL0015058,TKT012380,AGT006,2026-07-28,66
WL0015059,TKT012381,AGT017,2026-07-28,137
WL0015060,TKT012382,AGT003,2026-07-28,47
WL0015061,TKT012383,AGT003,2026-07-28,263
WL0015062,TKT012384,AGT016,2026-07-29,17
WL0015063,TKT012385,AGT016,2026-07-29,38
WL0015064,TKT012386,AGT017,2026-07-29,67
WL0015065,TKT012387,AGT015,2026-07-29,28
WL0015066,TKT012387,AGT017,2026-07-29,51
WL0015067,TKT012388,AGT002,2026-07-29,123
WL0015068,TKT012389,AGT015,2026-07-29,96
WL0015069,TKT012390,AGT017,2026-07-29,88
WL0015070,TKT012391,AGT016,2026-07-29,38
WL0015071,TKT012391,AGT018,2026-07-29,70
WL0015073,TKT012393,AGT002,2026-07-29,50
WL0015074,TKT012394,AGT009,2026-07-29,37
WL0015075,TKT012394,AGT012,2026-07-29,68
WL0015076,TKT012395,AGT015,2026-07-29,53
WL0015077,TKT012396,AGT009,2026-07-29,108
WL0015078,TKT012397,AGT016,2026-07-29,34
WL0015079,TKT012397,AGT018,2026-07-29,63
WL0015080,TKT012398,AGT002,2026-07-29,89
WL0015081,TKT012399,AGT010,2026-07-29,78
WL0015082,TKT012400,AGT009,2026-07-29,145
WL0015083,TKT012401,AGT003,2026-07-29,130
WL0015084,TKT012402,AGT009,2026-07-29,190
WL0015085,TKT012402,AGT011,2026-07-29,42
WL0015086,TKT012403,AGT015,2026-07-29,36
WL0015087,TKT012404,AGT012,2026-07-29,46
WL0015088,TKT012405,AGT011,2026-07-29,26
WL0015089,TKT012406,AGT012,2026-07-29,94
WL0015090,TKT012407,AGT017,2026-07-29,65
WL0015091,TKT012408,AGT011,2026-07-29,114
WL0015092,TKT012409,AGT018,2026-07-29,51
WL0015094,TKT012411,AGT012,2026-07-29,65
WL0015095,TKT012412,AGT005,2026-07-29,42
WL0015096,TKT012413,AGT012,2026-07-29,121
WL0015097,TKT012414,AGT011,2026-07-29,3
WL0015098,TKT012414,AGT012,2026-07-29,116
WL0015099,TKT012415,AGT010,2026-07-29,78
WL0015100,TKT012416,AGT018,2026-07-29,15
WL0015101,TKT012417,AGT002,2026-07-29,39
WL0015102,TKT012418,AGT002,2026-07-29,74
WL0015103,TKT012419,AGT010,2026-07-29,79
WL0015104,TKT012420,AGT017,2026-07-29,85
WL0015105,TKT012421,AGT011,2026-07-29,56
WL0015106,TKT012422,AGT010,2026-07-29,38
WL0015108,TKT012424,AGT002,2026-07-29,51
WL0015109,TKT012425,AGT011,2026-07-29,85
WL0015110,TKT012426,AGT018,2026-07-29,27
WL0015114,TKT012428,AGT017,2026-07-29,42
WL0015115,TKT012429,AGT015,2026-07-29,72
WL0015116,TKT012430,AGT010,2026-07-29,137
WL0015117,TKT012431,AGT005,2026-07-29,29
WL0015118,TKT012432,AGT015,2026-07-30,192
WL0015119,TKT012433,AGT017,2026-07-30,26
WL0015120,TKT012434,AGT015,2026-07-30,98
WL0015121,TKT012435,AGT017,2026-07-30,59
WL0015122,TKT012436,AGT001,2026-07-30,150
WL0015123,TKT012437,AGT008,2026-07-30,157
WL0015124,TKT012438,AGT002,2026-07-30,24
WL0015125,TKT012439,AGT001,2026-07-30,61
WL0015126,TKT012440,AGT001,2026-07-30,107
WL0015127,TKT012441,AGT014,2026-07-30,40
WL0015128,TKT012442,AGT001,2026-07-30,132
WL0015129,TKT012442,AGT003,2026-07-30,10
WL0015130,TKT012443,AGT002,2026-07-30,37
WL0015132,TKT012445,AGT011,2026-07-30,176
WL0015134,TKT012447,AGT017,2026-07-30,61
WL0015135,TKT012448,AGT016,2026-07-30,61
WL0015136,TKT012449,AGT002,2026-07-30,37
WL0015137,TKT012449,AGT004,2026-07-30,21
WL0015138,TKT012450,AGT011,2026-07-30,76
WL0015139,TKT012451,AGT011,2026-07-30,137
WL0015140,TKT012452,AGT002,2026-07-30,68
WL0015141,TKT012453,AGT002,2026-07-30,32
WL0015142,TKT012453,AGT003,2026-07-30,58
WL0015143,TKT012454,AGT008,2026-07-30,27
WL0015144,TKT012454,AGT010,2026-07-30,16
WL0015145,TKT012455,AGT014,2026-07-30,105
WL0015146,TKT012456,AGT015,2026-07-30,120
WL0015147,TKT012457,AGT011,2026-07-30,46
WL0015148,TKT012458,AGT013,2026-07-30,137
WL0015149,TKT012459,AGT004,2026-07-30,51
WL0015150,TKT012460,AGT010,2026-07-30,125
WL0015151,TKT012461,AGT004,2026-07-30,81
WL0015152,TKT012462,AGT004,2026-07-30,34
WL0015153,TKT012463,AGT002,2026-07-30,99
WL0015154,TKT012464,AGT009,2026-07-30,66
WL0015155,TKT012465,AGT015,2026-07-30,49
WL0015156,TKT012466,AGT013,2026-07-30,85
WL0015157,TKT012467,AGT007,2026-07-30,129
WL0015158,TKT012467,AGT008,2026-07-30,70
WL0015159,TKT012468,AGT004,2026-07-30,48
WL0015160,TKT012469,AGT002,2026-07-30,112
WL0015161,TKT012469,AGT004,2026-07-30,61
WL0015162,TKT012470,AGT014,2026-07-30,20
WL0015163,TKT012471,AGT004,2026-07-30,97
WL0015164,TKT012472,AGT002,2026-07-30,71
WL0015165,TKT012472,AGT003,2026-07-30,36
WL0015166,TKT012473,AGT004,2026-07-30,79
WL0015167,TKT012474,AGT013,2026-07-30,17
WL0015168,TKT012474,AGT015,2026-07-30,21
WL0015169,TKT012475,AGT010,2026-07-30,259
WL0015170,TKT012476,AGT016,2026-07-30,57
WL0015171,TKT012477,AGT014,2026-07-30,51
WL0015172,TKT012478,AGT003,2026-07-30,52
WL0015174,TKT012480,AGT012,2026-07-30,124
WL0015175,TKT012481,AGT003,2026-07-30,78
WL0015176,TKT012482,AGT016,2026-07-30,35
WL0015177,TKT012483,AGT003,2026-07-30,90
WL0015178,TKT012484,AGT017,2026-07-30,29
WL0015179,TKT012485,AGT017,2026-07-30,63
WL0015180,TKT012486,AGT007,2026-07-30,103
WL0015181,TKT012486,AGT010,2026-07-30,11
WL0015182,TKT012486,AGT011,2026-07-30,45
WL0015183,TKT012487,AGT003,2026-07-30,44
WL0015184,TKT012487,AGT004,2026-07-30,8
WL0015185,TKT012488,AGT013,2026-07-30,17
WL0015186,TKT012488,AGT017,2026-07-30,30
WL0015187,TKT012489,AGT003,2026-07-30,73
WL0015188,TKT012490,AGT011,2026-07-31,85
WL0015189,TKT012491,AGT009,2026-07-31,215
WL0015190,TKT012492,AGT004,2026-07-31,48
WL0015191,TKT012493,AGT016,2026-07-31,111
WL0015192,TKT012494,AGT015,2026-07-31,72
WL0015193,TKT012495,AGT014,2026-07-31,25
WL0015194,TKT012495,AGT015,2026-07-31,14
WL0015195,TKT012496,AGT005,2026-07-31,50
WL0015196,TKT012497,AGT005,2026-07-31,65
WL0015197,TKT012498,AGT013,2026-07-31,91
WL0015198,TKT012499,AGT011,2026-07-31,64
WL0015199,TKT012500,AGT002,2026-07-31,70
WL0015200,TKT012501,AGT004,2026-07-31,59
WL0015201,TKT012502,AGT011,2026-07-31,96
WL0015202,TKT012503,AGT008,2026-07-31,196
WL0015203,TKT012504,AGT014,2026-07-31,32
WL0015204,TKT012504,AGT015,2026-07-31,18
WL0015205,TKT012505,AGT011,2026-07-31,207
WL0015206,TKT012506,AGT014,2026-07-31,58
WL0015207,TKT012507,AGT013,2026-07-31,65
WL0015208,TKT012508,AGT009,2026-07-31,40
WL0015209,TKT012508,AGT011,2026-07-31,28
WL0015210,TKT012509,AGT007,2026-07-31,49
WL0015211,TKT012510,AGT002,2026-07-31,30
WL0015212,TKT012510,AGT005,2026-07-31,53
WL0015213,TKT012511,AGT009,2026-07-31,65
WL0015214,TKT012512,AGT005,2026-07-31,24
WL0015216,TKT012514,AGT014,2026-07-31,44
WL0015217,TKT012515,AGT005,2026-07-31,89
WL0015218,TKT012516,AGT006,2026-07-31,62
WL0015219,TKT012517,AGT009,2026-07-31,47
WL0015220,TKT012518,AGT016,2026-07-31,59
WL0015221,TKT012519,AGT015,2026-07-31,33
WL0015222,TKT012520,AGT002,2026-07-31,35
WL0015223,TKT012520,AGT004,2026-07-31,19
WL0015224,TKT012521,AGT007,2026-07-31,53
WL0015225,TKT012522,AGT006,2026-07-31,54
WL0015226,TKT012523,AGT015,2026-07-31,57
WL0015227,TKT012524,AGT013,2026-07-31,32
WL0015228,TKT012525,AGT007,2026-07-31,132
WL0015229,TKT012526,AGT009,2026-07-31,86
WL0015230,TKT012527,AGT004,2026-07-31,14
WL0015231,TKT012527,AGT005,2026-07-31,26
WL0015233,TKT012529,AGT008,2026-07-31,80
WL0015234,TKT012530,AGT006,2026-07-31,76
WL0015235,TKT012531,AGT008,2026-07-31,30
WL0015236,TKT012531,AGT009,2026-07-31,27
WL0015237,TKT012532,AGT015,2026-07-31,37
WL0015238,TKT012532,AGT016,2026-07-31,66
WL0015239,TKT012533,AGT004,2026-08-01,179
WL0015240,TKT012534,AGT011,2026-08-01,193
WL0015241,TKT012535,AGT014,2026-08-01,20
WL0015242,TKT012535,AGT016,2026-08-01,36
WL0015243,TKT012536,AGT007,2026-08-01,190
WL0015244,TKT012537,AGT014,2026-08-01,26
WL0015245,TKT012537,AGT017,2026-08-01,15
WL0015246,TKT012538,AGT014,2026-08-01,87
WL0015247,TKT012538,AGT017,2026-08-01,48
WL0015248,TKT012539,AGT014,2026-08-01,132
WL0015249,TKT012540,AGT004,2026-08-01,125
WL0015250,TKT012541,AGT016,2026-08-01,83
WL0015251,TKT012541,AGT017,2026-08-01,46
WL0015252,TKT012542,AGT014,2026-08-01,36
WL0015253,TKT012543,AGT014,2026-08-01,68
WL0015254,TKT012544,AGT003,2026-08-01,116
WL0015255,TKT012545,AGT006,2026-08-01,76
WL0015256,TKT012546,AGT016,2026-08-01,60
WL0015257,TKT012547,AGT011,2026-08-01,53
WL0015258,TKT012548,AGT007,2026-08-01,110
WL0015259,TKT012549,AGT016,2026-08-01,25
WL0015260,TKT012550,AGT003,2026-08-01,25
WL0015261,TKT012550,AGT004,2026-08-01,14
WL0015262,TKT012551,AGT007,2026-08-01,57
WL0015263,TKT012552,AGT007,2026-08-01,39
WL0015264,TKT012553,AGT007,2026-08-01,45
WL0015265,TKT012554,AGT014,2026-08-01,29
WL0015266,TKT012555,AGT006,2026-08-01,32
WL0015267,TKT012556,AGT002,2026-08-01,79
WL0015268,TKT012557,AGT003,2026-08-01,102
WL0015270,TKT012559,AGT002,2026-08-02,40
WL0015271,TKT012560,AGT018,2026-08-02,50
WL0015272,TKT012561,AGT018,2026-08-02,63
WL0015273,TKT012562,AGT010,2026-08-02,57
WL0015274,TKT012563,AGT005,2026-08-02,53
WL0015275,TKT012563,AGT006,2026-08-02,96
WL0015276,TKT012564,AGT018,2026-08-02,274
WL0015277,TKT012565,AGT016,2026-08-02,45
WL0015278,TKT012565,AGT018,2026-08-02,63
WL0015279,TKT012566,AGT016,2026-08-02,107
WL0015280,TKT012567,AGT016,2026-08-02,58
WL0015281,TKT012568,AGT010,2026-08-02,26
WL0015282,TKT012568,AGT012,2026-08-02,48
WL0015283,TKT012569,AGT016,2026-08-02,38
WL0015284,TKT012570,AGT012,2026-08-02,67
WL0015285,TKT012571,AGT012,2026-08-02,73
WL0015286,TKT012572,AGT016,2026-08-02,43
WL0015287,TKT012573,AGT010,2026-08-02,171
WL0015288,TKT012574,AGT006,2026-08-02,33
WL0015289,TKT012575,AGT004,2026-08-02,103
WL0015290,TKT012576,AGT010,2026-08-02,116
WL0015291,TKT012577,AGT010,2026-08-02,56
WL0015292,TKT012577,AGT012,2026-08-02,31
WL0015293,TKT012578,AGT016,2026-08-02,156
WL0015294,TKT012579,AGT012,2026-08-02,62
WL0015295,TKT012580,AGT002,2026-08-02,49
WL0015296,TKT012580,AGT016,2026-08-02,3
WL0015297,TKT012581,AGT002,2026-08-02,35
WL0015298,TKT012581,AGT006,2026-08-02,20
WL0015299,TKT012582,AGT006,2026-08-02,134
WL0015300,TKT012583,AGT004,2026-08-02,111
WL0015301,TKT012584,AGT014,2026-08-03,52
WL0015302,TKT012584,AGT017,2026-08-03,28
WL0015303,TKT012585,AGT002,2026-08-03,24
WL0015304,TKT012585,AGT006,2026-08-03,13
WL0015305,TKT012586,AGT003,2026-08-03,41
WL0015306,TKT012587,AGT014,2026-08-03,145
WL0015308,TKT012589,AGT009,2026-08-03,50
WL0015309,TKT012590,AGT006,2026-08-03,43
WL0015310,TKT012591,AGT015,2026-08-03,44
WL0015311,TKT012592,AGT003,2026-08-03,54
WL0015312,TKT012593,AGT014,2026-08-03,86
WL0015313,TKT012594,AGT002,2026-08-03,49
WL0015314,TKT012595,AGT017,2026-08-03,56
WL0015315,TKT012596,AGT011,2026-08-03,34
WL0015316,TKT012597,AGT004,2026-08-03,32
WL0015317,TKT012598,AGT007,2026-08-03,18
WL0015318,TKT012598,AGT011,2026-08-03,32
WL0015319,TKT012599,AGT016,2026-08-03,84
WL0015320,TKT012600,AGT006,2026-08-03,73
WL0015321,TKT012601,AGT004,2026-08-03,46
WL0015322,TKT012601,AGT006,2026-08-03,83
WL0015323,TKT012602,AGT012,2026-08-03,44
WL0015324,TKT012603,AGT009,2026-08-03,114
WL0015325,TKT012604,AGT003,2026-08-03,56
WL0015326,TKT012605,AGT018,2026-08-03,101
WL0015327,TKT012606,AGT011,2026-08-03,238
WL0015328,TKT012607,AGT017,2026-08-03,55
WL0015329,TKT012608,AGT002,2026-08-03,50
WL0015330,TKT012608,AGT005,2026-08-03,28
WL0015331,TKT012609,AGT002,2026-08-03,106
WL0015332,TKT012609,AGT006,2026-08-03,58
WL0015333,TKT012610,AGT012,2026-08-03,153
WL0015334,TKT012611,AGT018,2026-08-03,53
WL0015335,TKT012612,AGT018,2026-08-03,51
WL0015336,TKT012613,AGT002,2026-08-03,181
WL0015337,TKT012614,AGT012,2026-08-03,104
WL0015338,TKT012615,AGT015,2026-08-03,56
WL0015339,TKT012616,AGT012,2026-08-03,58
WL0015340,TKT012617,AGT011,2026-08-03,49
WL0015341,TKT012618,AGT006,2026-08-03,26
WL0015342,TKT012619,AGT014,2026-08-03,94
WL0015343,TKT012620,AGT015,2026-08-03,69
WL0015344,TKT012621,AGT017,2026-08-03,75
WL0015345,TKT012622,AGT018,2026-08-03,69
WL0015346,TKT012623,AGT009,2026-08-03,50
WL0015347,TKT012624,AGT003,2026-08-03,83
WL0015348,TKT012625,AGT002,2026-08-03,9
WL0015349,TKT012625,AGT003,2026-08-03,4
WL0015350,TKT012625,AGT005,2026-08-03,23
WL0015351,TKT012626,AGT016,2026-08-03,91
WL0015352,TKT012627,AGT017,2026-08-03,82
WL0015353,TKT012628,AGT005,2026-08-03,52
WL0015354,TKT012629,AGT005,2026-08-03,20
WL0015355,TKT012629,AGT006,2026-08-03,36
WL0015356,TKT012630,AGT014,2026-08-03,55
WL0015357,TKT012631,AGT005,2026-08-04,88
WL0015358,TKT012632,AGT009,2026-08-04,266
WL0015359,TKT012633,AGT018,2026-08-04,31
WL0015360,TKT012634,AGT009,2026-08-04,71
WL0015361,TKT012635,AGT003,2026-08-04,58
WL0015362,TKT012636,AGT013,2026-08-04,65
WL0015363,TKT012637,AGT010,2026-08-04,103
WL0015364,TKT012638,AGT005,2026-08-04,22
WL0015365,TKT012638,AGT006,2026-08-04,13
WL0015366,TKT012639,AGT018,2026-08-04,67
WL0015367,TKT012640,AGT014,2026-08-04,34
WL0015368,TKT012640,AGT018,2026-08-04,62
WL0015369,TKT012641,AGT002,2026-08-04,62
WL0015370,TKT012641,AGT003,2026-08-04,34
WL0015371,TKT012642,AGT006,2026-08-04,63
WL0015372,TKT012643,AGT017,2026-08-04,23
WL0015373,TKT012644,AGT011,2026-08-04,48
WL0015374,TKT012644,AGT012,2026-08-04,27
WL0015375,TKT012645,AGT012,2026-08-04,110
WL0015376,TKT012646,AGT018,2026-08-04,33
WL0015377,TKT012647,AGT002,2026-08-04,20
WL0015378,TKT012647,AGT005,2026-08-04,11
WL0015379,TKT012648,AGT006,2026-08-04,51
WL0015380,TKT012649,AGT003,2026-08-04,147
WL0015381,TKT012650,AGT011,2026-08-04,103
WL0015382,TKT012650,AGT012,2026-08-04,56
WL0015383,TKT012651,AGT008,2026-08-04,61
WL0015384,TKT012652,AGT017,2026-08-04,55
WL0015385,TKT012653,AGT002,2026-08-04,27
WL0015386,TKT012654,AGT017,2026-08-04,70
WL0015387,TKT012655,AGT018,2026-08-04,68
WL0015388,TKT012656,AGT012,2026-08-04,146
WL0015389,TKT012657,AGT003,2026-08-04,27
WL0015390,TKT012658,AGT016,2026-08-04,21
WL0015391,TKT012658,AGT018,2026-08-04,12
WL0015392,TKT012659,AGT003,2026-08-04,44
WL0015393,TKT012660,AGT007,2026-08-04,39
WL0015394,TKT012660,AGT009,2026-08-04,22
WL0015395,TKT012661,AGT015,2026-08-04,34
WL0015396,TKT012662,AGT017,2026-08-04,41
WL0015397,TKT012663,AGT007,2026-08-05,45
WL0015398,TKT012664,AGT001,2026-08-05,42
WL0015399,TKT012665,AGT014,2026-08-05,57
WL0015400,TKT012666,AGT018,2026-08-05,104
WL0015401,TKT012667,AGT013,2026-08-05,73
WL0015402,TKT012667,AGT018,2026-08-05,40
WL0015403,TKT012668,AGT018,2026-08-05,40
WL0015404,TKT012669,AGT014,2026-08-05,25
WL0015405,TKT012669,AGT015,2026-08-05,46
WL0015406,TKT012670,AGT005,2026-08-05,29
WL0015407,TKT012670,AGT006,2026-08-05,52
WL0015408,TKT012671,AGT007,2026-08-05,92
WL0015409,TKT012672,AGT015,2026-08-05,75
WL0015410,TKT012673,AGT007,2026-08-05,185
WL0015411,TKT012674,AGT011,2026-08-05,89
WL0015412,TKT012675,AGT013,2026-08-05,188
WL0015413,TKT012675,AGT015,2026-08-05,102
WL0015414,TKT012676,AGT013,2026-08-05,102
WL0015415,TKT012677,AGT006,2026-08-05,67
WL0015416,TKT012678,AGT015,2026-08-05,31
WL0015417,TKT012678,AGT018,2026-08-05,18
WL0015418,TKT012679,AGT002,2026-08-05,25
WL0015419,TKT012680,AGT013,2026-08-05,75
WL0015420,TKT012681,AGT015,2026-08-05,33
WL0015421,TKT012682,AGT014,2026-08-05,52
WL0015422,TKT012682,AGT017,2026-08-05,28
WL0015423,TKT012683,AGT014,2026-08-05,149
WL0015424,TKT012684,AGT006,2026-08-05,34
WL0015425,TKT012685,AGT007,2026-08-05,113
WL0015426,TKT012686,AGT013,2026-08-05,42
WL0015427,TKT012686,AGT018,2026-08-05,33
WL0015428,TKT012687,AGT014,2026-08-05,51
WL0015429,TKT012687,AGT015,2026-08-05,28
WL0015430,TKT012688,AGT006,2026-08-05,42
WL0015432,TKT012690,AGT002,2026-08-05,117
WL0015433,TKT012691,AGT017,2026-08-05,33
WL0015434,TKT012692,AGT018,2026-08-05,32
WL0015435,TKT012693,AGT012,2026-08-05,130
WL0015436,TKT012694,AGT014,2026-08-05,18
WL0015437,TKT012695,AGT007,2026-08-05,45
WL0015438,TKT012695,AGT012,2026-08-05,98
WL0015439,TKT012696,AGT006,2026-08-05,35
WL0015440,TKT012697,AGT011,2026-08-05,105
WL0015441,TKT012698,AGT011,2026-08-05,84
WL0015442,TKT012698,AGT012,2026-08-05,51
WL0015443,TKT012699,AGT005,2026-08-05,43
WL0015444,TKT012700,AGT017,2026-08-05,55
WL0015445,TKT012701,AGT006,2026-08-05,29
WL0015446,TKT012702,AGT002,2026-08-05,81
WL0015447,TKT012703,AGT014,2026-08-05,106
WL0015448,TKT012704,AGT011,2026-08-05,47
WL0015449,TKT012705,AGT002,2026-08-05,33
WL0015450,TKT012705,AGT006,2026-08-05,18
WL0015451,TKT012706,AGT011,2026-08-05,128
WL0015452,TKT012707,AGT005,2026-08-05,98
WL0015453,TKT012708,AGT017,2026-08-06,70
WL0015454,TKT012709,AGT009,2026-08-06,83
WL0015455,TKT012710,AGT007,2026-08-06,59
WL0015456,TKT012710,AGT009,2026-08-06,32
WL0015457,TKT012711,AGT009,2026-08-06,56
WL0015458,TKT012712,AGT011,2026-08-06,45
WL0015459,TKT012713,AGT009,2026-08-06,72
WL0015460,TKT012714,AGT004,2026-08-06,37
WL0015461,TKT012714,AGT006,2026-08-06,21
WL0015462,TKT012715,AGT005,2026-08-06,41
WL0015463,TKT012716,AGT006,2026-08-06,58
WL0015464,TKT012717,AGT001,2026-08-06,26
WL0015465,TKT012717,AGT004,2026-08-06,14
WL0015466,TKT012718,AGT005,2026-08-06,66
WL0015467,TKT012719,AGT006,2026-08-06,183
WL0015468,TKT012720,AGT001,2026-08-06,85
WL0015469,TKT012721,AGT004,2026-08-06,40
WL0015470,TKT012722,AGT013,2026-08-06,51
WL0015471,TKT012723,AGT003,2026-08-06,31
WL0015472,TKT012723,AGT005,2026-08-06,17
WL0015473,TKT012724,AGT001,2026-08-06,139
WL0015474,TKT012725,AGT007,2026-08-06,142
WL0015475,TKT012726,AGT015,2026-08-06,44
WL0015476,TKT012727,AGT015,2026-08-06,40
WL0015477,TKT012728,AGT013,2026-08-06,31
WL0015478,TKT012729,AGT015,2026-08-06,30
WL0015479,TKT012730,AGT014,2026-08-06,34
WL0015480,TKT012731,AGT001,2026-08-06,13
WL0015481,TKT012731,AGT006,2026-08-06,22
WL0015482,TKT012732,AGT009,2026-08-06,47
WL0015483,TKT012733,AGT013,2026-08-06,121
WL0015484,TKT012734,AGT003,2026-08-06,25
WL0015485,TKT012735,AGT001,2026-08-06,76
WL0015486,TKT012736,AGT016,2026-08-06,38
WL0015487,TKT012737,AGT016,2026-08-06,62
WL0015488,TKT012738,AGT009,2026-08-06,190
WL0015489,TKT012738,AGT011,2026-08-06,42
WL0015490,TKT012739,AGT008,2026-08-06,68
WL0015491,TKT012739,AGT011,2026-08-06,38
WL0015492,TKT012740,AGT003,2026-08-06,18
WL0015493,TKT012741,AGT011,2026-08-06,82
WL0015494,TKT012742,AGT007,2026-08-06,49
WL0015495,TKT012742,AGT008,2026-08-06,27
WL0015496,TKT012743,AGT016,2026-08-06,91
WL0015497,TKT012744,AGT013,2026-08-06,26
WL0015498,TKT012745,AGT010,2026-08-06,21
WL0015499,TKT012745,AGT011,2026-08-06,38
WL0015500,TKT012746,AGT001,2026-08-06,29
WL0015501,TKT012747,AGT015,2026-08-06,41
WL0015502,TKT012748,AGT015,2026-08-06,59
WL0015503,TKT012749,AGT005,2026-08-06,66
WL0015504,TKT012750,AGT003,2026-08-07,95
WL0015505,TKT012751,AGT018,2026-08-07,42
WL0015506,TKT012752,AGT015,2026-08-07,37
WL0015507,TKT012753,AGT005,2026-08-07,64
WL0015508,TKT012754,AGT001,2026-08-07,61
WL0015509,TKT012755,AGT007,2026-08-07,98
WL0015510,TKT012755,AGT010,2026-08-07,53
WL0015511,TKT012756,AGT015,2026-08-07,59
WL0015512,TKT012756,AGT016,2026-08-07,109
WL0015513,TKT012757,AGT003,2026-08-07,71
WL0015514,TKT012758,AGT007,2026-08-07,49
WL0015515,TKT012758,AGT010,2026-08-07,89
WL0015516,TKT012759,AGT011,2026-08-07,114
WL0015517,TKT012760,AGT007,2026-08-07,189
WL0015518,TKT012761,AGT010,2026-08-07,80
WL0015519,TKT012762,AGT010,2026-08-07,79
WL0015520,TKT012762,AGT011,2026-08-07,43
WL0015521,TKT012763,AGT015,2026-08-07,26
WL0015522,TKT012763,AGT018,2026-08-07,15
WL0015523,TKT012764,AGT001,2026-08-07,52
WL0015524,TKT012765,AGT014,2026-08-07,126
WL0015525,TKT012766,AGT001,2026-08-07,25
WL0015526,TKT012766,AGT005,2026-08-07,45
WL0015527,TKT012767,AGT004,2026-08-07,77
WL0015528,TKT012768,AGT009,2026-08-07,70
WL0015529,TKT012769,AGT011,2026-08-07,75
WL0015530,TKT012770,AGT015,2026-08-07,48
WL0015531,TKT012771,AGT004,2026-08-07,71
WL0015532,TKT012772,AGT018,2026-08-07,46
WL0015533,TKT012773,AGT006,2026-08-07,22
WL0015534,TKT012774,AGT009,2026-08-07,90
WL0015535,TKT012775,AGT013,2026-08-07,53
WL0015536,TKT012776,AGT017,2026-08-07,85
WL0015537,TKT012777,AGT018,2026-08-07,120
WL0015538,TKT012778,AGT001,2026-08-07,47
WL0015539,TKT012779,AGT014,2026-08-07,27
WL0015540,TKT012779,AGT018,2026-08-07,50
WL0015542,TKT012781,AGT011,2026-08-07,122
WL0015543,TKT012782,AGT003,2026-08-07,83
WL0015544,TKT012782,AGT004,2026-08-07,45
WL0015545,TKT012783,AGT003,2026-08-07,55
WL0015546,TKT012784,AGT014,2026-08-07,57
WL0015547,TKT012785,AGT017,2026-08-07,42
WL0015548,TKT012786,AGT001,2026-08-07,102
WL0015549,TKT012787,AGT010,2026-08-07,175
WL0015550,TKT012788,AGT007,2026-08-07,15
WL0015551,TKT012788,AGT010,2026-08-07,4
WL0015552,TKT012789,AGT018,2026-08-07,73
WL0015553,TKT012790,AGT009,2026-08-07,59
WL0015554,TKT012791,AGT018,2026-08-07,58
WL0015555,TKT012792,AGT016,2026-08-07,69
WL0015556,TKT012793,AGT001,2026-08-07,8
WL0015557,TKT012793,AGT003,2026-08-07,23
WL0015558,TKT012794,AGT005,2026-08-07,37
WL0015559,TKT012794,AGT006,2026-08-07,66
WL0015560,TKT012795,AGT018,2026-08-08,107
WL0015561,TKT012796,AGT006,2026-08-08,79
WL0015562,TKT012797,AGT007,2026-08-08,103
WL0015563,TKT012798,AGT007,2026-08-08,195
WL0015564,TKT012799,AGT012,2026-08-08,232
WL0015565,TKT012800,AGT004,2026-08-08,66
WL0015566,TKT012800,AGT006,2026-08-08,36
WL0015567,TKT012801,AGT006,2026-08-08,33
WL0015568,TKT012802,AGT014,2026-08-08,33
WL0015569,TKT012803,AGT018,2026-08-08,50
WL0015570,TKT012804,AGT012,2026-08-08,55
WL0015571,TKT012805,AGT012,2026-08-08,186
WL0015572,TKT012806,AGT014,2026-08-08,59
WL0015573,TKT012807,AGT014,2026-08-08,87
WL0015574,TKT012808,AGT006,2026-08-08,38
WL0015575,TKT012809,AGT003,2026-08-08,64
WL0015576,TKT012810,AGT007,2026-08-08,107
WL0015577,TKT012810,AGT012,2026-08-08,7
WL0015578,TKT012811,AGT014,2026-08-08,69
WL0015579,TKT012812,AGT004,2026-08-08,17
WL0015580,TKT012813,AGT014,2026-08-08,86
WL0015581,TKT012813,AGT018,2026-08-08,47
WL0015582,TKT012814,AGT004,2026-08-08,22
WL0015583,TKT012815,AGT014,2026-08-08,16
WL0015584,TKT012815,AGT018,2026-08-08,27
WL0015585,TKT012816,AGT004,2026-08-08,106
WL0015586,TKT012817,AGT014,2026-08-08,73
WL0015587,TKT012818,AGT007,2026-08-08,47
WL0015588,TKT012819,AGT018,2026-08-08,72
WL0015589,TKT012820,AGT003,2026-08-08,9
WL0015590,TKT012820,AGT004,2026-08-08,15
WL0015591,TKT012821,AGT014,2026-08-08,27
WL0015592,TKT012821,AGT018,2026-08-08,49
WL0015593,TKT012822,AGT018,2026-08-09,102
WL0015594,TKT012823,AGT002,2026-08-09,87
WL0015595,TKT012824,AGT015,2026-08-09,92
WL0015596,TKT012825,AGT011,2026-08-09,141
WL0015597,TKT012826,AGT018,2026-08-09,161
WL0015598,TKT012827,AGT016,2026-08-09,29
WL0015599,TKT012828,AGT011,2026-08-09,209
WL0015600,TKT012829,AGT007,2026-08-09,92
WL0015601,TKT012830,AGT018,2026-08-09,150
WL0015602,TKT012831,AGT015,2026-08-09,26
WL0015603,TKT012831,AGT016,2026-08-09,47
WL0015604,TKT012832,AGT002,2026-08-09,12
WL0015605,TKT012832,AGT003,2026-08-09,21
WL0015606,TKT012833,AGT002,2026-08-09,57
WL0015607,TKT012834,AGT002,2026-08-09,76
WL0015608,TKT012835,AGT002,2026-08-09,89
WL0015609,TKT012836,AGT002,2026-08-09,78
WL0015610,TKT012836,AGT003,2026-08-09,42
WL0015611,TKT012837,AGT002,2026-08-09,81
WL0015612,TKT012837,AGT003,2026-08-09,55
WL0015613,TKT012838,AGT015,2026-08-09,30
WL0015614,TKT012838,AGT016,2026-08-09,55
WL0015615,TKT012839,AGT003,2026-08-09,91
WL0015616,TKT012840,AGT013,2026-08-09,253
WL0015617,TKT012841,AGT013,2026-08-09,32
WL0015618,TKT012841,AGT018,2026-08-09,37
WL0015619,TKT012842,AGT015,2026-08-09,80
WL0015620,TKT012843,AGT003,2026-08-09,71
WL0015621,TKT012844,AGT003,2026-08-09,42
WL0015622,TKT012845,AGT011,2026-08-09,48
WL0015623,TKT012846,AGT016,2026-08-09,29
WL0015624,TKT012847,AGT009,2026-08-09,50
WL0015625,TKT012847,AGT012,2026-08-09,27
WL0015626,TKT012848,AGT013,2026-08-09,40
WL0015627,TKT012849,AGT003,2026-08-09,81
WL0015628,TKT012850,AGT016,2026-08-09,62
WL0015629,TKT012851,AGT014,2026-08-10,64
WL0015630,TKT012852,AGT001,2026-08-10,19
WL0015631,TKT012852,AGT005,2026-08-10,33
WL0015632,TKT012853,AGT007,2026-08-10,73
WL0015633,TKT012853,AGT011,2026-08-10,40
WL0015634,TKT012854,AGT014,2026-08-10,75
WL0015635,TKT012855,AGT013,2026-08-10,86
WL0015636,TKT012856,AGT011,2026-08-10,110
WL0015637,TKT012857,AGT015,2026-08-10,21
WL0015638,TKT012858,AGT016,2026-08-10,48
WL0015639,TKT012859,AGT003,2026-08-10,53
WL0015640,TKT012860,AGT012,2026-08-10,71
WL0015641,TKT012861,AGT012,2026-08-10,53
WL0015642,TKT012862,AGT013,2026-08-10,55
WL0015643,TKT012863,AGT012,2026-08-10,28
WL0015644,TKT012864,AGT001,2026-08-10,62
WL0015645,TKT012865,AGT010,2026-08-10,102
WL0015646,TKT012866,AGT013,2026-08-10,12
WL0015647,TKT012866,AGT018,2026-08-10,22
WL0015648,TKT012867,AGT003,2026-08-10,22
WL0015649,TKT012868,AGT004,2026-08-10,197
WL0015650,TKT012869,AGT015,2026-08-10,59
WL0015651,TKT012869,AGT017,2026-08-10,108
WL0015652,TKT012870,AGT013,2026-08-10,35
WL0015653,TKT012870,AGT014,2026-08-10,63
WL0015654,TKT012871,AGT015,2026-08-10,48
WL0015655,TKT012872,AGT006,2026-08-10,72
WL0015656,TKT012873,AGT001,2026-08-10,89
WL0015657,TKT012874,AGT007,2026-08-10,92
WL0015658,TKT012875,AGT017,2026-08-10,28
WL0015659,TKT012876,AGT017,2026-08-10,23
WL0015660,TKT012876,AGT018,2026-08-10,40
WL0015661,TKT012877,AGT011,2026-08-10,128
WL0015662,TKT012878,AGT007,2026-08-10,119
WL0015663,TKT012879,AGT005,2026-08-10,55
WL0015664,TKT012880,AGT003,2026-08-10,184
WL0015665,TKT012881,AGT009,2026-08-10,97
WL0015666,TKT012882,AGT006,2026-08-10,74
WL0015667,TKT012883,AGT018,2026-08-10,39
WL0015668,TKT012884,AGT006,2026-08-10,79
WL0015669,TKT012885,AGT015,2026-08-10,57
WL0015670,TKT012886,AGT005,2026-08-10,133
WL0015671,TKT012887,AGT014,2026-08-10,66
WL0015672,TKT012888,AGT018,2026-08-10,50
WL0015673,TKT012889,AGT001,2026-08-10,11
WL0015674,TKT012889,AGT004,2026-08-10,7
WL0015675,TKT012890,AGT001,2026-08-10,45
WL0015676,TKT012891,AGT006,2026-08-10,21
WL0015677,TKT012892,AGT007,2026-08-10,196
WL0015678,TKT012892,AGT009,2026-08-10,146
WL0015679,TKT012893,AGT017,2026-08-10,16
WL0015680,TKT012894,AGT017,2026-08-10,70
WL0015681,TKT012895,AGT010,2026-08-10,98
WL0015682,TKT012896,AGT012,2026-08-10,111
WL0015683,TKT012897,AGT009,2026-08-10,59
WL0015684,TKT012898,AGT016,2026-08-10,23
WL0015685,TKT012899,AGT011,2026-08-10,110
WL0015686,TKT012900,AGT018,2026-08-10,62
WL0015687,TKT012901,AGT006,2026-08-10,22
WL0015688,TKT012902,AGT010,2026-08-10,121
WL0015689,TKT012903,AGT010,2026-08-10,155
WL0015690,TKT012904,AGT001,2026-08-10,51
WL0015691,TKT012905,AGT015,2026-08-10,105
WL0015692,TKT012906,AGT010,2026-08-10,4
WL0015693,TKT012906,AGT011,2026-08-10,37
WL0015694,TKT012906,AGT012,2026-08-10,17
WL0015695,TKT012907,AGT015,2026-08-11,104
WL0015696,TKT012908,AGT018,2026-08-11,32
WL0015697,TKT012909,AGT018,2026-08-11,69
WL0015698,TKT012910,AGT002,2026-08-11,52
WL0015699,TKT012911,AGT015,2026-08-11,72
WL0015700,TKT012912,AGT016,2026-08-11,80
WL0015701,TKT012913,AGT002,2026-08-11,86
WL0015702,TKT012914,AGT014,2026-08-11,40
WL0015703,TKT012915,AGT018,2026-08-11,158
WL0015704,TKT012916,AGT015,2026-08-11,40
WL0015705,TKT012917,AGT006,2026-08-11,197
WL0015706,TKT012918,AGT006,2026-08-11,120
WL0015707,TKT012919,AGT016,2026-08-11,24
WL0015708,TKT012920,AGT014,2026-08-11,22
WL0015709,TKT012920,AGT015,2026-08-11,39
WL0015710,TKT012921,AGT018,2026-08-11,43
WL0015711,TKT012922,AGT005,2026-08-11,91
WL0015712,TKT012923,AGT002,2026-08-11,99
WL0015713,TKT012924,AGT012,2026-08-11,92
WL0015714,TKT012925,AGT009,2026-08-11,138
WL0015715,TKT012926,AGT001,2026-08-11,45
WL0015716,TKT012926,AGT005,2026-08-11,82
WL0015717,TKT012927,AGT005,2026-08-11,46
WL0015718,TKT012928,AGT008,2026-08-11,25
WL0015719,TKT012928,AGT009,2026-08-11,45
WL0015720,TKT012929,AGT014,2026-08-11,32
WL0015721,TKT012930,AGT005,2026-08-11,46
WL0015722,TKT012931,AGT006,2026-08-11,117
WL0015723,TKT012932,AGT005,2026-08-11,19
WL0015724,TKT012932,AGT006,2026-08-11,16
WL0015725,TKT012933,AGT008,2026-08-11,89
WL0015726,TKT012934,AGT014,2026-08-11,83
WL0015727,TKT012935,AGT015,2026-08-11,24
WL0015728,TKT012935,AGT018,2026-08-11,13
WL0015729,TKT012936,AGT015,2026-08-11,144
WL0015730,TKT012937,AGT014,2026-08-11,36
WL0015731,TKT012938,AGT002,2026-08-11,79
WL0015732,TKT012939,AGT008,2026-08-11,118
WL0015733,TKT012940,AGT018,2026-08-11,87
WL0015734,TKT012941,AGT016,2026-08-11,43
WL0015735,TKT012942,AGT014,2026-08-11,162
WL0015736,TKT012942,AGT015,2026-08-11,57
WL0015737,TKT012943,AGT006,2026-08-12,29
WL0015738,TKT012944,AGT006,2026-08-12,114
WL0015739,TKT012945,AGT004,2026-08-12,36
WL0015740,TKT012946,AGT011,2026-08-12,108
WL0015741,TKT012947,AGT010,2026-08-12,117
WL0015742,TKT012948,AGT017,2026-08-12,141
WL0015743,TKT012949,AGT006,2026-08-12,94
WL0015744,TKT012950,AGT001,2026-08-12,104
WL0015745,TKT012951,AGT004,2026-08-12,30
WL0015746,TKT012951,AGT006,2026-08-12,17
WL0015747,TKT012952,AGT005,2026-08-12,85
WL0015748,TKT012953,AGT005,2026-08-12,30
WL0015749,TKT012954,AGT017,2026-08-12,53
WL0015750,TKT012955,AGT011,2026-08-12,39
WL0015751,TKT012956,AGT018,2026-08-12,170
WL0015752,TKT012957,AGT008,2026-08-12,53
WL0015753,TKT012958,AGT005,2026-08-12,61
WL0015754,TKT012959,AGT016,2026-08-12,96
WL0015755,TKT012960,AGT017,2026-08-12,40
WL0015756,TKT012961,AGT010,2026-08-12,70
WL0015757,TKT012962,AGT004,2026-08-12,60
WL0015758,TKT012963,AGT015,2026-08-12,82
WL0015759,TKT012964,AGT008,2026-08-12,61
WL0015760,TKT012965,AGT010,2026-08-12,35
WL0015761,TKT012966,AGT006,2026-08-12,26
WL0015762,TKT012967,AGT015,2026-08-12,51
WL0015763,TKT012968,AGT010,2026-08-12,74
WL0015764,TKT012969,AGT004,2026-08-12,68
WL0015765,TKT012970,AGT005,2026-08-12,23
WL0015766,TKT012971,AGT008,2026-08-12,40
WL0015767,TKT012971,AGT011,2026-08-12,74
WL0015768,TKT012972,AGT013,2026-08-12,73
WL0015769,TKT012973,AGT017,2026-08-12,40
WL0015770,TKT012974,AGT006,2026-08-12,100
WL0015771,TKT012975,AGT008,2026-08-12,6
WL0015772,TKT012975,AGT011,2026-08-12,259
WL0015773,TKT012976,AGT001,2026-08-12,117
WL0015774,TKT012976,AGT006,2026-08-12,70
WL0015775,TKT012977,AGT018,2026-08-12,33
WL0015776,TKT012978,AGT015,2026-08-12,28
WL0015777,TKT012979,AGT013,2026-08-12,27
WL0015778,TKT012979,AGT018,2026-08-12,16
WL0015779,TKT012980,AGT013,2026-08-12,115
WL0015780,TKT012981,AGT008,2026-08-12,48
WL0015781,TKT012982,AGT008,2026-08-12,148
WL0015782,TKT012983,AGT010,2026-08-12,107
WL0015783,TKT012984,AGT001,2026-08-12,28
WL0015784,TKT012985,AGT005,2026-08-12,58
WL0015785,TKT012986,AGT017,2026-08-12,49
WL0015786,TKT012987,AGT012,2026-08-12,89
WL0015787,TKT012988,AGT017,2026-08-12,35
WL0015788,TKT012988,AGT018,2026-08-12,63
WL0015789,TKT012989,AGT016,2026-08-12,77
WL0015790,TKT012990,AGT010,2026-08-12,66
WL0015791,TKT012991,AGT016,2026-08-12,31
WL0015792,TKT012992,AGT016,2026-08-12,57
WL0015793,TKT012993,AGT016,2026-08-13,45
WL0015794,TKT012994,AGT007,2026-08-13,28
WL0015795,TKT012995,AGT013,2026-08-13,38
WL0015796,TKT012996,AGT002,2026-08-13,124
WL0015797,TKT012997,AGT007,2026-08-13,164
WL0015798,TKT012998,AGT002,2026-08-13,111
WL0015799,TKT012999,AGT003,2026-08-13,85
WL0015800,TKT013000,AGT012,2026-08-13,43
WL0015801,TKT013001,AGT010,2026-08-13,33
WL0015802,TKT013001,AGT011,2026-08-13,61
WL0015803,TKT013002,AGT003,2026-08-13,11
WL0015804,TKT013002,AGT005,2026-08-13,18
WL0015805,TKT013003,AGT015,2026-08-13,68
WL0015806,TKT013004,AGT011,2026-08-13,25
WL0015807,TKT013004,AGT012,2026-08-13,46
WL0015808,TKT013005,AGT017,2026-08-13,37
WL0015811,TKT013008,AGT013,2026-08-13,28
WL0015812,TKT013008,AGT017,2026-08-13,16
WL0015813,TKT013009,AGT015,2026-08-13,54
WL0015814,TKT013010,AGT007,2026-08-13,47
WL0015815,TKT013011,AGT003,2026-08-13,37
WL0015816,TKT013012,AGT016,2026-08-13,59
WL0015817,TKT013013,AGT016,2026-08-13,81
WL0015818,TKT013014,AGT015,2026-08-13,94
WL0015819,TKT013015,AGT005,2026-08-13,68
WL0015820,TKT013016,AGT005,2026-08-13,18
WL0015821,TKT013017,AGT010,2026-08-13,49
WL0015822,TKT013017,AGT011,2026-08-13,90
WL0015823,TKT013018,AGT013,2026-08-13,55
WL0015824,TKT013018,AGT015,2026-08-13,31
WL0015825,TKT013019,AGT002,2026-08-13,11
WL0015826,TKT013019,AGT003,2026-08-13,19
WL0015827,TKT013020,AGT007,2026-08-13,118
WL0015828,TKT013021,AGT013,2026-08-13,40
WL0015829,TKT013021,AGT016,2026-08-13,22
WL0015830,TKT013022,AGT013,2026-08-13,68
WL0015831,TKT013023,AGT015,2026-08-13,41
WL0015832,TKT013024,AGT003,2026-08-13,68
WL0015833,TKT013025,AGT007,2026-08-13,23
WL0015834,TKT013025,AGT008,2026-08-13,41
WL0015836,TKT013027,AGT016,2026-08-13,57
WL0015837,TKT013027,AGT017,2026-08-13,32
WL0015838,TKT013028,AGT008,2026-08-13,140
WL0015839,TKT013029,AGT005,2026-08-13,73
WL0015840,TKT013030,AGT003,2026-08-13,67
WL0015841,TKT013031,AGT007,2026-08-13,100
WL0015842,TKT013031,AGT011,2026-08-13,21
WL0015843,TKT013032,AGT015,2026-08-13,55
WL0015844,TKT013033,AGT016,2026-08-13,37
WL0015845,TKT013034,AGT003,2026-08-13,14
WL0015846,TKT013034,AGT005,2026-08-13,24
WL0015847,TKT013035,AGT013,2026-08-13,128
WL0015848,TKT013036,AGT003,2026-08-13,47
WL0015849,TKT013037,AGT013,2026-08-13,22
WL0015850,TKT013038,AGT013,2026-08-13,58
WL0015851,TKT013038,AGT017,2026-08-13,67
WL0015852,TKT013039,AGT015,2026-08-13,27
WL0015853,TKT013040,AGT017,2026-08-13,64
WL0015854,TKT013041,AGT016,2026-08-13,32
WL0015855,TKT013042,AGT011,2026-08-13,83
WL0015856,TKT013043,AGT015,2026-08-13,14
WL0015857,TKT013043,AGT017,2026-08-13,26
WL0015858,TKT013044,AGT003,2026-08-13,93
WL0015859,TKT013045,AGT002,2026-08-13,163
WL0015860,TKT013046,AGT008,2026-08-13,81
WL0015861,TKT013047,AGT003,2026-08-13,47
WL0015862,TKT013048,AGT008,2026-08-13,103
WL0015863,TKT013049,AGT002,2026-08-13,39
WL0015864,TKT013049,AGT003,2026-08-13,3
WL0015865,TKT013049,AGT005,2026-08-13,26
WL0015866,TKT013050,AGT016,2026-08-13,73
WL0015867,TKT013051,AGT008,2026-08-13,115
WL0015868,TKT013051,AGT010,2026-08-13,23
WL0015869,TKT013052,AGT010,2026-08-13,48
WL0015870,TKT013052,AGT011,2026-08-13,26
WL0015871,TKT013053,AGT007,2026-08-14,199
WL0015872,TKT013054,AGT009,2026-08-14,243
WL0015873,TKT013055,AGT007,2026-08-14,87
WL0015874,TKT013056,AGT002,2026-08-14,43
WL0015875,TKT013056,AGT003,2026-08-14,24
WL0015876,TKT013057,AGT018,2026-08-14,113
WL0015877,TKT013058,AGT018,2026-08-14,53
WL0015878,TKT013059,AGT017,2026-08-14,26
WL0015879,TKT013060,AGT017,2026-08-14,103
WL0015880,TKT013061,AGT007,2026-08-14,87
WL0015881,TKT013062,AGT004,2026-08-14,150
WL0015882,TKT013063,AGT018,2026-08-14,44
WL0015883,TKT013064,AGT001,2026-08-14,83
WL0015884,TKT013065,AGT016,2026-08-14,71
WL0015885,TKT013066,AGT001,2026-08-14,37
WL0015886,TKT013067,AGT006,2026-08-14,38
WL0015887,TKT013068,AGT010,2026-08-14,90
WL0015888,TKT013069,AGT001,2026-08-14,180
WL0015889,TKT013070,AGT012,2026-08-14,108
WL0015890,TKT013071,AGT002,2026-08-14,33
WL0015891,TKT013071,AGT006,2026-08-14,59
WL0015892,TKT013072,AGT015,2026-08-14,44
WL0015893,TKT013073,AGT017,2026-08-14,46
WL0015894,TKT013074,AGT005,2026-08-14,46
WL0015895,TKT013075,AGT005,2026-08-14,78
WL0015896,TKT013076,AGT015,2026-08-14,20
WL0015897,TKT013077,AGT018,2026-08-14,72
WL0015898,TKT013078,AGT010,2026-08-14,38
WL0015899,TKT013079,AGT008,2026-08-14,96
WL0015900,TKT013080,AGT018,2026-08-14,44
WL0015901,TKT013081,AGT006,2026-08-14,36
WL0015902,TKT013082,AGT003,2026-08-14,156
WL0015903,TKT013083,AGT017,2026-08-14,115
WL0015904,TKT013084,AGT007,2026-08-14,46
WL0015905,TKT013084,AGT010,2026-08-14,84
WL0015906,TKT013085,AGT016,2026-08-14,63
WL0015907,TKT013086,AGT014,2026-08-14,79
WL0015908,TKT013087,AGT008,2026-08-14,37
WL0015909,TKT013087,AGT011,2026-08-14,21
WL0015910,TKT013088,AGT007,2026-08-14,18
WL0015911,TKT013089,AGT016,2026-08-14,128
WL0015912,TKT013090,AGT018,2026-08-14,44
WL0015913,TKT013091,AGT010,2026-08-14,44
WL0015914,TKT013091,AGT012,2026-08-14,80
WL0015915,TKT013092,AGT017,2026-08-14,88
WL0015916,TKT013093,AGT011,2026-08-14,31
WL0015917,TKT013094,AGT010,2026-08-14,146
WL0015918,TKT013095,AGT008,2026-08-14,63
WL0015919,TKT013095,AGT009,2026-08-14,34
WL0015920,TKT013096,AGT015,2026-08-14,21
WL0015921,TKT013097,AGT001,2026-08-14,35
WL0015922,TKT013097,AGT002,2026-08-14,63
WL0015923,TKT013098,AGT003,2026-08-14,93
WL0015924,TKT013099,AGT016,2026-08-14,62
WL0015925,TKT013100,AGT017,2026-08-14,55
WL0015926,TKT013101,AGT001,2026-08-15,25
WL0015927,TKT013102,AGT003,2026-08-15,73
WL0015928,TKT013103,AGT015,2026-08-15,56
WL0015929,TKT013104,AGT015,2026-08-15,36
WL0015930,TKT013104,AGT017,2026-08-15,20
WL0015931,TKT013105,AGT001,2026-08-15,34
WL0015932,TKT013106,AGT014,2026-08-15,23
WL0015933,TKT013107,AGT010,2026-08-15,58
WL0015934,TKT013108,AGT003,2026-08-15,118
WL0015935,TKT013109,AGT017,2026-08-15,32
WL0015936,TKT013110,AGT010,2026-08-15,48
WL0015937,TKT013111,AGT017,2026-08-15,23
WL0015938,TKT013112,AGT010,2026-08-15,101
WL0015939,TKT013113,AGT013,2026-08-15,79
WL0015940,TKT013114,AGT011,2026-08-15,75
WL0015941,TKT013115,AGT013,2026-08-15,46
WL0015942,TKT013116,AGT001,2026-08-15,33
WL0015943,TKT013116,AGT003,2026-08-15,59
WL0015944,TKT013117,AGT008,2026-08-15,46
WL0015945,TKT013117,AGT011,2026-08-15,83
WL0015946,TKT013118,AGT010,2026-08-15,46
WL0015947,TKT013118,AGT012,2026-08-15,26
WL0015948,TKT013119,AGT011,2026-08-15,163
WL0015949,TKT013120,AGT008,2026-08-15,18
WL0015950,TKT013120,AGT012,2026-08-15,33
WL0015951,TKT013121,AGT008,2026-08-15,20
WL0015952,TKT013121,AGT010,2026-08-15,36
WL0015953,TKT013122,AGT011,2026-08-15,104
WL0015954,TKT013123,AGT004,2026-08-16,81
WL0015955,TKT013124,AGT012,2026-08-16,100
WL0015956,TKT013125,AGT001,2026-08-16,82
WL0015957,TKT013125,AGT004,2026-08-16,151
WL0015958,TKT013126,AGT004,2026-08-16,13
WL0015961,TKT013128,AGT018,2026-08-16,80
WL0015962,TKT013129,AGT009,2026-08-16,295
WL0015963,TKT013130,AGT002,2026-08-16,79
WL0015964,TKT013130,AGT004,2026-08-16,43
WL0015965,TKT013131,AGT013,2026-08-16,91
WL0015966,TKT013132,AGT009,2026-08-16,73
WL0015967,TKT013132,AGT012,2026-08-16,40
WL0015968,TKT013133,AGT017,2026-08-16,118
WL0015969,TKT013134,AGT017,2026-08-16,32
WL0015970,TKT013135,AGT017,2026-08-16,38
WL0015971,TKT013136,AGT004,2026-08-16,17
WL0015972,TKT013137,AGT010,2026-08-16,28
WL0015973,TKT013138,AGT017,2026-08-16,27
WL0015974,TKT013138,AGT018,2026-08-16,15
WL0015975,TKT013139,AGT018,2026-08-16,49
WL0015976,TKT013140,AGT010,2026-08-16,55
WL0015977,TKT013141,AGT018,2026-08-16,104
WL0015978,TKT013142,AGT010,2026-08-16,61
WL0015979,TKT013143,AGT004,2026-08-16,105
WL0015980,TKT013144,AGT001,2026-08-16,135
WL0015981,TKT013144,AGT004,2026-08-16,70
WL0015982,TKT013145,AGT013,2026-08-16,21
WL0015983,TKT013146,AGT009,2026-08-16,91
WL0015984,TKT013147,AGT014,2026-08-17,183
WL0015985,TKT013148,AGT006,2026-08-17,57
WL0015986,TKT013149,AGT016,2026-08-17,55
WL0015987,TKT013150,AGT002,2026-08-17,41
WL0015988,TKT013150,AGT003,2026-08-17,74
WL0015989,TKT013151,AGT010,2026-08-17,43
WL0015990,TKT013152,AGT007,2026-08-17,46
WL0015991,TKT013152,AGT010,2026-08-17,26
WL0015992,TKT013153,AGT013,2026-08-17,29
WL0015993,TKT013153,AGT015,2026-08-17,53
WL0015994,TKT013154,AGT007,2026-08-17,148
WL0015995,TKT013155,AGT001,2026-08-17,16
WL0015996,TKT013155,AGT002,2026-08-17,29
WL0015998,TKT013157,AGT006,2026-08-17,52
WL0015999,TKT013158,AGT009,2026-08-17,350
WL0016000,TKT013159,AGT007,2026-08-17,24
WL0016001,TKT013159,AGT009,2026-08-17,44
WL0016002,TKT013160,AGT002,2026-08-17,45
WL0016003,TKT013161,AGT016,2026-08-17,176
WL0016004,TKT013162,AGT006,2026-08-17,24
WL0016005,TKT013163,AGT013,2026-08-17,35
WL0016006,TKT013164,AGT018,2026-08-17,74
WL0016007,TKT013165,AGT018,2026-08-17,70
WL0016008,TKT013166,AGT018,2026-08-17,105
WL0016009,TKT013167,AGT017,2026-08-17,30
WL0016010,TKT013168,AGT016,2026-08-17,39
WL0016011,TKT013168,AGT017,2026-08-17,72
WL0016012,TKT013169,AGT010,2026-08-17,101
WL0016013,TKT013170,AGT002,2026-08-17,75
WL0016014,TKT013171,AGT001,2026-08-17,21
WL0016015,TKT013172,AGT016,2026-08-17,96
WL0016016,TKT013173,AGT001,2026-08-17,64
WL0016017,TKT013174,AGT009,2026-08-17,86
WL0016018,TKT013174,AGT012,2026-08-17,44
WL0016019,TKT013175,AGT006,2026-08-17,24
WL0016020,TKT013176,AGT002,2026-08-17,38
WL0016021,TKT013177,AGT012,2026-08-17,30
WL0016022,TKT013178,AGT010,2026-08-17,87
WL0016023,TKT013178,AGT012,2026-08-17,48
WL0016024,TKT013179,AGT010,2026-08-17,25
WL0016025,TKT013179,AGT012,2026-08-17,46
WL0016026,TKT013180,AGT007,2026-08-17,46
WL0016027,TKT013180,AGT010,2026-08-17,25
WL0016028,TKT013181,AGT007,2026-08-17,109
WL0016029,TKT013182,AGT001,2026-08-17,28
WL0016030,TKT013182,AGT005,2026-08-17,50
WL0016031,TKT013183,AGT005,2026-08-17,126
WL0016032,TKT013184,AGT010,2026-08-17,114
WL0016033,TKT013185,AGT007,2026-08-17,107
WL0016034,TKT013185,AGT012,2026-08-17,72
WL0016035,TKT013186,AGT018,2026-08-17,58
WL0016036,TKT013187,AGT010,2026-08-17,29
WL0016037,TKT013188,AGT016,2026-08-17,84
WL0016038,TKT013188,AGT018,2026-08-17,40
WL0016039,TKT013189,AGT010,2026-08-17,30
WL0016040,TKT013189,AGT012,2026-08-17,151
WL0016041,TKT013190,AGT012,2026-08-17,59
WL0016042,TKT013190,AGT013,2026-08-17,332
WL0016043,TKT013191,AGT014,2026-08-17,73
WL0016044,TKT013192,AGT018,2026-08-17,31
WL0016045,TKT013193,AGT017,2026-08-17,91
WL0016046,TKT013194,AGT014,2026-08-17,41
WL0016047,TKT013195,AGT005,2026-08-17,30
WL0016048,TKT013196,AGT005,2026-08-17,38
WL0016049,TKT013197,AGT002,2026-08-18,46
WL0016050,TKT013198,AGT015,2026-08-18,56
WL0016051,TKT013199,AGT007,2026-08-18,149
WL0016052,TKT013200,AGT018,2026-08-18,36
WL0016053,TKT013201,AGT006,2026-08-18,47
WL0016054,TKT013202,AGT014,2026-08-18,54
WL0016055,TKT013203,AGT003,2026-08-18,64
WL0016056,TKT013204,AGT008,2026-08-18,105
WL0016057,TKT013205,AGT013,2026-08-18,71
WL0016058,TKT013206,AGT007,2026-08-18,66
WL0016059,TKT013207,AGT014,2026-08-18,52
WL0016060,TKT013208,AGT013,2026-08-18,66
WL0016061,TKT013209,AGT014,2026-08-18,42
WL0016062,TKT013210,AGT014,2026-08-18,76
WL0016063,TKT013211,AGT012,2026-08-18,57
WL0016064,TKT013212,AGT007,2026-08-18,55
WL0016065,TKT013213,AGT012,2026-08-18,143
WL0016066,TKT013214,AGT017,2026-08-18,71
WL0016067,TKT013215,AGT002,2026-08-18,15
WL0016068,TKT013216,AGT016,2026-08-18,99
WL0016069,TKT013217,AGT003,2026-08-18,20
WL0016070,TKT013217,AGT006,2026-08-18,36
WL0016071,TKT013218,AGT014,2026-08-18,83
WL0016072,TKT013219,AGT002,2026-08-18,24
WL0016073,TKT013220,AGT009,2026-08-18,71
WL0016074,TKT013221,AGT013,2026-08-18,18
WL0016075,TKT013222,AGT011,2026-08-18,53
WL0016076,TKT013223,AGT007,2026-08-18,65
WL0016077,TKT013224,AGT013,2026-08-18,59
WL0016078,TKT013225,AGT007,2026-08-18,66
WL0016079,TKT013225,AGT009,2026-08-18,37
WL0016080,TKT013226,AGT009,2026-08-18,198
WL0016081,TKT013227,AGT015,2026-08-18,49
WL0016082,TKT013228,AGT002,2026-08-18,66
WL0016083,TKT013229,AGT015,2026-08-18,39
WL0016084,TKT013230,AGT003,2026-08-18,23
WL0016085,TKT013230,AGT006,2026-08-18,40
WL0016086,TKT013231,AGT013,2026-08-18,20
WL0016087,TKT013231,AGT014,2026-08-18,35
WL0016088,TKT013232,AGT011,2026-08-18,143
WL0016089,TKT013233,AGT013,2026-08-18,58
WL0016090,TKT013234,AGT018,2026-08-18,114
WL0016091,TKT013235,AGT012,2026-08-18,90
WL0016092,TKT013236,AGT011,2026-08-18,49
WL0016093,TKT013237,AGT014,2026-08-18,138
WL0016094,TKT013237,AGT015,2026-08-18,42
WL0016095,TKT013238,AGT015,2026-08-18,17
WL0016096,TKT013238,AGT017,2026-08-18,30
WL0016097,TKT013239,AGT016,2026-08-18,67
WL0016098,TKT013240,AGT018,2026-08-18,103
WL0016099,TKT013241,AGT008,2026-08-18,149
WL0016100,TKT013242,AGT016,2026-08-18,30
WL0016101,TKT013243,AGT011,2026-08-18,94
WL0016102,TKT013244,AGT013,2026-08-18,13
WL0016103,TKT013244,AGT015,2026-08-18,22
WL0016104,TKT013245,AGT006,2026-08-18,41
WL0016105,TKT013246,AGT006,2026-08-18,24
WL0016106,TKT013247,AGT018,2026-08-18,177
WL0016107,TKT013248,AGT008,2026-08-19,132
WL0016108,TKT013249,AGT010,2026-08-19,168
WL0016109,TKT013250,AGT014,2026-08-19,51
WL0016110,TKT013251,AGT017,2026-08-19,54
WL0016111,TKT013252,AGT007,2026-08-19,205
WL0016112,TKT013253,AGT013,2026-08-19,10
WL0016113,TKT013253,AGT018,2026-08-19,18
WL0016114,TKT013254,AGT018,2026-08-19,41
WL0016115,TKT013255,AGT014,2026-08-19,95
WL0016116,TKT013255,AGT017,2026-08-19,52
WL0016117,TKT013256,AGT004,2026-08-19,28
WL0016118,TKT013257,AGT013,2026-08-19,88
WL0016119,TKT013258,AGT004,2026-08-19,49
WL0016120,TKT013259,AGT014,2026-08-19,30
WL0016121,TKT013260,AGT002,2026-08-19,79
WL0016122,TKT013261,AGT012,2026-08-19,77
WL0016123,TKT013262,AGT018,2026-08-19,77
WL0016124,TKT013263,AGT010,2026-08-19,66
WL0016125,TKT013264,AGT002,2026-08-19,71
WL0016126,TKT013265,AGT001,2026-08-19,46
WL0016127,TKT013265,AGT002,2026-08-19,25
WL0016128,TKT013266,AGT014,2026-08-19,161
WL0016129,TKT013267,AGT014,2026-08-19,46
WL0016130,TKT013268,AGT012,2026-08-19,88
WL0016131,TKT013269,AGT004,2026-08-19,170
WL0016132,TKT013270,AGT008,2026-08-19,49
WL0016133,TKT013271,AGT007,2026-08-19,56
WL0016134,TKT013271,AGT010,2026-08-19,216
WL0016135,TKT013272,AGT006,2026-08-19,56
WL0016136,TKT013273,AGT008,2026-08-19,100
WL0016137,TKT013274,AGT013,2026-08-19,46
WL0016138,TKT013274,AGT017,2026-08-19,26
WL0016139,TKT013275,AGT001,2026-08-19,26
WL0016140,TKT013276,AGT018,2026-08-19,71
WL0016141,TKT013277,AGT004,2026-08-19,51
WL0016142,TKT013278,AGT013,2026-08-19,19
WL0016143,TKT013278,AGT018,2026-08-19,35
WL0016144,TKT013279,AGT013,2026-08-19,46
WL0016145,TKT013280,AGT004,2026-08-19,176
WL0016146,TKT013281,AGT008,2026-08-19,54
WL0016147,TKT013282,AGT001,2026-08-19,7
WL0016148,TKT013282,AGT004,2026-08-19,6
WL0016149,TKT013283,AGT002,2026-08-19,16
WL0016150,TKT013283,AGT006,2026-08-19,29
WL0016152,TKT013285,AGT018,2026-08-19,155
WL0016153,TKT013286,AGT014,2026-08-19,52
WL0016154,TKT013287,AGT013,2026-08-19,58
WL0016155,TKT013288,AGT016,2026-08-19,20
WL0016156,TKT013288,AGT018,2026-08-19,83
WL0016157,TKT013289,AGT009,2026-08-19,106
WL0016158,TKT013290,AGT009,2026-08-19,43
WL0016159,TKT013291,AGT001,2026-08-19,61
WL0016161,TKT013293,AGT007,2026-08-19,17
WL0016162,TKT013293,AGT011,2026-08-19,30
WL0016163,TKT013294,AGT008,2026-08-19,55
WL0016164,TKT013294,AGT011,2026-08-19,64
WL0016165,TKT013295,AGT011,2026-08-19,134
WL0016166,TKT013296,AGT013,2026-08-19,95
WL0016167,TKT013296,AGT014,2026-08-19,15
WL0016168,TKT013296,AGT016,2026-08-19,37
WL0016169,TKT013297,AGT002,2026-08-19,23
WL0016170,TKT013297,AGT006,2026-08-19,41
WL0016171,TKT013298,AGT012,2026-08-19,53
WL0016172,TKT013299,AGT006,2026-08-19,49
WL0016173,TKT013300,AGT009,2026-08-19,142
WL0016174,TKT013301,AGT013,2026-08-19,41
WL0016175,TKT013302,AGT007,2026-08-19,158
WL0016176,TKT013302,AGT011,2026-08-19,25
WL0016177,TKT013303,AGT001,2026-08-19,55
WL0016178,TKT013304,AGT001,2026-08-19,52
WL0016179,TKT013305,AGT013,2026-08-19,39
WL0016180,TKT013306,AGT001,2026-08-19,65
WL0016181,TKT013307,AGT016,2026-08-19,26
WL0016182,TKT013307,AGT017,2026-08-19,48
WL0016183,TKT013308,AGT006,2026-08-19,100
WL0016184,TKT013309,AGT012,2026-08-20,92
WL0016185,TKT013310,AGT001,2026-08-20,95
WL0016186,TKT013311,AGT008,2026-08-20,100
WL0016187,TKT013312,AGT015,2026-08-20,21
WL0016188,TKT013313,AGT010,2026-08-20,69
WL0016189,TKT013314,AGT006,2026-08-20,148
WL0016190,TKT013315,AGT006,2026-08-20,40
WL0016191,TKT013316,AGT015,2026-08-20,86
WL0016192,TKT013317,AGT018,2026-08-20,94
WL0016193,TKT013318,AGT006,2026-08-20,109
WL0016194,TKT013319,AGT004,2026-08-20,21
WL0016195,TKT013320,AGT002,2026-08-20,30
WL0016196,TKT013320,AGT006,2026-08-20,54
WL0016197,TKT013321,AGT011,2026-08-20,276
WL0016198,TKT013322,AGT008,2026-08-20,169
WL0016199,TKT013323,AGT011,2026-08-20,39
WL0016200,TKT013324,AGT018,2026-08-20,27
WL0016201,TKT013325,AGT012,2026-08-20,113
WL0016202,TKT013326,AGT002,2026-08-20,73
WL0016203,TKT013327,AGT006,2026-08-20,116
WL0016204,TKT013328,AGT002,2026-08-20,32
WL0016205,TKT013329,AGT014,2026-08-20,34
WL0016206,TKT013330,AGT014,2026-08-20,31
WL0016207,TKT013331,AGT012,2026-08-20,34
WL0016208,TKT013332,AGT008,2026-08-20,211
WL0016209,TKT013332,AGT011,2026-08-20,57
WL0016210,TKT013333,AGT004,2026-08-20,73
WL0016211,TKT013334,AGT013,2026-08-20,9
WL0016212,TKT013334,AGT016,2026-08-20,14
WL0016213,TKT013335,AGT012,2026-08-20,101
WL0016214,TKT013336,AGT004,2026-08-20,8
WL0016215,TKT013336,AGT006,2026-08-20,13
WL0016217,TKT013338,AGT002,2026-08-20,57
WL0016218,TKT013338,AGT004,2026-08-20,32
WL0016219,TKT013339,AGT010,2026-08-20,106
WL0016220,TKT013340,AGT016,2026-08-20,47
WL0016221,TKT013341,AGT009,2026-08-20,39
WL0016222,TKT013341,AGT011,2026-08-20,21
WL0016223,TKT013342,AGT018,2026-08-20,28
WL0016224,TKT013343,AGT018,2026-08-20,36
WL0016225,TKT013344,AGT002,2026-08-20,27
WL0016226,TKT013344,AGT004,2026-08-20,15
WL0016227,TKT013345,AGT009,2026-08-20,96
WL0016228,TKT013345,AGT011,2026-08-20,87
WL0016229,TKT013346,AGT015,2026-08-20,39
WL0016230,TKT013347,AGT001,2026-08-21,28
WL0016231,TKT013348,AGT007,2026-08-21,79
WL0016232,TKT013349,AGT004,2026-08-21,45
WL0016233,TKT013350,AGT010,2026-08-21,195
WL0016234,TKT013351,AGT014,2026-08-21,76
WL0016235,TKT013352,AGT006,2026-08-21,93
WL0016236,TKT013353,AGT010,2026-08-21,77
WL0016237,TKT013354,AGT009,2026-08-21,34
WL0016238,TKT013355,AGT013,2026-08-21,48
WL0016239,TKT013356,AGT004,2026-08-21,67
WL0016240,TKT013357,AGT016,2026-08-21,119
WL0016241,TKT013358,AGT006,2026-08-21,92
WL0016242,TKT013359,AGT002,2026-08-21,70
WL0016243,TKT013360,AGT011,2026-08-21,110
WL0016244,TKT013361,AGT001,2026-08-21,19
WL0016245,TKT013362,AGT011,2026-08-21,64
WL0016246,TKT013363,AGT006,2026-08-21,60
WL0016247,TKT013364,AGT013,2026-08-21,122
WL0016248,TKT013365,AGT001,2026-08-21,67
WL0016249,TKT013366,AGT011,2026-08-21,124
WL0016250,TKT013367,AGT004,2026-08-21,108
WL0016251,TKT013368,AGT013,2026-08-21,81
WL0016252,TKT013369,AGT016,2026-08-21,21
WL0016253,TKT013369,AGT018,2026-08-21,38
WL0016254,TKT013370,AGT005,2026-08-21,51
WL0016255,TKT013371,AGT015,2026-08-21,49
WL0016256,TKT013372,AGT002,2026-08-21,32
WL0016257,TKT013373,AGT004,2026-08-21,53
WL0016258,TKT013374,AGT015,2026-08-21,83
WL0016259,TKT013375,AGT013,2026-08-21,97
WL0016260,TKT013376,AGT015,2026-08-21,80
WL0016261,TKT013377,AGT001,2026-08-21,127
WL0016262,TKT013378,AGT011,2026-08-21,98
WL0016263,TKT013379,AGT007,2026-08-22,75
WL0016264,TKT013380,AGT004,2026-08-22,151
WL0016265,TKT013381,AGT005,2026-08-22,29
WL0016266,TKT013382,AGT006,2026-08-22,45
WL0016267,TKT013383,AGT010,2026-08-22,40
WL0016268,TKT013384,AGT010,2026-08-22,53
WL0016269,TKT013384,AGT012,2026-08-22,29
WL0016270,TKT013385,AGT017,2026-08-22,70
WL0016271,TKT013386,AGT001,2026-08-22,19
WL0016272,TKT013386,AGT006,2026-08-22,11
WL0016273,TKT013387,AGT018,2026-08-22,85
WL0016274,TKT013388,AGT004,2026-08-22,92
WL0016275,TKT013389,AGT011,2026-08-22,116
WL0016276,TKT013390,AGT012,2026-08-22,88
WL0016277,TKT013391,AGT001,2026-08-22,120
WL0016278,TKT013392,AGT005,2026-08-22,94
WL0016279,TKT013393,AGT007,2026-08-22,85
WL0016280,TKT013393,AGT012,2026-08-22,46
WL0016281,TKT013394,AGT017,2026-08-22,37
WL0016282,TKT013395,AGT015,2026-08-22,69
WL0016283,TKT013396,AGT014,2026-08-22,72
WL0016284,TKT013397,AGT007,2026-08-22,197
WL0016285,TKT013398,AGT005,2026-08-22,18
WL0016286,TKT013399,AGT015,2026-08-22,54
WL0016287,TKT013400,AGT010,2026-08-22,90
WL0016288,TKT013401,AGT004,2026-08-22,84
WL0016289,TKT013402,AGT001,2026-08-22,48
WL0016290,TKT013403,AGT018,2026-08-22,126
WL0016291,TKT013404,AGT012,2026-08-22,120
WL0016292,TKT013405,AGT013,2026-08-22,25
WL0016293,TKT013406,AGT017,2026-08-22,49
WL0016294,TKT013407,AGT013,2026-08-22,32
WL0016295,TKT013407,AGT014,2026-08-22,58
WL0016296,TKT013408,AGT001,2026-08-22,37
WL0016297,TKT013409,AGT011,2026-08-22,85
WL0016298,TKT013410,AGT004,2026-08-22,58
WL0016299,TKT013411,AGT001,2026-08-22,69
WL0016300,TKT013412,AGT014,2026-08-22,16
WL0016301,TKT013412,AGT017,2026-08-22,10
WL0016302,TKT013413,AGT006,2026-08-22,66
WL0016303,TKT013414,AGT015,2026-08-22,101
WL0016304,TKT013415,AGT018,2026-08-23,104
WL0016305,TKT013416,AGT007,2026-08-23,216
WL0016306,TKT013417,AGT002,2026-08-23,86
WL0016307,TKT013418,AGT007,2026-08-23,142
WL0016308,TKT013419,AGT011,2026-08-23,117
WL0016309,TKT013420,AGT018,2026-08-23,44
WL0016310,TKT013421,AGT011,2026-08-23,124
WL0016311,TKT013422,AGT007,2026-08-23,85
WL0016312,TKT013423,AGT007,2026-08-23,7
WL0016313,TKT013423,AGT011,2026-08-23,139
WL0016314,TKT013424,AGT011,2026-08-23,42
WL0016315,TKT013425,AGT018,2026-08-23,115
WL0016316,TKT013426,AGT017,2026-08-23,54
WL0016317,TKT013427,AGT017,2026-08-23,19
WL0016318,TKT013428,AGT011,2026-08-23,58
WL0016319,TKT013428,AGT018,2026-08-23,176
WL0016320,TKT013429,AGT002,2026-08-23,20
WL0016321,TKT013430,AGT017,2026-08-23,30
WL0016322,TKT013430,AGT018,2026-08-23,41
WL0016323,TKT013431,AGT003,2026-08-23,66
WL0016324,TKT013432,AGT017,2026-08-23,114
WL0016325,TKT013433,AGT002,2026-08-23,55
WL0016326,TKT013433,AGT004,2026-08-23,30
WL0016327,TKT013434,AGT017,2026-08-23,52
WL0016328,TKT013435,AGT004,2026-08-23,35
WL0016329,TKT013435,AGT017,2026-08-23,20
WL0016330,TKT013436,AGT003,2026-08-23,124
WL0016331,TKT013437,AGT003,2026-08-23,17
WL0016332,TKT013438,AGT017,2026-08-23,75
WL0016333,TKT013439,AGT005,2026-08-23,44
WL0016334,TKT013440,AGT016,2026-08-24,51
WL0016335,TKT013441,AGT017,2026-08-24,85
WL0016336,TKT013442,AGT010,2026-08-24,45
WL0016337,TKT013443,AGT017,2026-08-24,122
WL0016338,TKT013444,AGT018,2026-08-24,54
WL0016339,TKT013445,AGT014,2026-08-24,38
WL0016340,TKT013445,AGT015,2026-08-24,21
WL0016341,TKT013446,AGT010,2026-08-24,62
WL0016342,TKT013446,AGT011,2026-08-24,34
WL0016343,TKT013447,AGT015,2026-08-24,36
WL0016344,TKT013448,AGT001,2026-08-24,15
WL0016345,TKT013448,AGT002,2026-08-24,9
WL0016346,TKT013449,AGT009,2026-08-24,119
WL0016347,TKT013450,AGT006,2026-08-24,80
WL0016349,TKT013452,AGT007,2026-08-24,48
WL0016350,TKT013452,AGT012,2026-08-24,87
WL0016351,TKT013453,AGT006,2026-08-24,47
WL0016352,TKT013454,AGT008,2026-08-24,105
WL0016353,TKT013455,AGT009,2026-08-24,43
WL0016354,TKT013456,AGT010,2026-08-24,179
WL0016355,TKT013457,AGT003,2026-08-24,76
WL0016356,TKT013458,AGT015,2026-08-24,77
WL0016357,TKT013459,AGT002,2026-08-24,31
WL0016358,TKT013460,AGT016,2026-08-24,25
WL0016359,TKT013461,AGT004,2026-08-24,33
WL0016360,TKT013462,AGT002,2026-08-24,85
WL0016361,TKT013463,AGT015,2026-08-24,95
WL0016362,TKT013464,AGT017,2026-08-24,17
WL0016363,TKT013465,AGT003,2026-08-24,30
WL0016364,TKT013466,AGT013,2026-08-24,91
WL0016365,TKT013467,AGT014,2026-08-24,46
WL0016366,TKT013467,AGT015,2026-08-24,281
WL0016367,TKT013468,AGT008,2026-08-24,66
WL0016368,TKT013469,AGT016,2026-08-24,32
WL0016369,TKT013470,AGT001,2026-08-24,163
WL0016370,TKT013471,AGT016,2026-08-24,66
WL0016371,TKT013472,AGT006,2026-08-24,61
WL0016372,TKT013473,AGT001,2026-08-24,128
WL0016373,TKT013474,AGT004,2026-08-24,134
WL0016374,TKT013475,AGT004,2026-08-24,119
WL0016375,TKT013476,AGT003,2026-08-24,126
WL0016376,TKT013477,AGT002,2026-08-24,26
WL0016377,TKT013478,AGT012,2026-08-24,266
WL0016378,TKT013479,AGT018,2026-08-24,110
WL0016379,TKT013480,AGT010,2026-08-24,82
WL0016381,TKT013482,AGT006,2026-08-24,180
WL0016382,TKT013483,AGT009,2026-08-24,127
WL0016383,TKT013484,AGT008,2026-08-24,81
WL0016384,TKT013485,AGT006,2026-08-24,19
WL0016385,TKT013486,AGT013,2026-08-24,85
WL0016386,TKT013487,AGT017,2026-08-24,156
WL0016387,TKT013488,AGT014,2026-08-24,108
WL0016388,TKT013489,AGT014,2026-08-24,222
WL0016389,TKT013490,AGT003,2026-08-24,109
WL0016390,TKT013491,AGT003,2026-08-24,92
WL0016391,TKT013492,AGT002,2026-08-24,15
WL0016392,TKT013492,AGT003,2026-08-24,26
WL0016393,TKT013493,AGT014,2026-08-24,66
WL0016394,TKT013493,AGT017,2026-08-24,14
WL0016395,TKT013494,AGT017,2026-08-24,37
WL0016396,TKT013495,AGT018,2026-08-24,76
WL0016397,TKT013496,AGT003,2026-08-25,80
WL0016398,TKT013497,AGT005,2026-08-25,126
WL0016399,TKT013498,AGT013,2026-08-25,35
WL0016400,TKT013498,AGT017,2026-08-25,65
WL0016401,TKT013499,AGT014,2026-08-25,82
WL0016402,TKT013500,AGT015,2026-08-25,27
WL0016403,TKT013501,AGT007,2026-08-25,78
WL0016404,TKT013501,AGT009,2026-08-25,42
WL0016405,TKT013502,AGT012,2026-08-25,210
WL0016406,TKT013503,AGT012,2026-08-25,75
WL0016407,TKT013504,AGT017,2026-08-25,70
WL0016408,TKT013505,AGT013,2026-08-25,93
WL0016409,TKT013506,AGT009,2026-08-25,43
WL0016410,TKT013507,AGT014,2026-08-25,34
WL0016411,TKT013507,AGT016,2026-08-25,63
WL0016412,TKT013508,AGT007,2026-08-25,33
WL0016413,TKT013508,AGT011,2026-08-25,61
WL0016414,TKT013509,AGT013,2026-08-25,53
WL0016415,TKT013510,AGT014,2026-08-25,69
WL0016416,TKT013511,AGT003,2026-08-25,75
WL0016417,TKT013512,AGT002,2026-08-25,39
WL0016418,TKT013513,AGT007,2026-08-25,94
WL0016419,TKT013514,AGT013,2026-08-25,25
WL0016420,TKT013514,AGT018,2026-08-25,44
WL0016421,TKT013515,AGT005,2026-08-25,50
WL0016422,TKT013516,AGT014,2026-08-25,63
WL0016423,TKT013516,AGT018,2026-08-25,35
WL0016424,TKT013517,AGT002,2026-08-25,51
WL0016425,TKT013517,AGT006,2026-08-25,94
WL0016426,TKT013518,AGT006,2026-08-25,101
WL0016427,TKT013519,AGT003,2026-08-25,26
WL0016428,TKT013520,AGT002,2026-08-25,24
WL0016429,TKT013520,AGT003,2026-08-25,14
WL0016430,TKT013521,AGT005,2026-08-25,30
WL0016431,TKT013522,AGT003,2026-08-25,125
WL0016432,TKT013523,AGT007,2026-08-25,107
WL0016433,TKT013524,AGT010,2026-08-25,31
WL0016434,TKT013525,AGT010,2026-08-25,71
WL0016435,TKT013526,AGT013,2026-08-25,111
WL0016436,TKT013527,AGT002,2026-08-25,59
WL0016437,TKT013528,AGT005,2026-08-25,57
WL0016438,TKT013528,AGT006,2026-08-25,32
WL0016439,TKT013529,AGT011,2026-08-25,72
WL0016440,TKT013530,AGT018,2026-08-25,44
WL0016441,TKT013531,AGT018,2026-08-25,107
WL0016442,TKT013532,AGT015,2026-08-25,56
WL0016443,TKT013533,AGT005,2026-08-25,33
WL0016444,TKT013534,AGT016,2026-08-25,87
WL0016445,TKT013535,AGT017,2026-08-25,43
WL0016446,TKT013536,AGT006,2026-08-25,78
WL0016447,TKT013537,AGT010,2026-08-25,69
WL0016448,TKT013538,AGT005,2026-08-25,85
WL0016449,TKT013539,AGT010,2026-08-25,111
WL0016450,TKT013540,AGT006,2026-08-25,85
WL0016451,TKT013541,AGT010,2026-08-25,92
WL0016452,TKT013542,AGT009,2026-08-25,78
WL0016453,TKT013543,AGT012,2026-08-25,61
WL0016454,TKT013544,AGT016,2026-08-25,58
WL0016455,TKT013545,AGT009,2026-08-25,81
WL0016456,TKT013545,AGT011,2026-08-25,44
WL0016457,TKT013546,AGT005,2026-08-25,42
WL0016458,TKT013547,AGT013,2026-08-25,21
WL0016459,TKT013548,AGT006,2026-08-26,91
WL0016460,TKT013549,AGT005,2026-08-26,89
WL0016461,TKT013550,AGT016,2026-08-26,98
WL0016462,TKT013551,AGT001,2026-08-26,65
WL0016463,TKT013552,AGT018,2026-08-26,41
WL0016464,TKT013553,AGT005,2026-08-26,48
WL0016465,TKT013554,AGT006,2026-08-26,89
WL0016466,TKT013555,AGT016,2026-08-26,43
WL0016467,TKT013556,AGT001,2026-08-26,42
WL0016468,TKT013556,AGT003,2026-08-26,76
WL0016469,TKT013557,AGT013,2026-08-26,45
WL0016470,TKT013558,AGT003,2026-08-26,37
WL0016471,TKT013559,AGT016,2026-08-26,59
WL0016472,TKT013560,AGT009,2026-08-26,96
WL0016473,TKT013561,AGT006,2026-08-26,70
WL0016474,TKT013562,AGT010,2026-08-26,57
WL0016475,TKT013563,AGT001,2026-08-26,45
WL0016476,TKT013564,AGT015,2026-08-26,41
WL0016477,TKT013565,AGT001,2026-08-26,76
WL0016478,TKT013566,AGT007,2026-08-26,89
WL0016479,TKT013567,AGT009,2026-08-26,16
WL0016480,TKT013568,AGT011,2026-08-26,60
WL0016481,TKT013569,AGT007,2026-08-26,61
WL0016482,TKT013570,AGT013,2026-08-26,55
WL0016483,TKT013571,AGT006,2026-08-26,50
WL0016484,TKT013572,AGT015,2026-08-26,58
WL0016485,TKT013573,AGT001,2026-08-26,44
WL0016486,TKT013573,AGT002,2026-08-26,24
WL0016487,TKT013574,AGT009,2026-08-26,51
WL0016488,TKT013574,AGT010,2026-08-26,92
WL0016489,TKT013575,AGT018,2026-08-26,55
WL0016490,TKT013576,AGT018,2026-08-26,21
WL0016492,TKT013578,AGT015,2026-08-26,33
WL0016493,TKT013579,AGT014,2026-08-26,116
WL0016494,TKT013580,AGT016,2026-08-26,52
WL0016495,TKT013581,AGT015,2026-08-26,39
WL0016496,TKT013582,AGT013,2026-08-26,27
WL0016497,TKT013582,AGT015,2026-08-26,15
WL0016498,TKT013583,AGT013,2026-08-26,71
WL0016499,TKT013584,AGT015,2026-08-26,19
WL0016500,TKT013584,AGT018,2026-08-26,34
WL0016501,TKT013585,AGT003,2026-08-26,39
WL0016502,TKT013586,AGT006,2026-08-26,16
WL0016503,TKT013587,AGT010,2026-08-26,81
WL0016504,TKT013588,AGT007,2026-08-26,59
WL0016505,TKT013589,AGT001,2026-08-26,33
WL0016506,TKT013590,AGT011,2026-08-27,16
WL0016507,TKT013591,AGT016,2026-08-27,85
WL0016508,TKT013592,AGT005,2026-08-27,70
WL0016509,TKT013593,AGT015,2026-08-27,61
WL0016510,TKT013594,AGT015,2026-08-27,75
WL0016511,TKT013595,AGT018,2026-08-27,51
WL0016512,TKT013596,AGT008,2026-08-27,113
WL0016513,TKT013597,AGT008,2026-08-27,80
WL0016514,TKT013597,AGT011,2026-08-27,148
WL0016515,TKT013598,AGT013,2026-08-27,71
WL0016516,TKT013599,AGT016,2026-08-27,98
WL0016517,TKT013600,AGT015,2026-08-27,18
WL0016518,TKT013600,AGT018,2026-08-27,33
WL0016519,TKT013601,AGT005,2026-08-27,219
WL0016520,TKT013602,AGT008,2026-08-27,18
WL0016521,TKT013602,AGT009,2026-08-27,33
WL0016522,TKT013603,AGT011,2026-08-27,80
WL0016523,TKT013604,AGT001,2026-08-27,68
WL0016524,TKT013605,AGT015,2026-08-27,37
WL0016525,TKT013605,AGT016,2026-08-27,66
WL0016526,TKT013606,AGT004,2026-08-27,76
WL0016527,TKT013607,AGT003,2026-08-27,360
WL0016528,TKT013608,AGT008,2026-08-27,95
WL0016529,TKT013608,AGT010,2026-08-27,175
WL0016530,TKT013609,AGT016,2026-08-27,33
WL0016531,TKT013609,AGT018,2026-08-27,18
WL0016532,TKT013610,AGT008,2026-08-27,55
WL0016533,TKT013610,AGT010,2026-08-27,30
WL0016534,TKT013611,AGT008,2026-08-27,36
WL0016535,TKT013612,AGT007,2026-08-27,22
WL0016536,TKT013613,AGT010,2026-08-27,85
WL0016537,TKT013614,AGT013,2026-08-27,24
WL0016538,TKT013615,AGT015,2026-08-27,85
WL0016539,TKT013615,AGT018,2026-08-27,47
WL0016540,TKT013616,AGT003,2026-08-27,116
WL0016541,TKT013617,AGT013,2026-08-27,133
WL0016542,TKT013618,AGT018,2026-08-27,79
WL0016543,TKT013619,AGT008,2026-08-27,83
WL0016544,TKT013619,AGT012,2026-08-27,51
WL0016545,TKT013620,AGT004,2026-08-27,62
WL0016546,TKT013621,AGT013,2026-08-27,57
WL0016547,TKT013621,AGT018,2026-08-27,32
WL0016548,TKT013622,AGT004,2026-08-27,75
WL0016549,TKT013623,AGT009,2026-08-27,51
WL0016550,TKT013623,AGT011,2026-08-27,93
WL0016551,TKT013624,AGT009,2026-08-27,41
WL0016552,TKT013625,AGT016,2026-08-27,34
WL0016553,TKT013625,AGT018,2026-08-27,19
WL0016554,TKT013626,AGT015,2026-08-27,13
WL0016555,TKT013626,AGT016,2026-08-27,23
WL0016556,TKT013627,AGT004,2026-08-27,144
WL0016557,TKT013627,AGT005,2026-08-27,79
WL0016558,TKT013628,AGT003,2026-08-27,4
WL0016559,TKT013628,AGT005,2026-08-27,57
WL0016560,TKT013629,AGT018,2026-08-27,54
WL0016561,TKT013630,AGT018,2026-08-27,25
WL0016562,TKT013631,AGT015,2026-08-28,24
WL0016563,TKT013632,AGT011,2026-08-28,107
WL0016564,TKT013633,AGT014,2026-08-28,59
WL0016565,TKT013634,AGT017,2026-08-28,48
WL0016566,TKT013635,AGT007,2026-08-28,114
WL0016567,TKT013636,AGT016,2026-08-28,52
WL0016568,TKT013637,AGT018,2026-08-28,156
WL0016569,TKT013638,AGT007,2026-08-28,316
WL0016570,TKT013639,AGT014,2026-08-28,48
WL0016571,TKT013639,AGT017,2026-08-28,26
WL0016572,TKT013640,AGT008,2026-08-28,170
WL0016573,TKT013640,AGT012,2026-08-28,93
WL0016574,TKT013641,AGT015,2026-08-28,73
WL0016575,TKT013642,AGT009,2026-08-28,40
WL0016576,TKT013643,AGT001,2026-08-28,32
WL0016577,TKT013643,AGT002,2026-08-28,58
WL0016578,TKT013644,AGT007,2026-08-28,44
WL0016579,TKT013645,AGT002,2026-08-28,46
WL0016580,TKT013646,AGT001,2026-08-28,71
WL0016581,TKT013647,AGT014,2026-08-28,55
WL0016582,TKT013648,AGT001,2026-08-28,29
WL0016583,TKT013649,AGT007,2026-08-28,6
WL0016584,TKT013649,AGT009,2026-08-28,74
WL0016585,TKT013650,AGT009,2026-08-28,123
WL0016586,TKT013651,AGT017,2026-08-28,79
WL0016587,TKT013651,AGT018,2026-08-28,145
WL0016588,TKT013652,AGT006,2026-08-28,75
WL0016589,TKT013653,AGT005,2026-08-28,24
WL0016590,TKT013654,AGT018,2026-08-28,31
WL0016591,TKT013655,AGT014,2026-08-28,82
WL0016592,TKT013656,AGT002,2026-08-28,69
WL0016593,TKT013657,AGT015,2026-08-28,31
WL0016594,TKT013658,AGT015,2026-08-28,66
WL0016595,TKT013659,AGT017,2026-08-28,89
WL0016596,TKT013659,AGT018,2026-08-28,49
WL0016597,TKT013660,AGT012,2026-08-28,46
WL0016598,TKT013661,AGT006,2026-08-28,47
WL0016599,TKT013662,AGT005,2026-08-28,45
WL0016600,TKT013663,AGT015,2026-08-28,51
WL0016601,TKT013664,AGT010,2026-08-28,36
WL0016603,TKT013666,AGT015,2026-08-28,79
WL0016604,TKT013667,AGT008,2026-08-28,116
WL0016605,TKT013668,AGT014,2026-08-29,174
WL0016606,TKT013669,AGT010,2026-08-29,96
WL0016607,TKT013670,AGT011,2026-08-29,67
WL0016608,TKT013671,AGT005,2026-08-29,49
WL0016609,TKT013672,AGT010,2026-08-29,57
WL0016610,TKT013673,AGT017,2026-08-29,31
WL0016611,TKT013674,AGT013,2026-08-29,52
WL0016612,TKT013675,AGT003,2026-08-29,27
WL0016613,TKT013676,AGT003,2026-08-29,61
WL0016614,TKT013677,AGT005,2026-08-29,49
WL0016615,TKT013678,AGT017,2026-08-29,76
WL0016616,TKT013679,AGT014,2026-08-29,45
WL0016617,TKT013680,AGT005,2026-08-29,49
WL0016618,TKT013681,AGT010,2026-08-29,73
WL0016619,TKT013682,AGT010,2026-08-29,39
WL0016620,TKT013682,AGT011,2026-08-29,70
WL0016621,TKT013683,AGT011,2026-08-29,135
WL0016622,TKT013684,AGT015,2026-08-29,39
WL0016623,TKT013685,AGT014,2026-08-29,80
WL0016624,TKT013686,AGT016,2026-08-29,139
WL0016625,TKT013687,AGT004,2026-08-29,42
WL0016626,TKT013688,AGT005,2026-08-29,69
WL0016627,TKT013689,AGT008,2026-08-30,31
WL0016628,TKT013689,AGT012,2026-08-30,18
WL0016629,TKT013690,AGT008,2026-08-30,195
WL0016630,TKT013691,AGT012,2026-08-30,101
WL0016631,TKT013692,AGT001,2026-08-30,57
WL0016632,TKT013693,AGT002,2026-08-30,25
WL0016633,TKT013694,AGT013,2026-08-30,96
WL0016634,TKT013695,AGT008,2026-08-30,37
WL0016635,TKT013695,AGT012,2026-08-30,68
WL0016636,TKT013696,AGT012,2026-08-30,92
WL0016637,TKT013697,AGT008,2026-08-30,83
WL0016638,TKT013698,AGT013,2026-08-30,33
WL0016639,TKT013698,AGT018,2026-08-30,60
WL0016640,TKT013699,AGT013,2026-08-30,34
WL0016641,TKT013700,AGT008,2026-08-30,63
WL0016642,TKT013701,AGT012,2026-08-30,129
WL0016643,TKT013702,AGT008,2026-08-30,14
WL0016644,TKT013702,AGT012,2026-08-30,72
WL0016645,TKT013703,AGT018,2026-08-30,73
WL0016646,TKT013704,AGT003,2026-08-30,82
WL0016647,TKT013704,AGT008,2026-08-30,57
WL0016648,TKT013705,AGT013,2026-08-30,16
WL0016649,TKT013705,AGT018,2026-08-30,29
WL0016650,TKT013706,AGT002,2026-08-30,75
WL0016651,TKT013706,AGT006,2026-08-30,41
WL0016652,TKT013707,AGT013,2026-08-30,42
WL0016654,TKT013709,AGT005,2026-08-30,66
WL0016655,TKT013710,AGT013,2026-08-30,45
WL0016656,TKT013711,AGT005,2026-08-30,51
WL0016657,TKT013712,AGT013,2026-08-30,25
WL0016658,TKT013713,AGT013,2026-08-30,39
WL0016659,TKT013714,AGT018,2026-08-30,44
WL0016660,TKT013715,AGT014,2026-08-31,48
WL0016661,TKT013716,AGT014,2026-08-31,88
WL0016662,TKT013717,AGT017,2026-08-31,20
WL0016663,TKT013718,AGT011,2026-08-31,83
WL0016664,TKT013719,AGT015,2026-08-31,45
WL0016665,TKT013720,AGT017,2026-08-31,37
WL0016666,TKT013721,AGT014,2026-08-31,59
WL0016667,TKT013721,AGT017,2026-08-31,32
WL0016668,TKT013722,AGT011,2026-08-31,106
WL0016669,TKT013723,AGT010,2026-08-31,160
WL0016670,TKT013724,AGT004,2026-08-31,52
WL0016671,TKT013724,AGT006,2026-08-31,28
WL0016672,TKT013725,AGT003,2026-08-31,41
WL0016673,TKT013726,AGT004,2026-08-31,168
WL0016674,TKT013727,AGT006,2026-08-31,35
WL0016675,TKT013728,AGT008,2026-08-31,69
WL0016676,TKT013729,AGT002,2026-08-31,86
WL0016677,TKT013730,AGT017,2026-08-31,78
WL0016678,TKT013731,AGT008,2026-08-31,225
WL0016679,TKT013732,AGT014,2026-08-31,26
WL0016680,TKT013733,AGT014,2026-08-31,72
WL0016681,TKT013734,AGT014,2026-08-31,64
WL0016682,TKT013735,AGT015,2026-08-31,129
WL0016683,TKT013736,AGT010,2026-08-31,138
WL0016684,TKT013736,AGT011,2026-08-31,75
WL0016685,TKT013737,AGT006,2026-08-31,53
WL0016686,TKT013738,AGT014,2026-08-31,98
WL0016687,TKT013739,AGT017,2026-08-31,80
WL0016688,TKT013740,AGT007,2026-08-31,63
WL0016691,TKT013742,AGT009,2026-08-31,102
WL0016692,TKT013742,AGT011,2026-08-31,55
WL0016693,TKT013743,AGT014,2026-08-31,24
WL0016694,TKT013744,AGT014,2026-08-31,31
WL0016695,TKT013744,AGT017,2026-08-31,39
WL0016696,TKT013745,AGT002,2026-08-31,27
WL0016697,TKT013746,AGT017,2026-08-31,109
WL0016698,TKT013747,AGT004,2026-08-31,99
WL0016699,TKT013748,AGT003,2026-08-31,37
WL0016700,TKT013748,AGT006,2026-08-31,68
WL0016701,TKT013749,AGT005,2026-08-31,54
WL0016702,TKT013750,AGT015,2026-08-31,48
WL0016703,TKT013750,AGT017,2026-08-31,85
WL0016704,TKT013751,AGT015,2026-08-31,56
WL0016705,TKT013752,AGT015,2026-08-31,132
WL0016706,TKT013753,AGT005,2026-08-31,95
WL0016707,TKT013754,AGT015,2026-08-31,20
WL0016708,TKT013755,AGT005,2026-08-31,6
WL0016709,TKT013755,AGT015,2026-08-31,50
WL0016710,TKT013756,AGT002,2026-08-31,76
WL0016711,TKT013757,AGT010,2026-08-31,77
WL0016712,TKT013758,AGT010,2026-08-31,39
WL0016713,TKT013758,AGT011,2026-08-31,71
WL0016714,TKT013759,AGT005,2026-08-31,59
WL0016715,TKT013760,AGT001,2026-08-31,68
WL0016716,TKT013761,AGT005,2026-08-31,33
WL0016717,TKT013761,AGT006,2026-08-31,61
WL0016718,TKT013762,AGT001,2026-08-31,45
WL0016719,TKT013763,AGT008,2026-08-31,47
WL0016720,TKT013764,AGT009,2026-08-31,89
WL0016721,TKT013765,AGT012,2026-08-31,65
WL0016722,TKT013766,AGT006,2026-08-31,114
WL0016723,TKT013767,AGT006,2026-08-31,36
WL0016724,TKT013767,AGT008,2026-08-31,66
WL0016725,TKT013768,AGT005,2026-08-31,117
WL0016726,TKT013769,AGT006,2026-08-31,78
WL0016727,TKT013770,AGT012,2026-09-01,103
WL0016728,TKT013771,AGT012,2026-09-01,78
WL0016729,TKT013772,AGT008,2026-09-01,108
WL0016730,TKT013773,AGT017,2026-09-01,70
WL0016731,TKT013774,AGT017,2026-09-01,22
WL0016732,TKT013775,AGT002,2026-09-01,17
WL0016733,TKT013775,AGT006,2026-09-01,29
WL0016734,TKT013776,AGT015,2026-09-01,47
WL0016735,TKT013776,AGT016,2026-09-01,87
WL0016736,TKT013777,AGT005,2026-09-01,154
WL0016737,TKT013778,AGT018,2026-09-01,124
WL0016738,TKT013779,AGT015,2026-09-01,125
WL0016739,TKT013780,AGT013,2026-09-01,75
WL0016740,TKT013781,AGT004,2026-09-01,22
WL0016741,TKT013782,AGT012,2026-09-01,142
WL0016742,TKT013783,AGT017,2026-09-01,60
WL0016743,TKT013784,AGT013,2026-09-01,173
WL0016744,TKT013785,AGT016,2026-09-01,36
WL0016745,TKT013786,AGT018,2026-09-01,50
WL0016746,TKT013787,AGT008,2026-09-01,85
WL0016747,TKT013787,AGT011,2026-09-01,156
WL0016748,TKT013788,AGT004,2026-09-01,83
WL0016749,TKT013789,AGT007,2026-09-01,71
WL0016750,TKT013790,AGT004,2026-09-01,156
WL0016751,TKT013791,AGT008,2026-09-01,110
WL0016752,TKT013792,AGT017,2026-09-01,103
WL0016753,TKT013793,AGT004,2026-09-01,44
WL0016754,TKT013794,AGT015,2026-09-01,80
WL0016755,TKT013795,AGT015,2026-09-01,59
WL0016756,TKT013796,AGT007,2026-09-01,14
WL0016757,TKT013796,AGT009,2026-09-01,25
WL0016758,TKT013797,AGT011,2026-09-01,72
WL0016759,TKT013798,AGT008,2026-09-01,137
WL0016760,TKT013799,AGT004,2026-09-01,43
WL0016761,TKT013800,AGT002,2026-09-01,12
WL0016762,TKT013800,AGT003,2026-09-01,20
WL0016763,TKT013801,AGT018,2026-09-01,51
WL0016764,TKT013802,AGT007,2026-09-01,97
WL0016765,TKT013803,AGT015,2026-09-01,30
WL0016766,TKT013804,AGT013,2026-09-01,37
WL0016767,TKT013805,AGT006,2026-09-01,55
WL0016768,TKT013806,AGT003,2026-09-01,71
WL0016769,TKT013807,AGT004,2026-09-01,115
WL0016770,TKT013808,AGT015,2026-09-01,37
WL0016771,TKT013809,AGT004,2026-09-01,17
WL0016772,TKT013809,AGT005,2026-09-01,13
WL0016773,TKT013810,AGT017,2026-09-01,87
WL0016774,TKT013811,AGT003,2026-09-01,43
WL0016775,TKT013811,AGT006,2026-09-01,24
WL0016776,TKT013812,AGT006,2026-09-02,53
WL0016777,TKT013813,AGT011,2026-09-02,135
WL0016778,TKT013814,AGT003,2026-09-02,90
WL0016779,TKT013815,AGT011,2026-09-02,214
WL0016780,TKT013816,AGT016,2026-09-02,82
WL0016781,TKT013816,AGT017,2026-09-02,151
WL0016782,TKT013817,AGT015,2026-09-02,24
WL0016783,TKT013818,AGT004,2026-09-02,27
WL0016784,TKT013819,AGT012,2026-09-02,104
WL0016785,TKT013820,AGT003,2026-09-02,50
WL0016786,TKT013821,AGT008,2026-09-02,155
WL0016787,TKT013822,AGT013,2026-09-02,18
WL0016788,TKT013823,AGT003,2026-09-02,59
WL0016789,TKT013824,AGT012,2026-09-02,172
WL0016790,TKT013825,AGT005,2026-09-02,97
WL0016791,TKT013826,AGT012,2026-09-02,72
WL0016792,TKT013827,AGT013,2026-09-02,62
WL0016793,TKT013828,AGT008,2026-09-02,63
WL0016794,TKT013829,AGT015,2026-09-02,25
WL0016795,TKT013830,AGT004,2026-09-02,27
WL0016796,TKT013830,AGT006,2026-09-02,16
WL0016797,TKT013831,AGT017,2026-09-02,42
WL0016798,TKT013831,AGT018,2026-09-02,78
WL0016799,TKT013832,AGT007,2026-09-02,161
WL0016800,TKT013833,AGT016,2026-09-02,35
WL0016801,TKT013833,AGT018,2026-09-02,19
WL0016802,TKT013834,AGT011,2026-09-02,119
WL0016803,TKT013835,AGT008,2026-09-02,7
WL0016804,TKT013835,AGT012,2026-09-02,132
WL0016805,TKT013836,AGT008,2026-09-02,101
WL0016806,TKT013836,AGT011,2026-09-02,12
WL0016807,TKT013837,AGT018,2026-09-02,61
WL0016808,TKT013838,AGT018,2026-09-02,33
WL0016809,TKT013839,AGT018,2026-09-02,104
WL0016810,TKT013840,AGT016,2026-09-02,67
WL0016811,TKT013841,AGT017,2026-09-02,70
WL0016812,TKT013842,AGT016,2026-09-02,73
WL0016813,TKT013843,AGT006,2026-09-02,60
WL0016814,TKT013844,AGT013,2026-09-02,30
WL0016815,TKT013845,AGT006,2026-09-02,55
WL0016816,TKT013846,AGT007,2026-09-02,84
WL0016817,TKT013847,AGT004,2026-09-02,12
WL0016818,TKT013847,AGT005,2026-09-02,20
WL0016819,TKT013848,AGT005,2026-09-02,32
WL0016820,TKT013849,AGT007,2026-09-02,40
WL0016821,TKT013849,AGT008,2026-09-02,154
WL0016822,TKT013850,AGT006,2026-09-02,68
WL0016823,TKT013851,AGT006,2026-09-02,63
WL0016824,TKT013852,AGT016,2026-09-02,49
WL0016825,TKT013853,AGT013,2026-09-02,46
WL0016826,TKT013854,AGT007,2026-09-02,77
WL0016827,TKT013855,AGT003,2026-09-02,150
WL0016828,TKT013856,AGT017,2026-09-02,48
WL0016829,TKT013857,AGT005,2026-09-02,100
WL0016830,TKT013858,AGT007,2026-09-02,76
WL0016831,TKT013859,AGT006,2026-09-02,90
WL0016832,TKT013860,AGT004,2026-09-03,235
WL0016833,TKT013861,AGT009,2026-09-03,210
WL0016834,TKT013862,AGT012,2026-09-03,91
WL0016835,TKT013863,AGT002,2026-09-03,135
WL0016836,TKT013864,AGT009,2026-09-03,34
WL0016837,TKT013865,AGT008,2026-09-03,241
WL0016838,TKT013866,AGT015,2026-09-03,67
WL0016839,TKT013866,AGT018,2026-09-03,37
WL0016840,TKT013867,AGT002,2026-09-03,45
WL0016841,TKT013867,AGT004,2026-09-03,25
WL0016842,TKT013868,AGT014,2026-09-03,72
WL0016843,TKT013869,AGT003,2026-09-03,39
WL0016844,TKT013870,AGT011,2026-09-03,100
WL0016845,TKT013871,AGT010,2026-09-03,150
WL0016846,TKT013872,AGT006,2026-09-03,94
WL0016847,TKT013873,AGT004,2026-09-03,121
WL0016848,TKT013874,AGT015,2026-09-03,34
WL0016849,TKT013875,AGT015,2026-09-03,29
WL0016850,TKT013876,AGT018,2026-09-03,78
WL0016851,TKT013877,AGT009,2026-09-03,43
WL0016852,TKT013878,AGT008,2026-09-03,144
WL0016853,TKT013878,AGT009,2026-09-03,78
WL0016854,TKT013879,AGT015,2026-09-03,84
WL0016855,TKT013880,AGT007,2026-09-03,65
WL0016856,TKT013881,AGT012,2026-09-03,92
WL0016857,TKT013882,AGT016,2026-09-03,37
WL0016858,TKT013883,AGT011,2026-09-03,105
WL0016859,TKT013884,AGT009,2026-09-03,17
WL0016860,TKT013885,AGT004,2026-09-03,71
WL0016861,TKT013886,AGT001,2026-09-03,162
WL0016862,TKT013887,AGT011,2026-09-03,59
WL0016863,TKT013888,AGT014,2026-09-03,63
WL0016864,TKT013889,AGT002,2026-09-03,89
WL0016865,TKT013889,AGT004,2026-09-03,28
WL0016866,TKT013889,AGT006,2026-09-03,20
WL0016867,TKT013890,AGT002,2026-09-03,86
WL0016868,TKT013891,AGT001,2026-09-03,75
WL0016869,TKT013892,AGT006,2026-09-03,58
WL0016870,TKT013893,AGT016,2026-09-03,57
WL0016871,TKT013894,AGT008,2026-09-03,95
WL0016872,TKT013894,AGT012,2026-09-03,59
WL0016873,TKT013895,AGT010,2026-09-03,69
WL0016874,TKT013896,AGT009,2026-09-03,38
WL0016875,TKT013896,AGT010,2026-09-03,69
WL0016876,TKT013897,AGT009,2026-09-03,30
WL0016877,TKT013897,AGT010,2026-09-03,41
WL0016878,TKT013898,AGT015,2026-09-03,65
WL0016879,TKT013899,AGT013,2026-09-03,45
WL0016880,TKT013900,AGT015,2026-09-03,62
WL0016881,TKT013901,AGT014,2026-09-03,25
WL0016882,TKT013901,AGT016,2026-09-03,44
WL0016883,TKT013902,AGT017,2026-09-03,158
WL0016885,TKT013904,AGT007,2026-09-03,52
WL0016886,TKT013905,AGT001,2026-09-03,62
WL0016887,TKT013906,AGT010,2026-09-03,110
WL0016888,TKT013907,AGT001,2026-09-03,20
WL0016889,TKT013907,AGT002,2026-09-03,95
WL0016891,TKT013909,AGT006,2026-09-03,63
WL0016892,TKT013910,AGT017,2026-09-03,137
WL0016893,TKT013911,AGT016,2026-09-03,44
WL0016894,TKT013911,AGT017,2026-09-03,81
WL0016895,TKT013912,AGT007,2026-09-04,63
WL0016896,TKT013913,AGT001,2026-09-04,81
WL0016897,TKT013913,AGT006,2026-09-04,148
WL0016898,TKT013914,AGT015,2026-09-04,68
WL0016899,TKT013915,AGT009,2026-09-04,70
WL0016900,TKT013916,AGT003,2026-09-04,33
WL0016901,TKT013917,AGT008,2026-09-04,20
WL0016902,TKT013917,AGT009,2026-09-04,12
WL0016903,TKT013918,AGT015,2026-09-04,96
WL0016904,TKT013919,AGT017,2026-09-04,29
WL0016905,TKT013920,AGT017,2026-09-04,23
WL0016906,TKT013920,AGT018,2026-09-04,13
WL0016907,TKT013921,AGT018,2026-09-04,46
WL0016908,TKT013922,AGT016,2026-09-04,48
WL0016909,TKT013923,AGT011,2026-09-04,72
WL0016910,TKT013924,AGT003,2026-09-04,33
WL0016911,TKT013925,AGT007,2026-09-04,84
WL0016912,TKT013926,AGT001,2026-09-04,40
WL0016913,TKT013927,AGT011,2026-09-04,122
WL0016914,TKT013928,AGT007,2026-09-04,60
WL0016915,TKT013928,AGT008,2026-09-04,110
WL0016916,TKT013929,AGT017,2026-09-04,55
WL0016917,TKT013930,AGT008,2026-09-04,45
WL0016918,TKT013931,AGT014,2026-09-04,83
WL0016919,TKT013932,AGT018,2026-09-04,33
WL0016920,TKT013933,AGT015,2026-09-04,99
WL0016921,TKT013934,AGT003,2026-09-04,35
WL0016922,TKT013935,AGT006,2026-09-04,64
WL0016923,TKT013936,AGT011,2026-09-04,62
WL0016924,TKT013937,AGT007,2026-09-04,32
WL0016925,TKT013938,AGT016,2026-09-04,35
WL0016926,TKT013939,AGT001,2026-09-04,71
WL0016927,TKT013940,AGT003,2026-09-04,164
WL0016928,TKT013941,AGT018,2026-09-04,27
WL0016929,TKT013942,AGT001,2026-09-04,125
WL0016930,TKT013943,AGT014,2026-09-04,28
WL0016931,TKT013943,AGT017,2026-09-04,16
WL0016932,TKT013944,AGT017,2026-09-04,58
WL0016933,TKT013945,AGT014,2026-09-04,22
WL0016934,TKT013946,AGT007,2026-09-04,25
WL0016935,TKT013947,AGT015,2026-09-04,48
WL0016936,TKT013948,AGT011,2026-09-04,89
WL0016937,TKT013949,AGT001,2026-09-04,34
WL0016938,TKT013949,AGT004,2026-09-04,63
WL0016939,TKT013950,AGT015,2026-09-04,25
WL0016940,TKT013951,AGT007,2026-09-04,66
WL0016941,TKT013952,AGT004,2026-09-04,115
WL0016942,TKT013953,AGT006,2026-09-04,56
WL0016943,TKT013954,AGT004,2026-09-04,31
WL0016944,TKT013954,AGT006,2026-09-04,18
WL0016945,TKT013955,AGT009,2026-09-04,135
WL0016946,TKT013956,AGT004,2026-09-05,90
WL0016947,TKT013957,AGT001,2026-09-05,41
WL0016948,TKT013958,AGT010,2026-09-05,195
WL0016949,TKT013959,AGT001,2026-09-05,48
WL0016950,TKT013959,AGT004,2026-09-05,27
WL0016951,TKT013960,AGT004,2026-09-05,32
WL0016952,TKT013961,AGT015,2026-09-05,16
WL0016953,TKT013961,AGT018,2026-09-05,9
WL0016954,TKT013962,AGT001,2026-09-05,34
WL0016955,TKT013963,AGT001,2026-09-05,81
WL0016956,TKT013963,AGT002,2026-09-05,45
WL0016957,TKT013964,AGT010,2026-09-05,44
WL0016958,TKT013965,AGT016,2026-09-05,29
WL0016959,TKT013966,AGT012,2026-09-05,126
WL0016960,TKT013967,AGT007,2026-09-05,2
WL0016961,TKT013967,AGT012,2026-09-05,204
WL0016962,TKT013968,AGT007,2026-09-05,117
WL0016963,TKT013969,AGT009,2026-09-05,81
WL0016964,TKT013970,AGT007,2026-09-05,138
WL0016965,TKT013970,AGT009,2026-09-05,75
WL0016966,TKT013971,AGT002,2026-09-05,76
WL0016967,TKT013972,AGT002,2026-09-05,61
WL0016968,TKT013973,AGT007,2026-09-05,101
WL0016969,TKT013974,AGT001,2026-09-05,29
WL0016970,TKT013975,AGT015,2026-09-05,59
WL0016971,TKT013976,AGT004,2026-09-05,54
WL0016972,TKT013977,AGT007,2026-09-05,50
WL0016973,TKT013978,AGT015,2026-09-05,55
WL0016974,TKT013979,AGT018,2026-09-05,39
WL0016975,TKT013980,AGT001,2026-09-05,104
WL0016976,TKT013981,AGT001,2026-09-05,21
WL0016977,TKT013981,AGT002,2026-09-05,37
WL0016978,TKT013982,AGT010,2026-09-05,59
WL0016979,TKT013983,AGT016,2026-09-05,40
WL0016980,TKT013984,AGT015,2026-09-05,56
WL0016981,TKT013985,AGT016,2026-09-05,17
WL0016982,TKT013985,AGT018,2026-09-05,29
WL0016983,TKT013986,AGT002,2026-09-05,33
WL0016984,TKT013987,AGT010,2026-09-05,131
WL0016985,TKT013988,AGT009,2026-09-05,10
WL0016986,TKT013988,AGT010,2026-09-05,17
WL0016987,TKT013989,AGT003,2026-09-06,129
WL0016988,TKT013990,AGT015,2026-09-06,102
WL0016989,TKT013991,AGT012,2026-09-06,45
WL0016990,TKT013992,AGT009,2026-09-06,56
WL0016991,TKT013992,AGT012,2026-09-06,31
WL0016992,TKT013993,AGT002,2026-09-06,16
WL0016993,TKT013993,AGT004,2026-09-06,29
WL0016994,TKT013994,AGT005,2026-09-06,67
WL0016995,TKT013995,AGT012,2026-09-06,90
WL0016996,TKT013996,AGT015,2026-09-06,58
WL0016997,TKT013996,AGT016,2026-09-06,106
WL0016998,TKT013997,AGT009,2026-09-06,44
WL0016999,TKT013998,AGT004,2026-09-06,29
WL0017000,TKT013999,AGT009,2026-09-06,59
WL0017001,TKT014000,AGT016,2026-09-06,21
WL0017002,TKT014001,AGT002,2026-09-06,58
WL0017003,TKT014002,AGT004,2026-09-06,68
WL0017004,TKT014002,AGT005,2026-09-06,124
WL0017005,TKT014003,AGT009,2026-09-06,68
WL0017006,TKT014003,AGT012,2026-09-06,126
WL0017007,TKT014004,AGT012,2026-09-06,58
WL0017008,TKT014005,AGT002,2026-09-06,38
WL0017009,TKT014005,AGT005,2026-09-06,70
WL0017010,TKT014006,AGT004,2026-09-06,62
WL0017011,TKT014007,AGT009,2026-09-06,34
WL0017012,TKT014008,AGT015,2026-09-06,26
WL0017013,TKT014009,AGT016,2026-09-06,85
WL0017014,TKT014010,AGT003,2026-09-06,77
WL0017015,TKT014011,AGT005,2026-09-07,88
WL0017016,TKT014012,AGT002,2026-09-07,42
WL0017017,TKT014013,AGT014,2026-09-07,37
WL0017018,TKT014014,AGT001,2026-09-07,22
WL0017019,TKT014014,AGT006,2026-09-07,12
WL0017020,TKT014015,AGT014,2026-09-07,93
WL0017021,TKT014016,AGT013,2026-09-07,33
WL0017022,TKT014017,AGT002,2026-09-07,49
WL0017023,TKT014018,AGT006,2026-09-07,156
WL0017024,TKT014019,AGT006,2026-09-07,38
WL0017025,TKT014020,AGT010,2026-09-07,107
WL0017026,TKT014020,AGT012,2026-09-07,59
WL0017027,TKT014021,AGT014,2026-09-07,125
WL0017028,TKT014022,AGT002,2026-09-07,50
WL0017029,TKT014023,AGT010,2026-09-07,70
WL0017030,TKT014024,AGT010,2026-09-07,93
WL0017031,TKT014025,AGT012,2026-09-07,136
WL0017032,TKT014026,AGT010,2026-09-07,112
WL0017033,TKT014027,AGT014,2026-09-07,150
WL0017034,TKT014028,AGT004,2026-09-07,80
WL0017035,TKT014029,AGT002,2026-09-07,13
WL0017036,TKT014030,AGT008,2026-09-07,132
WL0017037,TKT014031,AGT009,2026-09-07,154
WL0017038,TKT014032,AGT008,2026-09-07,28
WL0017039,TKT014032,AGT010,2026-09-07,51
WL0017040,TKT014033,AGT006,2026-09-07,64
WL0017041,TKT014034,AGT013,2026-09-07,41
WL0017042,TKT014035,AGT017,2026-09-07,61
WL0017043,TKT014036,AGT017,2026-09-07,104
WL0017044,TKT014037,AGT006,2026-09-07,30
WL0017045,TKT014038,AGT014,2026-09-07,32
WL0017046,TKT014038,AGT016,2026-09-07,57
WL0017047,TKT014039,AGT013,2026-09-07,126
WL0017048,TKT014040,AGT012,2026-09-07,42
WL0017049,TKT014041,AGT006,2026-09-07,64
WL0017050,TKT014042,AGT014,2026-09-07,37
WL0017051,TKT014043,AGT016,2026-09-07,28
WL0017052,TKT014043,AGT017,2026-09-07,50
WL0017053,TKT014044,AGT008,2026-09-07,109
WL0017054,TKT014045,AGT016,2026-09-07,20
WL0017055,TKT014045,AGT017,2026-09-07,37
WL0017056,TKT014046,AGT008,2026-09-07,77
WL0017057,TKT014047,AGT014,2026-09-07,6
WL0017058,TKT014047,AGT016,2026-09-07,48
WL0017059,TKT014047,AGT017,2026-09-07,20
WL0017060,TKT014048,AGT013,2026-09-07,46
WL0017061,TKT014049,AGT017,2026-09-07,166
WL0017062,TKT014050,AGT016,2026-09-07,38
WL0017063,TKT014051,AGT008,2026-09-07,164
WL0017064,TKT014051,AGT009,2026-09-07,49
WL0017065,TKT014052,AGT016,2026-09-07,80
WL0017066,TKT014053,AGT016,2026-09-07,179
WL0017067,TKT014053,AGT017,2026-09-07,28
WL0017068,TKT014054,AGT013,2026-09-07,33
WL0017069,TKT014055,AGT013,2026-09-08,25
WL0017070,TKT014056,AGT009,2026-09-08,35
WL0017071,TKT014057,AGT006,2026-09-08,69
WL0017072,TKT014058,AGT014,2026-09-08,24
WL0017073,TKT014059,AGT006,2026-09-08,95
WL0017074,TKT014060,AGT003,2026-09-08,65
WL0017075,TKT014061,AGT011,2026-09-08,134
WL0017076,TKT014062,AGT018,2026-09-08,106
WL0017077,TKT014063,AGT015,2026-09-08,39
WL0017078,TKT014063,AGT017,2026-09-08,71
WL0017079,TKT014064,AGT003,2026-09-08,18
WL0017080,TKT014064,AGT005,2026-09-08,10
WL0017081,TKT014065,AGT018,2026-09-08,26
WL0017082,TKT014066,AGT017,2026-09-08,37
WL0017083,TKT014067,AGT001,2026-09-08,72
WL0017084,TKT014068,AGT003,2026-09-08,53
WL0017085,TKT014069,AGT014,2026-09-08,60
WL0017086,TKT014070,AGT018,2026-09-08,42
WL0017087,TKT014071,AGT017,2026-09-08,70
WL0017088,TKT014072,AGT002,2026-09-08,24
WL0017089,TKT014073,AGT018,2026-09-08,150
WL0017091,TKT014075,AGT014,2026-09-08,89
WL0017092,TKT014076,AGT015,2026-09-08,53
WL0017093,TKT014077,AGT010,2026-09-08,173
WL0017094,TKT014078,AGT007,2026-09-08,32
WL0017095,TKT014079,AGT001,2026-09-08,48
WL0017096,TKT014080,AGT011,2026-09-08,64
WL0017097,TKT014081,AGT008,2026-09-08,108
WL0017098,TKT014082,AGT017,2026-09-08,41
WL0017099,TKT014083,AGT005,2026-09-08,56
WL0017100,TKT014084,AGT018,2026-09-08,66
WL0017101,TKT014085,AGT013,2026-09-08,92
WL0017102,TKT014086,AGT015,2026-09-08,29
WL0017103,TKT014086,AGT016,2026-09-08,16
WL0017104,TKT014087,AGT017,2026-09-08,87
WL0017105,TKT014088,AGT018,2026-09-08,37
WL0017106,TKT014089,AGT015,2026-09-08,28
WL0017107,TKT014090,AGT005,2026-09-08,52
WL0017108,TKT014091,AGT013,2026-09-08,67
WL0017109,TKT014092,AGT013,2026-09-08,32
WL0017110,TKT014092,AGT015,2026-09-08,59
WL0017111,TKT014093,AGT014,2026-09-08,43
WL0017112,TKT014094,AGT014,2026-09-08,61
WL0017113,TKT014094,AGT017,2026-09-08,34
WL0017114,TKT014095,AGT003,2026-09-08,46
WL0017115,TKT014096,AGT007,2026-09-08,87
WL0017116,TKT014097,AGT013,2026-09-08,19
WL0017117,TKT014097,AGT018,2026-09-08,23
WL0017118,TKT014098,AGT015,2026-09-08,85
WL0017119,TKT014099,AGT017,2026-09-08,34
WL0017120,TKT014100,AGT007,2026-09-08,51
WL0017121,TKT014101,AGT014,2026-09-08,100
WL0017122,TKT014102,AGT009,2026-09-08,69
WL0017123,TKT014102,AGT012,2026-09-08,38
WL0017124,TKT014103,AGT014,2026-09-08,103
WL0017125,TKT014103,AGT015,2026-09-08,43
WL0017126,TKT014104,AGT002,2026-09-08,32
WL0017127,TKT014104,AGT004,2026-09-08,59
WL0017128,TKT014105,AGT004,2026-09-08,37
WL0017129,TKT014106,AGT001,2026-09-08,34
WL0017130,TKT014107,AGT004,2026-09-08,29
WL0017131,TKT014108,AGT016,2026-09-08,40
WL0017132,TKT014109,AGT008,2026-09-08,37
WL0017133,TKT014109,AGT012,2026-09-08,21
WL0017134,TKT014110,AGT015,2026-09-09,49
WL0017135,TKT014111,AGT015,2026-09-09,42
WL0017136,TKT014112,AGT013,2026-09-09,37
WL0017137,TKT014113,AGT006,2026-09-09,79
WL0017138,TKT014114,AGT005,2026-09-09,52
WL0017139,TKT014115,AGT014,2026-09-09,63
WL0017140,TKT014116,AGT011,2026-09-09,41
WL0017141,TKT014117,AGT010,2026-09-09,62
WL0017142,TKT014118,AGT007,2026-09-09,98
WL0017143,TKT014119,AGT014,2026-09-09,126
WL0017144,TKT014120,AGT003,2026-09-09,57
WL0017145,TKT014121,AGT009,2026-09-09,100
WL0017146,TKT014122,AGT014,2026-09-09,25
WL0017147,TKT014123,AGT014,2026-09-09,33
WL0017148,TKT014124,AGT007,2026-09-09,82
WL0017149,TKT014124,AGT011,2026-09-09,150
WL0017150,TKT014125,AGT003,2026-09-09,51
WL0017151,TKT014126,AGT013,2026-09-09,55
WL0017152,TKT014127,AGT011,2026-09-09,115
WL0017153,TKT014128,AGT001,2026-09-09,30
WL0017154,TKT014129,AGT011,2026-09-09,120
WL0017155,TKT014130,AGT006,2026-09-09,25
WL0017156,TKT014131,AGT004,2026-09-09,55
WL0017157,TKT014132,AGT015,2026-09-09,46
WL0017158,TKT014133,AGT009,2026-09-09,79
WL0017159,TKT014134,AGT001,2026-09-09,60
WL0017160,TKT014135,AGT010,2026-09-09,73
WL0017161,TKT014136,AGT005,2026-09-09,22
WL0017162,TKT014137,AGT003,2026-09-09,82
WL0017163,TKT014138,AGT001,2026-09-09,138
WL0017164,TKT014139,AGT001,2026-09-09,47
WL0017165,TKT014139,AGT005,2026-09-09,26
WL0017166,TKT014140,AGT003,2026-09-09,43
WL0017167,TKT014141,AGT007,2026-09-09,140
WL0017168,TKT014142,AGT007,2026-09-09,64
WL0017169,TKT014143,AGT014,2026-09-09,37
WL0017170,TKT014144,AGT014,2026-09-09,117
WL0017171,TKT014145,AGT003,2026-09-09,118
WL0017172,TKT014146,AGT011,2026-09-09,73
WL0017173,TKT014147,AGT008,2026-09-09,65
WL0017174,TKT014147,AGT011,2026-09-09,11
WL0017175,TKT014148,AGT008,2026-09-09,145
WL0017176,TKT014149,AGT003,2026-09-09,30
WL0017177,TKT014150,AGT007,2026-09-09,96
WL0017178,TKT014150,AGT009,2026-09-09,10
WL0017179,TKT014151,AGT006,2026-09-09,43
WL0017180,TKT014152,AGT015,2026-09-09,187
WL0017181,TKT014153,AGT009,2026-09-09,91
WL0017182,TKT014154,AGT008,2026-09-09,101
WL0017183,TKT014155,AGT009,2026-09-10,50
WL0017184,TKT014156,AGT008,2026-09-10,69
WL0017185,TKT014156,AGT009,2026-09-10,38
WL0017186,TKT014157,AGT004,2026-09-10,22
WL0017187,TKT014158,AGT002,2026-09-10,11
WL0017188,TKT014158,AGT004,2026-09-10,7
WL0017189,TKT014159,AGT008,2026-09-10,156
WL0017190,TKT014160,AGT017,2026-09-10,50
WL0017191,TKT014160,AGT018,2026-09-10,28
WL0017192,TKT014161,AGT003,2026-09-10,33
WL0017193,TKT014162,AGT009,2026-09-10,78
WL0017194,TKT014163,AGT011,2026-09-10,121
WL0017195,TKT014164,AGT010,2026-09-10,105
WL0017196,TKT014165,AGT003,2026-09-10,51
WL0017197,TKT014166,AGT004,2026-09-10,66
WL0017198,TKT014167,AGT001,2026-09-10,18
WL0017199,TKT014168,AGT010,2026-09-10,44
WL0017200,TKT014168,AGT011,2026-09-10,24
WL0017201,TKT014169,AGT012,2026-09-10,110
WL0017202,TKT014170,AGT012,2026-09-10,88
WL0017203,TKT014171,AGT001,2026-09-10,56
WL0017204,TKT014172,AGT008,2026-09-10,108
WL0017205,TKT014173,AGT010,2026-09-10,96
WL0017206,TKT014174,AGT001,2026-09-10,57
WL0017207,TKT014175,AGT001,2026-09-10,94
WL0017208,TKT014176,AGT015,2026-09-10,28
WL0017209,TKT014177,AGT017,2026-09-10,91
WL0017210,TKT014178,AGT011,2026-09-10,123
WL0017211,TKT014179,AGT009,2026-09-10,91
WL0017212,TKT014180,AGT015,2026-09-10,83
WL0017213,TKT014181,AGT011,2026-09-10,81
WL0017214,TKT014181,AGT012,2026-09-10,149
WL0017215,TKT014182,AGT002,2026-09-10,45
WL0017216,TKT014182,AGT003,2026-09-10,81
WL0017217,TKT014183,AGT015,2026-09-10,56
WL0017218,TKT014184,AGT016,2026-09-10,152
WL0017219,TKT014185,AGT010,2026-09-10,113
WL0017220,TKT014185,AGT011,2026-09-10,101
WL0017221,TKT014186,AGT008,2026-09-10,61
WL0017222,TKT014187,AGT008,2026-09-10,18
WL0017223,TKT014187,AGT010,2026-09-10,122
WL0017224,TKT014188,AGT008,2026-09-10,98
WL0017225,TKT014188,AGT009,2026-09-10,48
WL0017226,TKT014189,AGT002,2026-09-10,86
WL0017227,TKT014190,AGT009,2026-09-10,84
WL0017228,TKT014191,AGT017,2026-09-10,23
WL0017229,TKT014192,AGT009,2026-09-10,57
WL0017230,TKT014193,AGT016,2026-09-10,71
WL0017231,TKT014194,AGT003,2026-09-10,39
WL0017232,TKT014195,AGT014,2026-09-10,24
WL0017233,TKT014195,AGT015,2026-09-10,13
WL0017234,TKT014196,AGT004,2026-09-10,44
WL0017235,TKT014196,AGT009,2026-09-10,34
WL0017236,TKT014196,AGT012,2026-09-10,133
WL0017237,TKT014197,AGT002,2026-09-10,159
WL0017238,TKT014197,AGT004,2026-09-10,87
WL0017239,TKT014198,AGT002,2026-09-10,91
WL0017240,TKT014199,AGT003,2026-09-10,41
WL0017241,TKT014200,AGT004,2026-09-10,136
WL0017242,TKT014201,AGT014,2026-09-10,74
WL0017243,TKT014202,AGT003,2026-09-10,104
WL0017244,TKT014203,AGT002,2026-09-10,24
WL0017245,TKT014204,AGT018,2026-09-10,85
WL0017246,TKT014205,AGT016,2026-09-10,56
WL0017247,TKT014206,AGT004,2026-09-10,46
WL0017248,TKT014206,AGT017,2026-09-10,85
WL0017249,TKT014207,AGT017,2026-09-11,27
WL0017250,TKT014208,AGT018,2026-09-11,55
WL0017251,TKT014209,AGT010,2026-09-11,31
WL0017252,TKT014210,AGT001,2026-09-11,58
WL0017253,TKT014211,AGT014,2026-09-11,54
WL0017254,TKT014212,AGT014,2026-09-11,70
WL0017255,TKT014213,AGT005,2026-09-11,64
WL0017256,TKT014214,AGT011,2026-09-11,184
WL0017257,TKT014215,AGT008,2026-09-11,126
WL0017258,TKT014215,AGT010,2026-09-11,69
WL0017259,TKT014216,AGT018,2026-09-11,38
WL0017261,TKT014218,AGT018,2026-09-11,51
WL0017262,TKT014219,AGT009,2026-09-11,42
WL0017263,TKT014219,AGT012,2026-09-11,23
WL0017264,TKT014220,AGT017,2026-09-11,48
WL0017265,TKT014221,AGT005,2026-09-11,136
WL0017266,TKT014222,AGT001,2026-09-11,38
WL0017267,TKT014222,AGT005,2026-09-11,68
WL0017268,TKT014223,AGT003,2026-09-11,15
WL0017269,TKT014223,AGT005,2026-09-11,27
WL0017270,TKT014224,AGT015,2026-09-11,78
WL0017271,TKT014225,AGT008,2026-09-11,86
WL0017272,TKT014226,AGT011,2026-09-11,50
WL0017273,TKT014227,AGT009,2026-09-11,123
WL0017274,TKT014228,AGT010,2026-09-11,96
WL0017275,TKT014229,AGT010,2026-09-11,119
WL0017276,TKT014230,AGT014,2026-09-11,45
WL0017277,TKT014230,AGT017,2026-09-11,25
WL0017278,TKT014231,AGT012,2026-09-11,46
WL0017279,TKT014232,AGT001,2026-09-11,38
WL0017280,TKT014233,AGT011,2026-09-11,57
WL0017281,TKT014234,AGT005,2026-09-11,33
WL0017282,TKT014235,AGT014,2026-09-11,24
WL0017283,TKT014235,AGT017,2026-09-11,43
WL0017284,TKT014236,AGT014,2026-09-11,63
WL0017285,TKT014237,AGT009,2026-09-11,71
WL0017286,TKT014238,AGT014,2026-09-11,48
WL0017287,TKT014239,AGT003,2026-09-11,54
WL0017288,TKT014240,AGT004,2026-09-11,73
WL0017289,TKT014241,AGT014,2026-09-11,45
WL0017290,TKT014241,AGT017,2026-09-11,25
WL0017291,TKT014242,AGT015,2026-09-11,41
WL0017292,TKT014243,AGT008,2026-09-11,99
WL0017293,TKT014244,AGT014,2026-09-11,66
WL0017294,TKT014244,AGT015,2026-09-11,36
WL0017295,TKT014245,AGT001,2026-09-11,31
WL0017296,TKT014246,AGT014,2026-09-11,45
WL0017297,TKT014247,AGT003,2026-09-11,49
WL0017298,TKT014248,AGT003,2026-09-11,95
WL0017299,TKT014249,AGT018,2026-09-11,159
WL0017300,TKT014250,AGT005,2026-09-11,50
WL0017301,TKT014251,AGT018,2026-09-11,33
WL0017302,TKT014252,AGT005,2026-09-11,62
WL0017303,TKT014253,AGT006,2026-09-11,36
WL0017304,TKT014254,AGT017,2026-09-11,112
WL0017305,TKT014255,AGT014,2026-09-12,57
WL0017306,TKT014255,AGT015,2026-09-12,105
WL0017307,TKT014256,AGT003,2026-09-12,27
WL0017308,TKT014257,AGT014,2026-09-12,32
WL0017309,TKT014258,AGT011,2026-09-12,147
WL0017311,TKT014260,AGT014,2026-09-12,66
WL0017312,TKT014261,AGT014,2026-09-12,122
WL0017313,TKT014262,AGT001,2026-09-12,51
WL0017314,TKT014263,AGT015,2026-09-12,18
WL0017315,TKT014264,AGT015,2026-09-12,42
WL0017316,TKT014265,AGT015,2026-09-12,33
WL0017317,TKT014266,AGT001,2026-09-12,47
WL0017318,TKT014267,AGT014,2026-09-12,29
WL0017319,TKT014268,AGT014,2026-09-12,24
WL0017320,TKT014268,AGT015,2026-09-12,43
WL0017321,TKT014269,AGT001,2026-09-12,54
WL0017322,TKT014269,AGT003,2026-09-12,30
WL0017323,TKT014270,AGT014,2026-09-12,69
WL0017324,TKT014271,AGT015,2026-09-12,22
WL0017325,TKT014272,AGT009,2026-09-12,27
WL0017326,TKT014273,AGT014,2026-09-12,51
WL0017327,TKT014273,AGT015,2026-09-12,4
WL0017328,TKT014274,AGT004,2026-09-12,38
WL0017329,TKT014275,AGT001,2026-09-12,44
WL0017330,TKT014276,AGT015,2026-09-12,114
WL0017331,TKT014277,AGT015,2026-09-12,25
WL0017332,TKT014278,AGT007,2026-09-12,89
WL0017333,TKT014278,AGT008,2026-09-12,48
WL0017334,TKT014279,AGT015,2026-09-12,55
WL0017335,TKT014280,AGT010,2026-09-12,77
WL0017336,TKT014281,AGT007,2026-09-12,112
WL0017337,TKT014282,AGT008,2026-09-13,78
WL0017338,TKT014283,AGT009,2026-09-13,83
WL0017339,TKT014284,AGT008,2026-09-13,78
WL0017340,TKT014285,AGT007,2026-09-13,63
WL0017341,TKT014285,AGT009,2026-09-13,35
WL0017342,TKT014286,AGT010,2026-09-13,46
WL0017343,TKT014287,AGT013,2026-09-13,47
WL0017344,TKT014288,AGT009,2026-09-13,54
WL0017345,TKT014288,AGT010,2026-09-13,30
WL0017346,TKT014289,AGT015,2026-09-13,67
WL0017347,TKT014290,AGT015,2026-09-13,21
WL0017348,TKT014290,AGT018,2026-09-13,37
WL0017349,TKT014291,AGT002,2026-09-13,42
WL0017351,TKT014293,AGT009,2026-09-13,220
WL0017352,TKT014294,AGT002,2026-09-13,19
WL0017353,TKT014295,AGT002,2026-09-13,107
WL0017354,TKT014296,AGT014,2026-09-13,44
WL0017355,TKT014297,AGT013,2026-09-13,50
WL0017356,TKT014298,AGT018,2026-09-13,32
WL0017357,TKT014299,AGT010,2026-09-13,99
WL0017358,TKT014300,AGT013,2026-09-13,163
WL0017359,TKT014301,AGT013,2026-09-13,20
WL0017360,TKT014302,AGT008,2026-09-13,146
WL0017361,TKT014303,AGT018,2026-09-14,62
WL0017362,TKT014304,AGT013,2026-09-14,33
WL0017363,TKT014304,AGT016,2026-09-14,19
WL0017364,TKT014305,AGT003,2026-09-14,93
WL0017365,TKT014306,AGT002,2026-09-14,59
WL0017366,TKT014307,AGT002,2026-09-14,116
WL0017367,TKT014308,AGT016,2026-09-14,14
WL0017368,TKT014308,AGT017,2026-09-14,8
WL0017369,TKT014309,AGT018,2026-09-14,39
WL0017370,TKT014310,AGT011,2026-09-14,98
WL0017371,TKT014311,AGT003,2026-09-14,47
WL0017372,TKT014312,AGT015,2026-09-14,79
WL0017373,TKT014312,AGT017,2026-09-14,43
WL0017374,TKT014313,AGT009,2026-09-14,30
WL0017375,TKT014314,AGT007,2026-09-14,209
WL0017376,TKT014315,AGT016,2026-09-14,115
WL0017377,TKT014316,AGT018,2026-09-14,70
WL0017378,TKT014317,AGT004,2026-09-14,29
WL0017379,TKT014318,AGT013,2026-09-14,58
WL0017382,TKT014320,AGT018,2026-09-14,23
WL0017383,TKT014321,AGT007,2026-09-14,53
WL0017384,TKT014321,AGT008,2026-09-14,30
WL0017385,TKT014322,AGT015,2026-09-14,55
WL0017386,TKT014323,AGT018,2026-09-14,103
WL0017387,TKT014324,AGT008,2026-09-14,98
WL0017388,TKT014324,AGT009,2026-09-14,53
WL0017389,TKT014325,AGT016,2026-09-14,71
WL0017390,TKT014326,AGT009,2026-09-14,66
WL0017391,TKT014327,AGT015,2026-09-14,55
WL0017392,TKT014328,AGT015,2026-09-14,58
WL0017393,TKT014329,AGT008,2026-09-14,74
WL0017394,TKT014330,AGT009,2026-09-14,91
WL0017395,TKT014331,AGT013,2026-09-14,22
WL0017396,TKT014332,AGT004,2026-09-14,51
WL0017397,TKT014333,AGT017,2026-09-14,71
WL0017398,TKT014334,AGT007,2026-09-14,52
WL0017399,TKT014335,AGT015,2026-09-14,28
WL0017400,TKT014335,AGT018,2026-09-14,50
WL0017401,TKT014336,AGT002,2026-09-14,127
WL0017402,TKT014337,AGT002,2026-09-14,21
WL0017403,TKT014338,AGT008,2026-09-14,174
WL0017404,TKT014339,AGT003,2026-09-14,114
WL0017405,TKT014340,AGT016,2026-09-14,31
WL0017406,TKT014341,AGT013,2026-09-14,55
WL0017407,TKT014342,AGT004,2026-09-14,46
WL0017408,TKT014343,AGT008,2026-09-14,52
WL0017409,TKT014344,AGT013,2026-09-14,58
WL0017410,TKT014345,AGT015,2026-09-14,40
WL0017411,TKT014346,AGT004,2026-09-14,61
WL0017412,TKT014347,AGT013,2026-09-14,19
WL0017413,TKT014348,AGT003,2026-09-14,39
WL0017414,TKT014348,AGT004,2026-09-14,71
WL0017415,TKT014349,AGT018,2026-09-14,92
WL0017416,TKT014350,AGT007,2026-09-14,166
WL0017417,TKT014350,AGT011,2026-09-14,26
WL0017418,TKT014351,AGT018,2026-09-14,41
WL0017419,TKT014352,AGT015,2026-09-14,139
WL0017420,TKT014352,AGT016,2026-09-14,20
WL0017421,TKT014353,AGT016,2026-09-14,70
WL0017422,TKT014354,AGT017,2026-09-14,49
WL0017423,TKT014355,AGT015,2026-09-15,22
WL0017424,TKT014356,AGT002,2026-09-15,83
WL0017425,TKT014357,AGT008,2026-09-15,60
WL0017426,TKT014358,AGT005,2026-09-15,165
WL0017427,TKT014359,AGT015,2026-09-15,111
WL0017428,TKT014359,AGT018,2026-09-15,60
WL0017429,TKT014360,AGT012,2026-09-15,104
WL0017430,TKT014361,AGT010,2026-09-15,35
WL0017431,TKT014362,AGT017,2026-09-15,56
WL0017432,TKT014363,AGT001,2026-09-15,32
WL0017433,TKT014364,AGT007,2026-09-15,33
WL0017434,TKT014364,AGT012,2026-09-15,60
WL0017435,TKT014365,AGT015,2026-09-15,52
WL0017436,TKT014366,AGT015,2026-09-15,89
WL0017437,TKT014367,AGT009,2026-09-15,58
WL0017438,TKT014368,AGT014,2026-09-15,172
WL0017439,TKT014369,AGT017,2026-09-15,53
WL0017440,TKT014370,AGT012,2026-09-15,60
WL0017441,TKT014371,AGT007,2026-09-15,121
WL0017442,TKT014372,AGT010,2026-09-15,168
WL0017443,TKT014373,AGT003,2026-09-15,44
WL0017444,TKT014374,AGT015,2026-09-15,62
WL0017445,TKT014375,AGT018,2026-09-15,31
WL0017446,TKT014376,AGT010,2026-09-15,76
WL0017447,TKT014377,AGT014,2026-09-15,147
WL0017448,TKT014378,AGT010,2026-09-15,116
WL0017449,TKT014379,AGT007,2026-09-15,81
WL0017450,TKT014379,AGT009,2026-09-15,44
WL0017451,TKT014380,AGT010,2026-09-15,47
WL0017452,TKT014381,AGT012,2026-09-15,191
WL0017453,TKT014382,AGT005,2026-09-15,49
WL0017454,TKT014383,AGT017,2026-09-15,73
WL0017455,TKT014384,AGT007,2026-09-15,245
WL0017456,TKT014384,AGT009,2026-09-15,44
WL0017457,TKT014385,AGT017,2026-09-15,61
WL0017458,TKT014386,AGT010,2026-09-15,4
WL0017459,TKT014386,AGT012,2026-09-15,65
WL0017460,TKT014387,AGT002,2026-09-15,26
WL0017461,TKT014388,AGT008,2026-09-15,209
WL0017462,TKT014389,AGT008,2026-09-15,18
WL0017463,TKT014389,AGT009,2026-09-15,31
WL0017464,TKT014390,AGT009,2026-09-15,101
WL0017465,TKT014391,AGT015,2026-09-15,16
WL0017466,TKT014392,AGT009,2026-09-15,39
WL0017467,TKT014392,AGT010,2026-09-15,34
WL0017468,TKT014393,AGT008,2026-09-15,56
WL0017469,TKT014393,AGT009,2026-09-15,31
WL0017470,TKT014394,AGT015,2026-09-16,153
WL0017471,TKT014395,AGT011,2026-09-16,54
WL0017472,TKT014396,AGT012,2026-09-16,121
WL0017473,TKT014397,AGT013,2026-09-16,86
WL0017474,TKT014397,AGT018,2026-09-16,47
WL0017475,TKT014398,AGT008,2026-09-16,75
WL0017476,TKT014399,AGT005,2026-09-16,62
WL0017477,TKT014400,AGT005,2026-09-16,34
WL0017478,TKT014401,AGT016,2026-09-16,29
WL0017479,TKT014401,AGT018,2026-09-16,53
WL0017480,TKT014402,AGT011,2026-09-16,151
WL0017481,TKT014403,AGT013,2026-09-16,24
WL0017482,TKT014403,AGT018,2026-09-16,13
WL0017483,TKT014404,AGT007,2026-09-16,137
WL0017484,TKT014405,AGT014,2026-09-16,20
WL0017485,TKT014405,AGT016,2026-09-16,12
WL0017486,TKT014406,AGT011,2026-09-16,104
WL0017487,TKT014407,AGT010,2026-09-16,95
WL0017488,TKT014408,AGT005,2026-09-16,63
WL0017489,TKT014409,AGT008,2026-09-16,94
WL0017490,TKT014409,AGT012,2026-09-16,51
WL0017491,TKT014410,AGT014,2026-09-16,27
WL0017492,TKT014410,AGT015,2026-09-16,15
WL0017493,TKT014411,AGT011,2026-09-16,81
WL0017494,TKT014412,AGT018,2026-09-16,28
WL0017495,TKT014413,AGT011,2026-09-16,90
WL0017496,TKT014413,AGT012,2026-09-16,45
WL0017497,TKT014414,AGT001,2026-09-16,55
WL0017498,TKT014414,AGT006,2026-09-16,31
WL0017499,TKT014415,AGT001,2026-09-16,64
WL0017500,TKT014416,AGT015,2026-09-16,138
WL0017501,TKT014417,AGT001,2026-09-16,46
WL0017502,TKT014418,AGT004,2026-09-16,74
WL0017503,TKT014419,AGT002,2026-09-16,183
WL0017504,TKT014420,AGT015,2026-09-16,72
WL0017505,TKT014420,AGT016,2026-09-16,40
WL0017506,TKT014421,AGT016,2026-09-16,131
WL0017507,TKT014422,AGT013,2026-09-16,70
WL0017508,TKT014422,AGT014,2026-09-16,39
WL0017509,TKT014423,AGT014,2026-09-16,208
WL0017510,TKT014424,AGT015,2026-09-16,38
WL0017511,TKT014425,AGT013,2026-09-16,24
WL0017512,TKT014426,AGT007,2026-09-16,164
WL0017513,TKT014427,AGT016,2026-09-16,50
WL0017514,TKT014428,AGT012,2026-09-16,119
WL0017515,TKT014429,AGT015,2026-09-16,15
WL0017516,TKT014429,AGT016,2026-09-16,26
WL0017517,TKT014430,AGT004,2026-09-16,100
WL0017518,TKT014431,AGT010,2026-09-16,126
WL0017519,TKT014432,AGT008,2026-09-16,54
WL0017520,TKT014432,AGT010,2026-09-16,100
WL0017521,TKT014433,AGT013,2026-09-16,51
WL0017522,TKT014434,AGT004,2026-09-16,87
WL0017523,TKT014435,AGT014,2026-09-16,54
WL0017524,TKT014436,AGT007,2026-09-16,59
WL0017525,TKT014436,AGT008,2026-09-16,90
WL0017526,TKT014437,AGT010,2026-09-16,77
WL0017527,TKT014438,AGT018,2026-09-16,43
WL0017528,TKT014439,AGT014,2026-09-16,77
WL0017529,TKT014440,AGT008,2026-09-16,17
WL0017530,TKT014440,AGT010,2026-09-16,29
WL0017531,TKT014441,AGT014,2026-09-16,24
WL0017532,TKT014442,AGT014,2026-09-16,21
WL0017533,TKT014442,AGT015,2026-09-16,49
WL0017534,TKT014443,AGT004,2026-09-16,83
WL0017535,TKT014444,AGT013,2026-09-16,63
WL0017536,TKT014445,AGT010,2026-09-16,53
WL0017537,TKT014445,AGT012,2026-09-16,113
WL0017538,TKT014446,AGT008,2026-09-17,31
WL0017539,TKT014447,AGT015,2026-09-17,22
WL0017540,TKT014447,AGT018,2026-09-17,40
WL0017541,TKT014448,AGT001,2026-09-17,20
WL0017542,TKT014448,AGT006,2026-09-17,35
WL0017543,TKT014449,AGT006,2026-09-17,40
WL0017544,TKT014450,AGT018,2026-09-17,37
WL0017545,TKT014451,AGT018,2026-09-17,62
WL0017546,TKT014452,AGT006,2026-09-17,38
WL0017547,TKT014453,AGT017,2026-09-17,27
WL0017548,TKT014454,AGT017,2026-09-17,28
WL0017549,TKT014455,AGT005,2026-09-17,17
WL0017550,TKT014455,AGT006,2026-09-17,29
WL0017551,TKT014456,AGT006,2026-09-17,65
WL0017552,TKT014457,AGT005,2026-09-17,93
WL0017553,TKT014458,AGT002,2026-09-17,49
WL0017554,TKT014459,AGT008,2026-09-17,47
WL0017555,TKT014459,AGT011,2026-09-17,87
WL0017556,TKT014460,AGT016,2026-09-17,54
WL0017557,TKT014461,AGT002,2026-09-17,73
WL0017558,TKT014462,AGT005,2026-09-17,116
WL0017559,TKT014463,AGT003,2026-09-17,51
WL0017560,TKT014464,AGT006,2026-09-17,157
WL0017561,TKT014465,AGT006,2026-09-17,38
WL0017562,TKT014466,AGT017,2026-09-17,28
WL0017563,TKT014467,AGT001,2026-09-17,42
WL0017564,TKT014467,AGT002,2026-09-17,23
WL0017565,TKT014468,AGT001,2026-09-17,39
WL0017566,TKT014468,AGT006,2026-09-17,48
WL0017567,TKT014469,AGT003,2026-09-17,77
WL0017568,TKT014470,AGT015,2026-09-17,27
WL0017569,TKT014471,AGT005,2026-09-17,55
WL0017570,TKT014472,AGT018,2026-09-17,58
WL0017571,TKT014473,AGT009,2026-09-17,263
WL0017572,TKT014474,AGT003,2026-09-17,29
WL0017573,TKT014475,AGT002,2026-09-17,74
WL0017574,TKT014476,AGT018,2026-09-17,29
WL0017575,TKT014477,AGT015,2026-09-17,145
WL0017576,TKT014478,AGT001,2026-09-17,42
WL0017577,TKT014479,AGT001,2026-09-17,39
WL0017578,TKT014480,AGT003,2026-09-17,58
WL0017579,TKT014481,AGT009,2026-09-17,30
WL0017580,TKT014481,AGT011,2026-09-17,54
WL0017581,TKT014482,AGT003,2026-09-17,44
WL0017582,TKT014483,AGT003,2026-09-18,38
WL0017583,TKT014484,AGT014,2026-09-18,108
WL0017584,TKT014485,AGT016,2026-09-18,110
WL0017585,TKT014486,AGT002,2026-09-18,73
WL0017586,TKT014487,AGT011,2026-09-18,57
WL0017587,TKT014488,AGT017,2026-09-18,54
WL0017588,TKT014489,AGT014,2026-09-18,82
WL0017589,TKT014490,AGT005,2026-09-18,71
WL0017590,TKT014491,AGT006,2026-09-18,43
WL0017591,TKT014492,AGT011,2026-09-18,179
WL0017592,TKT014493,AGT007,2026-09-18,33
WL0017593,TKT014493,AGT011,2026-09-18,18
WL0017594,TKT014494,AGT014,2026-09-18,225
WL0017595,TKT014495,AGT018,2026-09-18,27
WL0017596,TKT014496,AGT006,2026-09-18,39
WL0017597,TKT014497,AGT013,2026-09-18,170
WL0017598,TKT014497,AGT016,2026-09-18,92
WL0017599,TKT014498,AGT008,2026-09-18,143
WL0017600,TKT014498,AGT011,2026-09-18,77
WL0017601,TKT014499,AGT002,2026-09-18,21
WL0017602,TKT014499,AGT006,2026-09-18,39
WL0017603,TKT014500,AGT014,2026-09-18,65
WL0017604,TKT014500,AGT018,2026-09-18,61
WL0017605,TKT014501,AGT018,2026-09-18,148
WL0017606,TKT014502,AGT008,2026-09-18,80
WL0017607,TKT014503,AGT003,2026-09-18,69
WL0017608,TKT014504,AGT001,2026-09-18,88
WL0017609,TKT014505,AGT012,2026-09-18,86
WL0017610,TKT014506,AGT013,2026-09-18,62
WL0017611,TKT014507,AGT017,2026-09-18,91
WL0017614,TKT014509,AGT013,2026-09-18,91
WL0017615,TKT014510,AGT013,2026-09-18,17
WL0017616,TKT014510,AGT015,2026-09-18,31
WL0017617,TKT014511,AGT006,2026-09-18,55
WL0017618,TKT014512,AGT001,2026-09-18,34
WL0017619,TKT014513,AGT007,2026-09-18,184
WL0017620,TKT014514,AGT003,2026-09-18,69
WL0017621,TKT014515,AGT017,2026-09-18,81
WL0017622,TKT014516,AGT008,2026-09-18,61
WL0017623,TKT014516,AGT012,2026-09-18,33
WL0017624,TKT014517,AGT003,2026-09-18,135
WL0017625,TKT014518,AGT005,2026-09-18,7
WL0017626,TKT014518,AGT006,2026-09-18,154
WL0017627,TKT014519,AGT007,2026-09-19,40
WL0017628,TKT014519,AGT008,2026-09-19,73
WL0017629,TKT014520,AGT014,2026-09-19,59
WL0017630,TKT014521,AGT006,2026-09-19,86
WL0017631,TKT014522,AGT008,2026-09-19,217
WL0017632,TKT014523,AGT006,2026-09-19,82
WL0017633,TKT014524,AGT006,2026-09-19,35
WL0017634,TKT014525,AGT015,2026-09-19,30
WL0017635,TKT014525,AGT017,2026-09-19,54
WL0017636,TKT014526,AGT004,2026-09-19,34
WL0017637,TKT014526,AGT006,2026-09-19,19
WL0017638,TKT014527,AGT013,2026-09-19,65
WL0017639,TKT014528,AGT004,2026-09-19,25
WL0017640,TKT014529,AGT009,2026-09-19,102
WL0017641,TKT014530,AGT007,2026-09-19,67
WL0017642,TKT014531,AGT004,2026-09-19,71
WL0017643,TKT014532,AGT015,2026-09-19,39
WL0017644,TKT014532,AGT017,2026-09-19,70
WL0017645,TKT014533,AGT017,2026-09-19,21
WL0017646,TKT014534,AGT009,2026-09-19,87
WL0017647,TKT014535,AGT006,2026-09-19,80
WL0017648,TKT014536,AGT014,2026-09-19,77
WL0017649,TKT014536,AGT017,2026-09-19,142
WL0017650,TKT014537,AGT008,2026-09-19,103
WL0017652,TKT014539,AGT007,2026-09-19,79
WL0017653,TKT014540,AGT015,2026-09-19,50
WL0017654,TKT014541,AGT017,2026-09-19,65
WL0017655,TKT014542,AGT004,2026-09-19,37
WL0017656,TKT014542,AGT006,2026-09-19,41
WL0017657,TKT014543,AGT008,2026-09-19,87
WL0017658,TKT014543,AGT009,2026-09-19,49
WL0017659,TKT014544,AGT012,2026-09-20,171
WL0017660,TKT014545,AGT005,2026-09-20,139
WL0017661,TKT014546,AGT003,2026-09-20,79
WL0017662,TKT014547,AGT012,2026-09-20,105
WL0017663,TKT014548,AGT005,2026-09-20,47
WL0017664,TKT014549,AGT011,2026-09-20,113
WL0017665,TKT014550,AGT007,2026-09-20,113
WL0017666,TKT014550,AGT008,2026-09-20,61
WL0017667,TKT014551,AGT015,2026-09-20,131
WL0017668,TKT014552,AGT015,2026-09-20,126
WL0017669,TKT014553,AGT003,2026-09-20,88
WL0017670,TKT014554,AGT008,2026-09-20,196
WL0017671,TKT014555,AGT008,2026-09-20,130
WL0017672,TKT014556,AGT008,2026-09-20,93
WL0017673,TKT014556,AGT011,2026-09-20,121
WL0017674,TKT014557,AGT003,2026-09-20,102
WL0017675,TKT014558,AGT003,2026-09-20,112
WL0017676,TKT014559,AGT012,2026-09-20,51
WL0017677,TKT014560,AGT018,2026-09-21,46
WL0017678,TKT014561,AGT002,2026-09-21,96
WL0017679,TKT014562,AGT014,2026-09-21,139
WL0017680,TKT014563,AGT015,2026-09-21,58
WL0017681,TKT014564,AGT001,2026-09-21,55
WL0017682,TKT014564,AGT003,2026-09-21,102
WL0017683,TKT014565,AGT010,2026-09-21,144
WL0017684,TKT014566,AGT006,2026-09-21,49
WL0017685,TKT014567,AGT007,2026-09-21,28
WL0017686,TKT014567,AGT010,2026-09-21,51
WL0017687,TKT014568,AGT004,2026-09-21,49
WL0017688,TKT014569,AGT015,2026-09-21,40
WL0017689,TKT014570,AGT007,2026-09-21,113
WL0017690,TKT014570,AGT010,2026-09-21,61
WL0017691,TKT014571,AGT012,2026-09-21,64
WL0017692,TKT014572,AGT010,2026-09-21,110
WL0017694,TKT014574,AGT007,2026-09-21,72
WL0017695,TKT014574,AGT010,2026-09-21,84
WL0017696,TKT014574,AGT012,2026-09-21,287
WL0017697,TKT014575,AGT003,2026-09-21,45
WL0017698,TKT014576,AGT014,2026-09-21,52
WL0017699,TKT014577,AGT002,2026-09-21,31
WL0017700,TKT014577,AGT006,2026-09-21,57
WL0017701,TKT014578,AGT015,2026-09-21,63
WL0017702,TKT014578,AGT017,2026-09-21,35
WL0017703,TKT014579,AGT014,2026-09-21,49
WL0017704,TKT014580,AGT013,2026-09-21,26
WL0017705,TKT014581,AGT013,2026-09-21,49
WL0017706,TKT014581,AGT014,2026-09-21,89
WL0017707,TKT014582,AGT003,2026-09-21,96
WL0017709,TKT014584,AGT013,2026-09-21,197
WL0017710,TKT014585,AGT006,2026-09-21,83
WL0017711,TKT014586,AGT007,2026-09-21,76
WL0017712,TKT014587,AGT003,2026-09-21,194
WL0017713,TKT014588,AGT007,2026-09-21,45
WL0017714,TKT014588,AGT012,2026-09-21,81
WL0017715,TKT014589,AGT018,2026-09-21,37
WL0017716,TKT014590,AGT002,2026-09-21,152
WL0017717,TKT014591,AGT018,2026-09-21,50
WL0017718,TKT014592,AGT004,2026-09-21,45
WL0017719,TKT014593,AGT004,2026-09-21,8
WL0017720,TKT014593,AGT006,2026-09-21,14
WL0017721,TKT014594,AGT001,2026-09-21,47
WL0017722,TKT014594,AGT003,2026-09-21,43
WL0017723,TKT014595,AGT017,2026-09-21,25
WL0017724,TKT014596,AGT001,2026-09-21,95
WL0017725,TKT014597,AGT015,2026-09-21,72
WL0017726,TKT014598,AGT013,2026-09-21,59
WL0017727,TKT014598,AGT017,2026-09-21,33
WL0017728,TKT014599,AGT015,2026-09-21,13
WL0017729,TKT014599,AGT017,2026-09-21,24
WL0017730,TKT014600,AGT017,2026-09-21,37
WL0017731,TKT014600,AGT018,2026-09-21,21
WL0017732,TKT014601,AGT006,2026-09-21,65
WL0017733,TKT014602,AGT012,2026-09-21,56
WL0017734,TKT014603,AGT016,2026-09-21,99
WL0017735,TKT014604,AGT002,2026-09-21,122
WL0017736,TKT014605,AGT008,2026-09-22,65
WL0017737,TKT014606,AGT002,2026-09-22,90
WL0017738,TKT014607,AGT014,2026-09-22,31
WL0017739,TKT014608,AGT005,2026-09-22,96
WL0017740,TKT014609,AGT011,2026-09-22,132
WL0017741,TKT014610,AGT004,2026-09-22,57
WL0017742,TKT014611,AGT017,2026-09-22,28
WL0017743,TKT014612,AGT013,2026-09-22,138
WL0017744,TKT014613,AGT007,2026-09-22,70
WL0017745,TKT014614,AGT002,2026-09-22,55
WL0017746,TKT014615,AGT013,2026-09-22,45
WL0017747,TKT014615,AGT014,2026-09-22,82
WL0017748,TKT014616,AGT005,2026-09-22,32
WL0017749,TKT014617,AGT007,2026-09-22,114
WL0017750,TKT014617,AGT011,2026-09-22,62
WL0017751,TKT014618,AGT007,2026-09-22,64
WL0017752,TKT014619,AGT011,2026-09-22,31
WL0017753,TKT014620,AGT002,2026-09-22,142
WL0017754,TKT014621,AGT004,2026-09-22,62
WL0017755,TKT014622,AGT011,2026-09-22,99
WL0017756,TKT014623,AGT006,2026-09-22,43
WL0017757,TKT014624,AGT015,2026-09-22,18
WL0017758,TKT014624,AGT017,2026-09-22,32
WL0017759,TKT014625,AGT003,2026-09-22,98
WL0017760,TKT014626,AGT015,2026-09-22,47
WL0017761,TKT014627,AGT003,2026-09-22,74
WL0017762,TKT014628,AGT015,2026-09-22,22
WL0017763,TKT014629,AGT013,2026-09-22,40
WL0017764,TKT014630,AGT011,2026-09-22,42
WL0017765,TKT014631,AGT014,2026-09-22,59
WL0017766,TKT014632,AGT009,2026-09-22,71
WL0017767,TKT014633,AGT007,2026-09-22,42
WL0017768,TKT014633,AGT009,2026-09-22,76
WL0017769,TKT014634,AGT014,2026-09-22,11
WL0017770,TKT014634,AGT017,2026-09-22,18
WL0017771,TKT014635,AGT007,2026-09-22,127
WL0017772,TKT014636,AGT013,2026-09-22,35
WL0017773,TKT014637,AGT013,2026-09-22,87
WL0017774,TKT014638,AGT014,2026-09-22,36
WL0017775,TKT014639,AGT005,2026-09-22,58
WL0017776,TKT014640,AGT008,2026-09-22,95
WL0017777,TKT014640,AGT009,2026-09-22,176
WL0017778,TKT014641,AGT005,2026-09-22,32
WL0017779,TKT014642,AGT008,2026-09-22,198
WL0017780,TKT014643,AGT002,2026-09-22,56
WL0017781,TKT014644,AGT008,2026-09-22,14
WL0017782,TKT014644,AGT010,2026-09-22,25
WL0017783,TKT014645,AGT003,2026-09-22,32
WL0017784,TKT014645,AGT004,2026-09-22,18
WL0017785,TKT014646,AGT013,2026-09-22,34
WL0017786,TKT014647,AGT017,2026-09-22,18
WL0017787,TKT014648,AGT015,2026-09-22,35
WL0017788,TKT014648,AGT016,2026-09-22,19
WL0017789,TKT014649,AGT014,2026-09-22,46
WL0017790,TKT014650,AGT015,2026-09-22,18
WL0017791,TKT014651,AGT004,2026-09-22,42
WL0017792,TKT014652,AGT017,2026-09-22,106
WL0017793,TKT014653,AGT013,2026-09-22,104
WL0017794,TKT014654,AGT012,2026-09-23,104
WL0017795,TKT014655,AGT015,2026-09-23,53
WL0017796,TKT014656,AGT011,2026-09-23,70
WL0017797,TKT014657,AGT014,2026-09-23,44
WL0017798,TKT014657,AGT015,2026-09-23,25
WL0017799,TKT014658,AGT004,2026-09-23,23
WL0017800,TKT014658,AGT006,2026-09-23,41
WL0017801,TKT014659,AGT005,2026-09-23,62
WL0017802,TKT014660,AGT011,2026-09-23,116
WL0017803,TKT014661,AGT014,2026-09-23,31
WL0017804,TKT014661,AGT015,2026-09-23,57
WL0017805,TKT014662,AGT009,2026-09-23,52
WL0017806,TKT014662,AGT011,2026-09-23,96
WL0017807,TKT014663,AGT014,2026-09-23,76
WL0017808,TKT014664,AGT010,2026-09-23,181
WL0017809,TKT014665,AGT003,2026-09-23,59
WL0017810,TKT014666,AGT002,2026-09-23,30
WL0017811,TKT014667,AGT014,2026-09-23,111
WL0017812,TKT014668,AGT003,2026-09-23,37
WL0017813,TKT014669,AGT016,2026-09-23,63
WL0017814,TKT014670,AGT016,2026-09-23,36
WL0017815,TKT014671,AGT016,2026-09-23,69
WL0017816,TKT014672,AGT002,2026-09-23,26
WL0017817,TKT014672,AGT003,2026-09-23,46
WL0017818,TKT014673,AGT004,2026-09-23,24
WL0017819,TKT014674,AGT009,2026-09-23,114
WL0017820,TKT014675,AGT014,2026-09-23,127
WL0017821,TKT014676,AGT005,2026-09-23,74
WL0017822,TKT014677,AGT004,2026-09-23,43
WL0017823,TKT014678,AGT017,2026-09-23,57
WL0017824,TKT014679,AGT016,2026-09-23,33
WL0017825,TKT014679,AGT017,2026-09-23,61
WL0017826,TKT014680,AGT009,2026-09-23,173
WL0017827,TKT014681,AGT008,2026-09-23,182
WL0017828,TKT014682,AGT003,2026-09-23,29
WL0017829,TKT014683,AGT004,2026-09-23,38
WL0017831,TKT014685,AGT008,2026-09-23,87
WL0017832,TKT014686,AGT006,2026-09-23,38
WL0017833,TKT014687,AGT010,2026-09-23,141
WL0017834,TKT014688,AGT006,2026-09-24,98
WL0017835,TKT014689,AGT018,2026-09-24,71
WL0017836,TKT014690,AGT007,2026-09-24,67
WL0017837,TKT014690,AGT008,2026-09-24,123
WL0017838,TKT014691,AGT014,2026-09-24,170
WL0017839,TKT014692,AGT004,2026-09-24,24
WL0017840,TKT014693,AGT002,2026-09-24,39
WL0017841,TKT014694,AGT001,2026-09-24,37
WL0017842,TKT014695,AGT006,2026-09-24,41
WL0017843,TKT014696,AGT012,2026-09-24,76
WL0017844,TKT014697,AGT017,2026-09-24,60
WL0017845,TKT014698,AGT010,2026-09-24,149
WL0017846,TKT014699,AGT010,2026-09-24,63
WL0017847,TKT014700,AGT016,2026-09-24,63
WL0017848,TKT014701,AGT014,2026-09-24,36
WL0017849,TKT014702,AGT011,2026-09-24,88
WL0017850,TKT014702,AGT012,2026-09-24,161
WL0017851,TKT014703,AGT001,2026-09-24,63
WL0017852,TKT014704,AGT003,2026-09-24,42
WL0017853,TKT014705,AGT011,2026-09-24,182
WL0017854,TKT014706,AGT013,2026-09-24,98
WL0017855,TKT014707,AGT014,2026-09-24,71
WL0017856,TKT014708,AGT013,2026-09-24,13
WL0017857,TKT014708,AGT017,2026-09-24,24
WL0017858,TKT014709,AGT004,2026-09-24,72
WL0017859,TKT014710,AGT014,2026-09-24,115
WL0017860,TKT014711,AGT004,2026-09-24,102
WL0017861,TKT014712,AGT012,2026-09-24,149
WL0017862,TKT014713,AGT011,2026-09-24,147
WL0017863,TKT014714,AGT018,2026-09-24,120
WL0017864,TKT014715,AGT012,2026-09-24,39
WL0017865,TKT014716,AGT008,2026-09-24,48
WL0017866,TKT014717,AGT003,2026-09-24,33
WL0017868,TKT014719,AGT008,2026-09-24,220
WL0017869,TKT014720,AGT001,2026-09-24,57
WL0017870,TKT014721,AGT014,2026-09-24,26
WL0017871,TKT014722,AGT013,2026-09-24,60
WL0017872,TKT014722,AGT014,2026-09-24,32
WL0017873,TKT014722,AGT015,2026-09-24,1
WL0017874,TKT014723,AGT005,2026-09-24,32
WL0017875,TKT014724,AGT007,2026-09-24,43
WL0017876,TKT014724,AGT010,2026-09-24,78
WL0017877,TKT014725,AGT015,2026-09-24,49
WL0017878,TKT014726,AGT008,2026-09-24,31
WL0017879,TKT014726,AGT010,2026-09-24,190
WL0017880,TKT014726,AGT011,2026-09-24,33
WL0017881,TKT014727,AGT007,2026-09-24,52
WL0017882,TKT014727,AGT008,2026-09-24,58
WL0017883,TKT014727,AGT012,2026-09-24,55
WL0017884,TKT014728,AGT007,2026-09-24,224
WL0017885,TKT014729,AGT001,2026-09-24,50
WL0017886,TKT014730,AGT007,2026-09-24,94
WL0017887,TKT014730,AGT013,2026-09-24,42
WL0017888,TKT014731,AGT018,2026-09-24,32
WL0017889,TKT014732,AGT003,2026-09-24,284
WL0017890,TKT014733,AGT003,2026-09-24,121
WL0017891,TKT014733,AGT006,2026-09-24,9
WL0017892,TKT014734,AGT006,2026-09-24,61
WL0017893,TKT014735,AGT013,2026-09-24,30
WL0017894,TKT014736,AGT003,2026-09-25,56
WL0017895,TKT014737,AGT016,2026-09-25,51
WL0017896,TKT014738,AGT007,2026-09-25,73
WL0017897,TKT014738,AGT011,2026-09-25,40
WL0017898,TKT014739,AGT002,2026-09-25,101
WL0017899,TKT014740,AGT017,2026-09-25,88
WL0017900,TKT014741,AGT011,2026-09-25,162
WL0017901,TKT014742,AGT011,2026-09-25,113
WL0017902,TKT014743,AGT011,2026-09-25,126
WL0017903,TKT014744,AGT007,2026-09-25,39
WL0017904,TKT014744,AGT011,2026-09-25,39
WL0017905,TKT014745,AGT001,2026-09-25,64
WL0017906,TKT014746,AGT016,2026-09-25,112
WL0017907,TKT014747,AGT007,2026-09-25,260
WL0017908,TKT014748,AGT017,2026-09-25,46
WL0017909,TKT014749,AGT007,2026-09-25,83
WL0017910,TKT014750,AGT015,2026-09-25,75
WL0017911,TKT014751,AGT017,2026-09-25,54
WL0017912,TKT014752,AGT007,2026-09-25,25
WL0017913,TKT014752,AGT010,2026-09-25,88
WL0017914,TKT014753,AGT002,2026-09-25,15
WL0017915,TKT014753,AGT005,2026-09-25,27
WL0017916,TKT014754,AGT010,2026-09-25,97
WL0017917,TKT014755,AGT014,2026-09-25,29
WL0017918,TKT014756,AGT013,2026-09-25,56
WL0017919,TKT014757,AGT017,2026-09-25,108
WL0017920,TKT014758,AGT003,2026-09-25,53
WL0017921,TKT014758,AGT006,2026-09-25,98
WL0017922,TKT014759,AGT010,2026-09-25,282
WL0017923,TKT014760,AGT006,2026-09-25,27
WL0017924,TKT014761,AGT006,2026-09-25,104
WL0017925,TKT014762,AGT006,2026-09-25,37
WL0017926,TKT014763,AGT017,2026-09-25,42
WL0017927,TKT014764,AGT010,2026-09-25,13
WL0017928,TKT014764,AGT015,2026-09-25,73
WL0017929,TKT014765,AGT013,2026-09-25,71
WL0017930,TKT014765,AGT014,2026-09-25,39
WL0017931,TKT014766,AGT013,2026-09-25,33
WL0017932,TKT014767,AGT003,2026-09-25,126
WL0017933,TKT014768,AGT013,2026-09-25,33
WL0017934,TKT014768,AGT014,2026-09-25,18
WL0017935,TKT014769,AGT005,2026-09-25,51
WL0017936,TKT014770,AGT015,2026-09-25,70
WL0017937,TKT014771,AGT005,2026-09-25,57
WL0017938,TKT014772,AGT017,2026-09-25,62
WL0017939,TKT014773,AGT001,2026-09-25,97
WL0017940,TKT014774,AGT013,2026-09-25,36
WL0017941,TKT014775,AGT015,2026-09-25,40
WL0017942,TKT014776,AGT005,2026-09-25,129
WL0017943,TKT014777,AGT015,2026-09-25,167
WL0017944,TKT014778,AGT002,2026-09-25,109
WL0017945,TKT014779,AGT001,2026-09-25,56
WL0017946,TKT014779,AGT017,2026-09-25,31
WL0017947,TKT014780,AGT016,2026-09-25,112
WL0017948,TKT014781,AGT013,2026-09-25,59
WL0017949,TKT014781,AGT017,2026-09-25,49
WL0017950,TKT014782,AGT001,2026-09-25,38
WL0017951,TKT014782,AGT003,2026-09-25,69
WL0017952,TKT014783,AGT003,2026-09-25,72
WL0017953,TKT014783,AGT005,2026-09-25,40
WL0017954,TKT014784,AGT016,2026-09-25,81
WL0017955,TKT014785,AGT015,2026-09-26,102
WL0017956,TKT014786,AGT018,2026-09-26,260
WL0017957,TKT014787,AGT004,2026-09-26,29
WL0017958,TKT014788,AGT015,2026-09-26,92
WL0017959,TKT014789,AGT001,2026-09-26,24
WL0017960,TKT014789,AGT005,2026-09-26,42
WL0017961,TKT014790,AGT007,2026-09-26,40
WL0017962,TKT014790,AGT011,2026-09-26,73
WL0017963,TKT014791,AGT005,2026-09-26,64
WL0017964,TKT014792,AGT017,2026-09-26,39
WL0017965,TKT014793,AGT012,2026-09-26,73
WL0017967,TKT014795,AGT007,2026-09-26,45
WL0017968,TKT014795,AGT011,2026-09-26,81
WL0017969,TKT014796,AGT007,2026-09-26,31
WL0017970,TKT014797,AGT001,2026-09-26,89
WL0017971,TKT014798,AGT015,2026-09-26,63
WL0017972,TKT014799,AGT012,2026-09-26,206
WL0017973,TKT014800,AGT015,2026-09-26,35
WL0017974,TKT014801,AGT004,2026-09-26,39
WL0017975,TKT014802,AGT003,2026-09-26,29
WL0017976,TKT014802,AGT004,2026-09-26,17
WL0017977,TKT014803,AGT003,2026-09-26,46
WL0017978,TKT014803,AGT004,2026-09-26,25
WL0017979,TKT014804,AGT017,2026-09-26,37
WL0017980,TKT014804,AGT018,2026-09-26,20
WL0017981,TKT014805,AGT003,2026-09-26,66
WL0017982,TKT014805,AGT004,2026-09-26,37
WL0017983,TKT014806,AGT012,2026-09-26,96
WL0017984,TKT014807,AGT017,2026-09-26,55
WL0017985,TKT014807,AGT018,2026-09-26,102
WL0017986,TKT014808,AGT013,2026-09-27,98
WL0017987,TKT014809,AGT011,2026-09-27,64
WL0017988,TKT014810,AGT003,2026-09-27,83
WL0017989,TKT014811,AGT014,2026-09-27,45
WL0017990,TKT014812,AGT014,2026-09-27,63
WL0017991,TKT014813,AGT013,2026-09-27,53
WL0017992,TKT014814,AGT014,2026-09-27,173
WL0017993,TKT014815,AGT011,2026-09-27,28
WL0017994,TKT014816,AGT014,2026-09-27,30
WL0017995,TKT014817,AGT006,2026-09-27,64
WL0017996,TKT014818,AGT011,2026-09-27,58
WL0017997,TKT014819,AGT001,2026-09-27,120
WL0017998,TKT014819,AGT003,2026-09-27,66
WL0017999,TKT014820,AGT013,2026-09-27,39
WL0018000,TKT014821,AGT012,2026-09-27,93
WL0018001,TKT014822,AGT011,2026-09-27,135
WL0018002,TKT014823,AGT012,2026-09-27,173
WL0018003,TKT014824,AGT013,2026-09-27,29
WL0018004,TKT014825,AGT013,2026-09-27,52
WL0018005,TKT014826,AGT011,2026-09-27,63
WL0018006,TKT014827,AGT014,2026-09-27,51
WL0018007,TKT014828,AGT013,2026-09-27,30
WL0018008,TKT014828,AGT014,2026-09-27,17
WL0018009,TKT014829,AGT011,2026-09-27,132
WL0018010,TKT014829,AGT012,2026-09-27,25
WL0018011,TKT014830,AGT013,2026-09-27,106
WL0018012,TKT014831,AGT013,2026-09-27,43
WL0018013,TKT014831,AGT014,2026-09-27,61
WL0018014,TKT014832,AGT003,2026-09-27,29
WL0018015,TKT014832,AGT014,2026-09-27,40
WL0018016,TKT014833,AGT012,2026-09-27,29
WL0018017,TKT014834,AGT003,2026-09-27,50
WL0018018,TKT014835,AGT004,2026-09-27,193
WL0018019,TKT014836,AGT003,2026-09-27,31
WL0018020,TKT014837,AGT005,2026-09-27,58
WL0018021,TKT014838,AGT012,2026-09-27,69
WL0018022,TKT014839,AGT001,2026-09-27,37
WL0018023,TKT014839,AGT012,2026-09-27,91
WL0018024,TKT014840,AGT006,2026-09-27,51
WL0018025,TKT014841,AGT005,2026-09-28,35
WL0018026,TKT014842,AGT011,2026-09-28,165
WL0018027,TKT014843,AGT009,2026-09-28,106
WL0018028,TKT014844,AGT014,2026-09-28,56
WL0018029,TKT014845,AGT007,2026-09-28,237
WL0018030,TKT014846,AGT006,2026-09-28,74
WL0018031,TKT014847,AGT005,2026-09-28,70
WL0018032,TKT014848,AGT011,2026-09-28,60
WL0018033,TKT014849,AGT003,2026-09-28,29
WL0018034,TKT014850,AGT017,2026-09-28,45
WL0018035,TKT014851,AGT015,2026-09-28,54
WL0018036,TKT014852,AGT015,2026-09-28,37
WL0018037,TKT014853,AGT001,2026-09-28,36
WL0018038,TKT014854,AGT014,2026-09-28,43
WL0018039,TKT014855,AGT014,2026-09-28,53
WL0018040,TKT014856,AGT009,2026-09-28,74
WL0018041,TKT014857,AGT007,2026-09-28,28
WL0018042,TKT014857,AGT011,2026-09-28,50
WL0018043,TKT014858,AGT002,2026-09-28,62
WL0018044,TKT014859,AGT004,2026-09-28,51
WL0018045,TKT014860,AGT017,2026-09-28,54
WL0018046,TKT014861,AGT015,2026-09-28,40
WL0018047,TKT014862,AGT009,2026-09-28,84
WL0018048,TKT014863,AGT001,2026-09-28,96
WL0018049,TKT014864,AGT017,2026-09-28,74
WL0018050,TKT014865,AGT015,2026-09-28,30
WL0018051,TKT014866,AGT014,2026-09-28,29
WL0018052,TKT014867,AGT014,2026-09-28,44
WL0018053,TKT014867,AGT015,2026-09-28,24
WL0018054,TKT014868,AGT014,2026-09-28,141
WL0018055,TKT014869,AGT015,2026-09-28,42
WL0018056,TKT014870,AGT007,2026-09-28,53
WL0018057,TKT014871,AGT001,2026-09-28,129
WL0018058,TKT014872,AGT014,2026-09-28,18
WL0018059,TKT014873,AGT014,2026-09-28,49
WL0018060,TKT014874,AGT003,2026-09-28,53
WL0018061,TKT014875,AGT015,2026-09-28,49
WL0018062,TKT014876,AGT017,2026-09-28,20
WL0018063,TKT014877,AGT015,2026-09-28,40
WL0018064,TKT014878,AGT007,2026-09-28,162
WL0018065,TKT014878,AGT009,2026-09-28,60
WL0018066,TKT014879,AGT008,2026-09-28,29
WL0018067,TKT014879,AGT009,2026-09-28,52
WL0018068,TKT014880,AGT005,2026-09-28,96
WL0018069,TKT014881,AGT011,2026-09-28,56
WL0018070,TKT014882,AGT012,2026-09-28,104
WL0018071,TKT014883,AGT012,2026-09-28,189
WL0018072,TKT014884,AGT011,2026-09-28,100
WL0018073,TKT014885,AGT014,2026-09-28,47
WL0018074,TKT014885,AGT015,2026-09-28,164
WL0018075,TKT014885,AGT017,2026-09-28,39
WL0018076,TKT014886,AGT011,2026-09-28,31
WL0018077,TKT014887,AGT011,2026-09-28,18
WL0018078,TKT014887,AGT012,2026-09-28,20
WL0018079,TKT014888,AGT009,2026-09-28,65
WL0018080,TKT014889,AGT003,2026-09-28,86
WL0018081,TKT014890,AGT005,2026-09-28,45
WL0018082,TKT014891,AGT012,2026-09-28,85
WL0018083,TKT014892,AGT017,2026-09-28,102
WL0018084,TKT014893,AGT017,2026-09-28,89
WL0018085,TKT014894,AGT013,2026-09-29,72
WL0018086,TKT014895,AGT006,2026-09-29,56
WL0018087,TKT014896,AGT015,2026-09-29,71
WL0018088,TKT014897,AGT010,2026-09-29,117
WL0018089,TKT014897,AGT012,2026-09-29,63
WL0018090,TKT014898,AGT015,2026-09-29,29
WL0018091,TKT014898,AGT018,2026-09-29,53
WL0018092,TKT014899,AGT010,2026-09-29,93
WL0018093,TKT014900,AGT011,2026-09-29,96
WL0018094,TKT014901,AGT005,2026-09-29,65
WL0018095,TKT014902,AGT005,2026-09-29,155
WL0018096,TKT014903,AGT006,2026-09-29,66
WL0018097,TKT014904,AGT006,2026-09-29,48
WL0018098,TKT014905,AGT013,2026-09-29,54
WL0018099,TKT014906,AGT012,2026-09-29,191
WL0018100,TKT014907,AGT005,2026-09-29,23
WL0018101,TKT014908,AGT007,2026-09-29,68
WL0018102,TKT014908,AGT009,2026-09-29,124
WL0018103,TKT014909,AGT002,2026-09-29,63
WL0018104,TKT014910,AGT001,2026-09-29,72
WL0018105,TKT014911,AGT010,2026-09-29,130
WL0018106,TKT014912,AGT018,2026-09-29,52
WL0018107,TKT014913,AGT015,2026-09-29,89
WL0018108,TKT014914,AGT013,2026-09-29,96
WL0018109,TKT014915,AGT010,2026-09-29,88
WL0018110,TKT014916,AGT001,2026-09-29,79
WL0018111,TKT014917,AGT013,2026-09-29,99
WL0018112,TKT014918,AGT010,2026-09-29,22
WL0018113,TKT014918,AGT011,2026-09-29,236
WL0018114,TKT014919,AGT012,2026-09-29,47
WL0018115,TKT014920,AGT013,2026-09-29,49
WL0018116,TKT014920,AGT015,2026-09-29,89
WL0018117,TKT014921,AGT011,2026-09-29,36
WL0018118,TKT014922,AGT012,2026-09-29,75
WL0018121,TKT014924,AGT005,2026-09-29,134
WL0018122,TKT014925,AGT002,2026-09-29,77
WL0018123,TKT014926,AGT002,2026-09-29,40
WL0018124,TKT014926,AGT006,2026-09-29,74
WL0018125,TKT014927,AGT006,2026-09-29,63
WL0018126,TKT014928,AGT018,2026-09-29,30
WL0018127,TKT014929,AGT007,2026-09-29,177
WL0018128,TKT014930,AGT018,2026-09-29,90
WL0018129,TKT014931,AGT015,2026-09-29,50
WL0018130,TKT014932,AGT015,2026-09-29,164
WL0018131,TKT014933,AGT013,2026-09-29,28
WL0018132,TKT014934,AGT013,2026-09-29,41
WL0018133,TKT014935,AGT015,2026-09-29,18
WL0018134,TKT014935,AGT018,2026-09-29,10
WL0018135,TKT014936,AGT013,2026-09-29,11
WL0018136,TKT014936,AGT018,2026-09-29,18
WL0018137,TKT014937,AGT013,2026-09-29,30
WL0018138,TKT014937,AGT018,2026-09-29,47
WL0018139,TKT014938,AGT018,2026-09-29,59
WL0018140,TKT014939,AGT018,2026-09-29,67
WL0018141,TKT014940,AGT001,2026-09-29,32
WL0018142,TKT014941,AGT007,2026-09-29,9
WL0018143,TKT014941,AGT018,2026-09-29,54
WL0018144,TKT014942,AGT002,2026-09-29,127
WL0018145,TKT014943,AGT001,2026-09-29,190
WL0018146,TKT014944,AGT009,2026-09-29,41
WL0018147,TKT014944,AGT012,2026-09-29,23
WL0018148,TKT014945,AGT011,2026-09-29,30
WL0018149,TKT014946,AGT009,2026-09-29,64
WL0018150,TKT014947,AGT003,2026-09-30,14
WL0018151,TKT014947,AGT005,2026-09-30,26
WL0018152,TKT014948,AGT001,2026-09-30,94
WL0018153,TKT014949,AGT017,2026-09-30,85
WL0018154,TKT014950,AGT014,2026-09-30,70
WL0018155,TKT014951,AGT013,2026-09-30,39
WL0018156,TKT014952,AGT016,2026-09-30,67
WL0018157,TKT014953,AGT011,2026-09-30,133
WL0018158,TKT014954,AGT017,2026-09-30,48
WL0018159,TKT014955,AGT013,2026-09-30,36
WL0018160,TKT014956,AGT013,2026-09-30,111
WL0018161,TKT014957,AGT014,2026-09-30,13
WL0018162,TKT014957,AGT018,2026-09-30,8
WL0018163,TKT014958,AGT016,2026-09-30,27
WL0018164,TKT014958,AGT018,2026-09-30,16
WL0018165,TKT014959,AGT013,2026-09-30,52
WL0018166,TKT014960,AGT014,2026-09-30,94
WL0018167,TKT014961,AGT005,2026-09-30,34
WL0018168,TKT014961,AGT006,2026-09-30,63
WL0018169,TKT014962,AGT016,2026-09-30,29
WL0018170,TKT014963,AGT009,2026-09-30,60
WL0018171,TKT014964,AGT014,2026-09-30,85
WL0018172,TKT014965,AGT006,2026-09-30,89
WL0018173,TKT014966,AGT011,2026-09-30,86
WL0018174,TKT014967,AGT017,2026-09-30,80
WL0018175,TKT014968,AGT015,2026-09-30,24
WL0018176,TKT014968,AGT018,2026-09-30,43
WL0018177,TKT014969,AGT011,2026-09-30,47
WL0018178,TKT014970,AGT015,2026-09-30,13
WL0018179,TKT014970,AGT017,2026-09-30,24
WL0018180,TKT014971,AGT013,2026-09-30,59
WL0018181,TKT014972,AGT010,2026-09-30,43
WL0018182,TKT014973,AGT014,2026-09-30,69
WL0018183,TKT014974,AGT018,2026-09-30,53
WL0018184,TKT014975,AGT008,2026-09-30,48
WL0018185,TKT014976,AGT005,2026-09-30,45
WL0018186,TKT014977,AGT018,2026-09-30,29
WL0018187,TKT014978,AGT016,2026-09-30,71
WL0018188,TKT014979,AGT013,2026-09-30,183
WL0018189,TKT014979,AGT015,2026-09-30,119
WL0018190,TKT014980,AGT016,2026-09-30,123
WL0018191,TKT014981,AGT018,2026-09-30,88
WL0018192,TKT014982,AGT008,2026-09-30,73
WL0018193,TKT014983,AGT014,2026-09-30,44
WL0018194,TKT014984,AGT011,2026-09-30,78
WL0018195,TKT014985,AGT006,2026-09-30,38
WL0018196,TKT014986,AGT015,2026-09-30,28
WL0018197,TKT014987,AGT001,2026-09-30,31
WL0018198,TKT014987,AGT005,2026-09-30,56
WL0018199,TKT014988,AGT010,2026-09-30,53
WL0018200,TKT014989,AGT008,2026-09-30,147
WL0018201,TKT014989,AGT010,2026-09-30,80
WL0018202,TKT014990,AGT007,2026-09-30,86
WL0018203,TKT014991,AGT006,2026-09-30,43
WL0018204,TKT014992,AGT014,2026-09-30,19
WL0018205,TKT014993,AGT016,2026-09-30,83
WL0018206,TKT014993,AGT018,2026-09-30,46
WL0018207,TKT014994,AGT001,2026-09-30,74
WL0018208,TKT014995,AGT016,2026-09-30,33
WL0018209,TKT014995,AGT018,2026-09-30,61
WL0018210,TKT014996,AGT017,2026-09-30,46
WL0018211,TKT014997,AGT003,2026-09-30,113
WL0018212,TKT014998,AGT014,2026-09-30,56
WL0018213,TKT014998,AGT017,2026-09-30,61
WL0018214,TKT014999,AGT008,2026-09-30,118
WL0018215,TKT015000,AGT017,2026-09-30,37
