agent_id,work_date,scheduled_minutes,absence_minutes,shrinkage_minutes
AGT001,2025-10-01,480,0,111
AGT002,2025-10-01,480,0,91
AGT003,2025-10-01,480,480,0
AGT004,2025-10-01,480,0,97
AGT005,2025-10-01,0,0,0
AGT007,2025-10-01,480,0,108
AGT008,2025-10-01,510,0,90
AGT009,2025-10-01,510,0,126
AGT010,2025-10-01,480,0,121
AGT011,2025-10-01,480,0,74
AGT013,2025-10-01,480,0,94
AGT014,2025-10-01,480,0,114
AGT015,2025-10-01,480,0,95
AGT016,2025-10-01,480,0,133
AGT017,2025-10-01,510,0,109
AGT001,2025-10-02,480,0,132
AGT002,2025-10-02,0,0,0
AGT003,2025-10-02,450,0,110
AGT004,2025-10-02,480,0,130
AGT005,2025-10-02,510,0,91
AGT007,2025-10-02,450,0,109
AGT008,2025-10-02,480,0,86
AGT009,2025-10-02,480,0,79
AGT010,2025-10-02,0,0,0
AGT011,2025-10-02,0,0,0
AGT013,2025-10-02,510,0,116
AGT014,2025-10-02,0,0,0
AGT015,2025-10-02,0,0,0
AGT016,2025-10-02,450,0,124
AGT017,2025-10-02,450,0,104
AGT001,2025-10-03,510,0,96
AGT002,2025-10-03,450,0,71
AGT003,2025-10-03,0,0,0
AGT004,2025-10-03,450,0,102
AGT005,2025-10-03,480,0,105
AGT007,2025-10-03,480,0,87
AGT008,2025-10-03,480,480,0
AGT009,2025-10-03,0,0,0
AGT010,2025-10-03,480,0,92
AGT011,2025-10-03,480,0,133
AGT013,2025-10-03,480,0,125
AGT014,2025-10-03,0,0,0
AGT015,2025-10-03,480,0,83
AGT016,2025-10-03,0,0,0
AGT017,2025-10-03,450,0,74
AGT001,2025-10-04,450,120,93
AGT002,2025-10-04,480,0,126
AGT003,2025-10-04,480,0,84
AGT004,2025-10-04,0,0,0
AGT005,2025-10-04,510,0,78
AGT007,2025-10-04,0,0,0
AGT008,2025-10-04,480,0,93
AGT009,2025-10-04,480,0,100
AGT010,2025-10-04,510,0,117
AGT011,2025-10-04,480,0,83
AGT013,2025-10-04,510,0,114
AGT014,2025-10-04,0,0,0
AGT015,2025-10-04,450,0,95
AGT016,2025-10-04,0,0,0
AGT017,2025-10-04,0,0,0
AGT001,2025-10-05,480,0,113
AGT002,2025-10-05,480,0,113
AGT003,2025-10-05,0,0,0
AGT004,2025-10-05,480,0,98
AGT005,2025-10-05,450,0,77
AGT007,2025-10-05,450,0,75
AGT008,2025-10-05,0,0,0
AGT009,2025-10-05,0,0,0
AGT010,2025-10-05,0,0,0
AGT011,2025-10-05,480,0,130
AGT013,2025-10-05,0,0,0
AGT014,2025-10-05,480,0,133
AGT015,2025-10-05,510,0,128
AGT016,2025-10-05,480,0,134
AGT017,2025-10-05,450,0,119
AGT001,2025-10-06,480,0,79
AGT002,2025-10-06,0,0,0
AGT003,2025-10-06,510,0,90
AGT004,2025-10-06,480,0,78
AGT005,2025-10-06,0,0,0
AGT007,2025-10-06,480,60,112
AGT008,2025-10-06,0,0,0
AGT009,2025-10-06,480,0,74
AGT010,2025-10-06,480,0,115
AGT011,2025-10-06,480,0,104
AGT013,2025-10-06,0,0,0
AGT014,2025-10-06,480,0,111
AGT015,2025-10-06,0,0,0
AGT016,2025-10-06,450,0,107
AGT017,2025-10-06,480,0,119
AGT001,2025-10-07,480,0,109
AGT002,2025-10-07,0,0,0
AGT003,2025-10-07,450,0,126
AGT004,2025-10-07,480,0,80
AGT005,2025-10-07,480,0,111
AGT007,2025-10-07,0,0,0
AGT008,2025-10-07,480,0,110
AGT009,2025-10-07,0,0,0
AGT010,2025-10-07,450,0,69
AGT011,2025-10-07,510,0,128
AGT013,2025-10-07,510,0,115
AGT014,2025-10-07,510,0,78
AGT015,2025-10-07,480,0,95
AGT016,2025-10-07,480,0,80
AGT017,2025-10-07,0,0,0
AGT001,2025-10-08,480,0,121
AGT002,2025-10-08,480,0,129
AGT003,2025-10-08,0,0,0
AGT004,2025-10-08,480,0,123
AGT005,2025-10-08,0,0,0
AGT007,2025-10-08,480,0,79
AGT008,2025-10-08,510,0,102
AGT009,2025-10-08,0,0,0
AGT010,2025-10-08,510,0,86
AGT011,2025-10-08,480,0,83
AGT013,2025-10-08,0,0,0
AGT014,2025-10-08,450,0,87
AGT015,2025-10-08,450,0,85
AGT016,2025-10-08,480,0,122
AGT017,2025-10-08,450,0,120
AGT001,2025-10-09,0,0,0
AGT002,2025-10-09,510,0,100
AGT003,2025-10-09,480,0,92
AGT004,2025-10-09,510,0,118
AGT005,2025-10-09,480,0,100
AGT007,2025-10-09,480,0,112
AGT008,2025-10-09,450,0,119
AGT009,2025-10-09,480,0,131
AGT010,2025-10-09,450,0,87
AGT011,2025-10-09,480,0,119
AGT014,2025-10-09,480,0,81
AGT015,2025-10-09,480,480,0
AGT016,2025-10-09,480,0,82
AGT017,2025-10-09,480,480,0
AGT001,2025-10-10,480,0,114
AGT002,2025-10-10,480,0,92
AGT003,2025-10-10,480,0,74
AGT004,2025-10-10,450,0,87
AGT005,2025-10-10,480,0,103
AGT007,2025-10-10,480,0,79
AGT008,2025-10-10,0,0,0
AGT009,2025-10-10,480,0,96
AGT010,2025-10-10,480,0,117
AGT011,2025-10-10,480,0,89
AGT013,2025-10-10,450,0,118
AGT014,2025-10-10,450,0,93
AGT015,2025-10-10,480,0,80
AGT016,2025-10-10,480,0,103
AGT017,2025-10-10,480,0,132
AGT001,2025-10-11,480,0,92
AGT002,2025-10-11,480,0,104
AGT003,2025-10-11,0,0,0
AGT004,2025-10-11,0,0,0
AGT005,2025-10-11,0,0,0
AGT007,2025-10-11,0,0,0
AGT008,2025-10-11,510,0,96
AGT009,2025-10-11,0,0,0
AGT010,2025-10-11,480,0,77
AGT011,2025-10-11,480,30,104
AGT013,2025-10-11,0,0,0
AGT014,2025-10-11,0,0,0
AGT015,2025-10-11,450,0,108
AGT016,2025-10-11,0,0,0
AGT017,2025-10-11,480,0,104
AGT001,2025-10-12,0,0,0
AGT002,2025-10-12,480,0,116
AGT003,2025-10-12,0,0,0
AGT004,2025-10-12,480,0,72
AGT005,2025-10-12,0,0,0
AGT007,2025-10-12,480,0,133
AGT008,2025-10-12,480,0,83
AGT009,2025-10-12,0,0,0
AGT010,2025-10-12,480,0,108
AGT011,2025-10-12,0,0,0
AGT013,2025-10-12,0,0,0
AGT014,2025-10-12,0,0,0
AGT015,2025-10-12,480,0,108
AGT016,2025-10-12,480,0,130
AGT017,2025-10-12,0,0,0
AGT001,2025-10-13,450,0,90
AGT002,2025-10-13,480,0,109
AGT003,2025-10-13,480,0,121
AGT004,2025-10-13,0,0,0
AGT005,2025-10-13,480,0,124
AGT007,2025-10-13,480,0,106
AGT008,2025-10-13,480,0,131
AGT009,2025-10-13,480,0,87
AGT010,2025-10-13,0,0,0
AGT011,2025-10-13,480,0,128
AGT013,2025-10-13,480,0,78
AGT014,2025-10-13,510,0,84
AGT015,2025-10-13,0,0,0
AGT016,2025-10-13,480,0,101
AGT017,2025-10-13,0,0,0
AGT001,2025-10-14,480,60,72
AGT002,2025-10-14,480,0,124
AGT003,2025-10-14,480,0,115
AGT004,2025-10-14,480,0,103
AGT005,2025-10-14,480,0,84
AGT007,2025-10-14,480,0,88
AGT008,2025-10-14,450,0,102
AGT009,2025-10-14,0,0,0
AGT010,2025-10-14,480,0,106
AGT011,2025-10-14,480,0,88
AGT013,2025-10-14,480,0,83
AGT014,2025-10-14,450,0,77
AGT015,2025-10-14,480,0,104
AGT016,2025-10-14,480,0,122
AGT017,2025-10-14,480,0,114
AGT001,2025-10-15,450,0,96
AGT002,2025-10-15,480,0,109
AGT003,2025-10-15,450,450,0
AGT004,2025-10-15,480,0,93
AGT007,2025-10-15,450,0,95
AGT008,2025-10-15,480,0,94
AGT009,2025-10-15,510,0,92
AGT010,2025-10-15,480,0,86
AGT011,2025-10-15,0,0,0
AGT013,2025-10-15,0,0,0
AGT014,2025-10-15,480,0,90
AGT015,2025-10-15,480,0,94
AGT016,2025-10-15,510,0,127
AGT017,2025-10-15,480,120,79
AGT001,2025-10-16,0,0,0
AGT002,2025-10-16,480,0,130
AGT003,2025-10-16,480,0,102
AGT004,2025-10-16,480,0,77
AGT005,2025-10-16,510,0,130
AGT007,2025-10-16,480,0,128
AGT008,2025-10-16,450,0,126
AGT009,2025-10-16,480,0,100
AGT010,2025-10-16,480,0,96
AGT011,2025-10-16,480,0,88
AGT013,2025-10-16,480,0,129
AGT014,2025-10-16,0,0,0
AGT015,2025-10-16,480,0,91
AGT016,2025-10-16,480,0,90
AGT017,2025-10-16,480,0,134
AGT001,2025-10-17,450,30,82
AGT002,2025-10-17,480,0,107
AGT003,2025-10-17,480,0,128
AGT004,2025-10-17,480,0,114
AGT005,2025-10-17,480,0,124
AGT007,2025-10-17,510,0,100
AGT008,2025-10-17,480,0,74
AGT009,2025-10-17,0,0,0
AGT011,2025-10-17,0,0,0
AGT013,2025-10-17,480,0,94
AGT014,2025-10-17,480,0,131
AGT015,2025-10-17,480,0,123
AGT016,2025-10-17,0,0,0
AGT017,2025-10-17,480,0,132
AGT001,2025-10-18,450,0,84
AGT002,2025-10-18,480,0,75
AGT003,2025-10-18,0,0,0
AGT004,2025-10-18,480,0,133
AGT005,2025-10-18,480,0,87
AGT007,2025-10-18,0,0,0
AGT008,2025-10-18,0,0,0
AGT009,2025-10-18,480,0,125
AGT010,2025-10-18,0,0,0
AGT011,2025-10-18,450,0,97
AGT013,2025-10-18,0,0,0
AGT014,2025-10-18,480,0,126
AGT015,2025-10-18,480,0,81
AGT016,2025-10-18,480,0,88
AGT017,2025-10-18,480,0,77
AGT001,2025-10-19,510,0,121
AGT002,2025-10-19,480,0,91
AGT003,2025-10-19,0,0,0
AGT004,2025-10-19,450,0,105
AGT005,2025-10-19,510,0,136
AGT007,2025-10-19,480,0,86
AGT008,2025-10-19,480,480,0
AGT009,2025-10-19,510,0,91
AGT010,2025-10-19,0,0,0
AGT011,2025-10-19,0,0,0
AGT013,2025-10-19,450,0,82
AGT014,2025-10-19,480,0,84
AGT015,2025-10-19,480,0,83
AGT016,2025-10-19,0,0,0
AGT017,2025-10-19,480,0,96
AGT001,2025-10-20,480,0,116
AGT002,2025-10-20,480,0,94
AGT003,2025-10-20,450,0,107
AGT004,2025-10-20,480,0,73
AGT005,2025-10-20,480,0,103
AGT007,2025-10-20,480,0,76
AGT008,2025-10-20,480,0,79
AGT009,2025-10-20,0,0,0
AGT010,2025-10-20,0,0,0
AGT011,2025-10-20,480,0,113
AGT013,2025-10-20,450,60,83
AGT014,2025-10-20,480,120,86
AGT015,2025-10-20,510,0,86
AGT016,2025-10-20,480,0,117
AGT017,2025-10-20,480,0,82
AGT001,2025-10-21,480,0,117
AGT002,2025-10-21,450,0,122
AGT003,2025-10-21,480,0,91
AGT004,2025-10-21,480,0,75
AGT005,2025-10-21,450,0,82
AGT007,2025-10-21,450,0,114
AGT008,2025-10-21,480,0,114
AGT009,2025-10-21,480,0,100
AGT010,2025-10-21,480,0,132
AGT011,2025-10-21,480,0,101
AGT013,2025-10-21,480,0,117
AGT014,2025-10-21,510,0,98
AGT015,2025-10-21,480,0,116
AGT016,2025-10-21,480,0,98
AGT017,2025-10-21,450,0,68
AGT001,2025-10-22,480,0,101
AGT002,2025-10-22,0,0,0
AGT003,2025-10-22,480,0,119
AGT004,2025-10-22,480,0,104
AGT005,2025-10-22,480,0,105
AGT007,2025-10-22,0,0,0
AGT008,2025-10-22,480,0,85
AGT009,2025-10-22,480,0,77
AGT010,2025-10-22,480,0,129
AGT011,2025-10-22,450,0,119
AGT013,2025-10-22,480,0,108
AGT014,2025-10-22,450,0,91
AGT015,2025-10-22,480,0,75
AGT016,2025-10-22,480,0,97
AGT017,2025-10-22,450,0,98
AGT001,2025-10-23,0,0,0
AGT002,2025-10-23,0,0,0
AGT003,2025-10-23,480,0,97
AGT004,2025-10-23,480,0,88
AGT005,2025-10-23,480,0,126
AGT007,2025-10-23,480,0,105
AGT008,2025-10-23,480,60,124
AGT009,2025-10-23,480,0,98
AGT010,2025-10-23,0,0,0
AGT011,2025-10-23,480,0,116
AGT013,2025-10-23,480,0,111
AGT014,2025-10-23,480,0,122
AGT015,2025-10-23,480,0,116
AGT016,2025-10-23,450,0,101
AGT017,2025-10-23,480,0,127
AGT001,2025-10-24,480,0,127
AGT002,2025-10-24,480,0,107
AGT003,2025-10-24,480,0,73
AGT004,2025-10-24,480,0,95
AGT005,2025-10-24,450,0,85
AGT007,2025-10-24,480,0,132
AGT008,2025-10-24,480,0,112
AGT009,2025-10-24,480,0,92
AGT010,2025-10-24,480,0,74
AGT011,2025-10-24,510,0,118
AGT013,2025-10-24,450,0,80
AGT014,2025-10-24,480,0,132
AGT015,2025-10-24,510,0,103
AGT016,2025-10-24,480,0,100
AGT017,2025-10-24,480,0,93
AGT001,2025-10-25,480,0,91
AGT002,2025-10-25,0,0,0
AGT003,2025-10-25,480,0,99
AGT004,2025-10-25,0,0,0
AGT005,2025-10-25,0,0,0
AGT007,2025-10-25,480,0,76
AGT008,2025-10-25,0,0,0
AGT009,2025-10-25,480,0,86
AGT010,2025-10-25,0,0,0
AGT011,2025-10-25,0,0,0
AGT013,2025-10-25,0,0,0
AGT014,2025-10-25,0,0,0
AGT015,2025-10-25,480,0,104
AGT016,2025-10-25,0,0,0
AGT017,2025-10-25,510,0,82
AGT001,2025-10-26,0,0,0
AGT002,2025-10-26,480,0,132
AGT003,2025-10-26,0,0,0
AGT004,2025-10-26,0,0,0
AGT005,2025-10-26,480,0,96
AGT007,2025-10-26,0,0,0
AGT008,2025-10-26,510,0,102
AGT009,2025-10-26,0,0,0
AGT010,2025-10-26,0,0,0
AGT011,2025-10-26,480,0,89
AGT013,2025-10-26,480,0,132
AGT014,2025-10-26,0,0,0
AGT015,2025-10-26,480,0,85
AGT016,2025-10-26,0,0,0
AGT017,2025-10-26,0,0,0
AGT001,2025-10-27,0,0,0
AGT002,2025-10-27,450,0,119
AGT003,2025-10-27,0,0,0
AGT004,2025-10-27,480,0,77
AGT005,2025-10-27,510,0,139
AGT007,2025-10-27,450,0,104
AGT008,2025-10-27,450,0,117
AGT009,2025-10-27,0,0,0
AGT011,2025-10-27,510,0,121
AGT013,2025-10-27,480,0,92
AGT014,2025-10-27,480,0,98
AGT015,2025-10-27,480,0,87
AGT016,2025-10-27,450,0,86
AGT017,2025-10-27,480,0,121
AGT001,2025-10-28,480,0,92
AGT002,2025-10-28,480,0,132
AGT003,2025-10-28,480,0,87
AGT004,2025-10-28,450,0,122
AGT005,2025-10-28,480,0,73
AGT007,2025-10-28,480,0,118
AGT008,2025-10-28,480,0,82
AGT009,2025-10-28,480,0,119
AGT010,2025-10-28,480,480,0
AGT011,2025-10-28,0,0,0
AGT013,2025-10-28,0,0,0
AGT014,2025-10-28,480,0,84
AGT015,2025-10-28,0,0,0
AGT016,2025-10-28,450,0,79
AGT017,2025-10-28,480,0,112
AGT001,2025-10-29,510,0,108
AGT002,2025-10-29,450,0,86
AGT003,2025-10-29,510,0,82
AGT004,2025-10-29,480,0,126
AGT005,2025-10-29,480,0,119
AGT007,2025-10-29,480,0,116
AGT008,2025-10-29,480,0,134
AGT009,2025-10-29,480,0,84
AGT010,2025-10-29,450,0,112
AGT011,2025-10-29,480,0,127
AGT013,2025-10-29,480,0,99
AGT014,2025-10-29,510,0,127
AGT015,2025-10-29,480,0,101
AGT016,2025-10-29,480,480,0
AGT017,2025-10-29,0,0,0
AGT001,2025-10-30,0,0,0
AGT002,2025-10-30,480,0,116
AGT003,2025-10-30,450,120,112
AGT004,2025-10-30,480,0,100
AGT005,2025-10-30,480,0,118
AGT007,2025-10-30,480,0,134
AGT008,2025-10-30,480,0,80
AGT009,2025-10-30,480,0,93
AGT010,2025-10-30,480,0,110
AGT011,2025-10-30,480,0,83
AGT013,2025-10-30,480,0,121
AGT014,2025-10-30,480,480,0
AGT015,2025-10-30,480,0,105
AGT016,2025-10-30,510,0,103
AGT017,2025-10-30,450,0,120
AGT001,2025-10-31,480,0,78
AGT002,2025-10-31,510,0,140
AGT003,2025-10-31,0,0,0
AGT004,2025-10-31,480,0,126
AGT005,2025-10-31,480,0,107
AGT007,2025-10-31,480,0,134
AGT008,2025-10-31,480,0,92
AGT009,2025-10-31,480,0,86
AGT010,2025-10-31,0,0,0
AGT011,2025-10-31,480,480,0
AGT013,2025-10-31,0,0,0
AGT014,2025-10-31,480,0,102
AGT015,2025-10-31,510,0,139
AGT016,2025-10-31,0,0,0
AGT017,2025-10-31,480,0,131
AGT001,2025-11-01,480,0,116
AGT002,2025-11-01,480,0,123
AGT003,2025-11-01,480,30,134
AGT004,2025-11-01,0,0,0
AGT005,2025-11-01,0,0,0
AGT007,2025-11-01,0,0,0
AGT008,2025-11-01,0,0,0
AGT009,2025-11-01,0,0,0
AGT010,2025-11-01,480,0,87
AGT011,2025-11-01,480,0,124
AGT013,2025-11-01,480,0,86
AGT014,2025-11-01,0,0,0
AGT015,2025-11-01,480,0,129
AGT016,2025-11-01,480,0,109
AGT017,2025-11-01,0,0,0
AGT001,2025-11-02,0,0,0
AGT002,2025-11-02,480,0,114
AGT003,2025-11-02,480,0,118
AGT004,2025-11-02,0,0,0
AGT005,2025-11-02,510,0,123
AGT007,2025-11-02,480,0,73
AGT008,2025-11-02,0,0,0
AGT009,2025-11-02,480,0,94
AGT010,2025-11-02,0,0,0
AGT011,2025-11-02,480,0,107
AGT013,2025-11-02,0,0,0
AGT014,2025-11-02,480,0,76
AGT015,2025-11-02,0,0,0
AGT016,2025-11-02,480,0,87
AGT017,2025-11-02,0,0,0
AGT001,2025-11-03,480,0,126
AGT002,2025-11-03,0,0,0
AGT003,2025-11-03,480,0,114
AGT004,2025-11-03,480,0,105
AGT005,2025-11-03,450,0,94
AGT007,2025-11-03,450,0,74
AGT008,2025-11-03,510,0,133
AGT009,2025-11-03,480,0,82
AGT010,2025-11-03,480,0,112
AGT011,2025-11-03,480,0,73
AGT013,2025-11-03,480,0,117
AGT014,2025-11-03,510,0,113
AGT015,2025-11-03,450,0,120
AGT016,2025-11-03,480,0,108
AGT017,2025-11-03,0,0,0
AGT001,2025-11-04,480,0,122
AGT002,2025-11-04,480,0,85
AGT003,2025-11-04,480,0,97
AGT004,2025-11-04,480,0,132
AGT005,2025-11-04,480,120,89
AGT007,2025-11-04,450,0,89
AGT008,2025-11-04,480,60,119
AGT009,2025-11-04,510,0,94
AGT010,2025-11-04,480,0,125
AGT011,2025-11-04,480,480,0
AGT013,2025-11-04,480,480,0
AGT014,2025-11-04,0,0,0
AGT015,2025-11-04,480,0,118
AGT016,2025-11-04,480,0,107
AGT017,2025-11-04,480,0,76
AGT001,2025-11-05,450,0,114
AGT002,2025-11-05,0,0,0
AGT003,2025-11-05,480,0,121
AGT004,2025-11-05,480,0,134
AGT005,2025-11-05,480,0,93
AGT007,2025-11-05,480,0,114
AGT008,2025-11-05,480,0,126
AGT009,2025-11-05,480,0,94
AGT010,2025-11-05,480,0,81
AGT011,2025-11-05,480,0,134
AGT013,2025-11-05,510,0,120
AGT014,2025-11-05,480,0,113
AGT015,2025-11-05,0,0,0
AGT016,2025-11-05,510,0,89
AGT017,2025-11-05,480,0,72
AGT001,2025-11-06,0,0,0
AGT002,2025-11-06,450,0,83
AGT003,2025-11-06,480,0,90
AGT004,2025-11-06,450,0,118
AGT005,2025-11-06,510,0,133
AGT007,2025-11-06,510,0,119
AGT008,2025-11-06,480,0,107
AGT009,2025-11-06,480,0,121
AGT010,2025-11-06,510,0,137
AGT011,2025-11-06,480,0,82
AGT013,2025-11-06,0,0,0
AGT014,2025-11-06,510,0,133
AGT015,2025-11-06,0,0,0
AGT016,2025-11-06,450,0,84
AGT017,2025-11-06,510,0,99
AGT001,2025-11-07,480,0,109
AGT002,2025-11-07,480,0,96
AGT003,2025-11-07,480,0,113
AGT004,2025-11-07,480,0,109
AGT005,2025-11-07,480,0,118
AGT007,2025-11-07,480,30,126
AGT008,2025-11-07,510,0,93
AGT009,2025-11-07,480,0,117
AGT010,2025-11-07,0,0,0
AGT011,2025-11-07,480,0,123
AGT013,2025-11-07,480,0,80
AGT014,2025-11-07,0,0,0
AGT015,2025-11-07,450,0,115
AGT016,2025-11-07,480,0,121
AGT017,2025-11-07,450,0,110
AGT001,2025-11-08,480,0,121
AGT002,2025-11-08,0,0,0
AGT003,2025-11-08,0,0,0
AGT004,2025-11-08,510,0,79
AGT005,2025-11-08,480,0,93
AGT007,2025-11-08,480,0,124
AGT008,2025-11-08,0,0,0
AGT009,2025-11-08,0,0,0
AGT010,2025-11-08,0,0,0
AGT011,2025-11-08,480,0,111
AGT013,2025-11-08,480,480,0
AGT014,2025-11-08,480,0,114
AGT015,2025-11-08,0,0,0
AGT016,2025-11-08,0,0,0
AGT017,2025-11-08,0,0,0
AGT001,2025-11-09,480,0,101
AGT002,2025-11-09,450,0,75
AGT003,2025-11-09,0,0,0
AGT004,2025-11-09,480,0,101
AGT005,2025-11-09,480,0,107
AGT007,2025-11-09,480,0,93
AGT008,2025-11-09,450,0,123
AGT009,2025-11-09,480,0,102
AGT010,2025-11-09,480,0,112
AGT011,2025-11-09,480,0,109
AGT013,2025-11-09,0,0,0
AGT014,2025-11-09,0,0,0
AGT015,2025-11-09,480,0,122
AGT016,2025-11-09,480,0,115
AGT017,2025-11-09,0,0,0
AGT018,2025-11-09,480,0,76
AGT001,2025-11-10,480,0,81
AGT002,2025-11-10,480,0,82
AGT003,2025-11-10,510,0,96
AGT004,2025-11-10,480,0,121
AGT005,2025-11-10,480,0,113
AGT007,2025-11-10,480,0,113
AGT008,2025-11-10,480,0,114
AGT009,2025-11-10,480,0,113
AGT010,2025-11-10,510,0,135
AGT011,2025-11-10,0,0,0
AGT013,2025-11-10,480,0,115
AGT014,2025-11-10,480,0,118
AGT015,2025-11-10,480,60,72
AGT016,2025-11-10,480,0,85
AGT017,2025-11-10,480,480,0
AGT018,2025-11-10,510,0,138
AGT001,2025-11-11,480,0,81
AGT002,2025-11-11,450,30,109
AGT003,2025-11-11,0,0,0
AGT004,2025-11-11,510,0,107
AGT005,2025-11-11,480,0,89
AGT007,2025-11-11,480,0,83
AGT008,2025-11-11,480,0,115
AGT009,2025-11-11,0,0,0
AGT010,2025-11-11,480,0,90
AGT011,2025-11-11,480,0,81
AGT013,2025-11-11,480,0,101
AGT014,2025-11-11,510,0,131
AGT015,2025-11-11,480,0,113
AGT016,2025-11-11,450,0,101
AGT017,2025-11-11,450,0,69
AGT018,2025-11-11,480,0,76
AGT001,2025-11-12,0,0,0
AGT002,2025-11-12,480,0,122
AGT003,2025-11-12,0,0,0
AGT004,2025-11-12,480,0,105
AGT005,2025-11-12,450,0,70
AGT007,2025-11-12,480,0,115
AGT008,2025-11-12,480,0,120
AGT009,2025-11-12,0,0,0
AGT010,2025-11-12,480,0,115
AGT011,2025-11-12,0,0,0
AGT013,2025-11-12,450,60,89
AGT014,2025-11-12,480,0,101
AGT015,2025-11-12,510,120,125
AGT016,2025-11-12,450,0,70
AGT017,2025-11-12,0,0,0
AGT018,2025-11-12,480,60,92
AGT001,2025-11-13,480,0,117
AGT002,2025-11-13,450,0,68
AGT003,2025-11-13,0,0,0
AGT004,2025-11-13,480,0,82
AGT005,2025-11-13,480,0,78
AGT007,2025-11-13,480,0,122
AGT008,2025-11-13,0,0,0
AGT009,2025-11-13,480,0,97
AGT010,2025-11-13,0,0,0
AGT011,2025-11-13,450,0,86
AGT012,2025-11-13,510,0,80
AGT013,2025-11-13,480,30,131
AGT014,2025-11-13,480,0,100
AGT015,2025-11-13,510,0,136
AGT016,2025-11-13,480,60,84
AGT017,2025-11-13,480,0,110
AGT018,2025-11-13,450,0,79
AGT001,2025-11-14,0,0,0
AGT002,2025-11-14,510,0,127
AGT003,2025-11-14,480,0,121
AGT004,2025-11-14,480,0,91
AGT005,2025-11-14,480,0,106
AGT007,2025-11-14,480,0,85
AGT008,2025-11-14,480,0,131
AGT009,2025-11-14,480,0,104
AGT010,2025-11-14,0,0,0
AGT011,2025-11-14,480,0,106
AGT012,2025-11-14,480,0,128
AGT013,2025-11-14,0,0,0
AGT014,2025-11-14,480,0,118
AGT015,2025-11-14,480,0,125
AGT016,2025-11-14,480,0,77
AGT017,2025-11-14,480,0,101
AGT018,2025-11-14,450,0,111
AGT001,2025-11-15,0,0,0
AGT002,2025-11-15,480,0,110
AGT003,2025-11-15,0,0,0
AGT004,2025-11-15,510,0,133
AGT005,2025-11-15,450,0,123
AGT007,2025-11-15,0,0,0
AGT008,2025-11-15,0,0,0
AGT009,2025-11-15,510,0,106
AGT010,2025-11-15,0,0,0
AGT011,2025-11-15,480,0,111
AGT012,2025-11-15,0,0,0
AGT013,2025-11-15,0,0,0
AGT014,2025-11-15,480,0,122
AGT015,2025-11-15,480,0,125
AGT016,2025-11-15,0,0,0
AGT017,2025-11-15,0,0,0
AGT018,2025-11-15,480,0,131
AGT001,2025-11-16,510,0,77
AGT002,2025-11-16,480,0,106
AGT003,2025-11-16,0,0,0
AGT004,2025-11-16,480,0,90
AGT005,2025-11-16,0,0,0
AGT007,2025-11-16,480,480,0
AGT008,2025-11-16,0,0,0
AGT009,2025-11-16,480,0,106
AGT010,2025-11-16,0,0,0
AGT011,2025-11-16,0,0,0
AGT012,2025-11-16,480,0,110
AGT013,2025-11-16,480,0,86
AGT014,2025-11-16,480,0,118
AGT015,2025-11-16,0,0,0
AGT016,2025-11-16,0,0,0
AGT017,2025-11-16,480,0,113
AGT018,2025-11-16,480,60,95
AGT001,2025-11-17,480,0,125
AGT002,2025-11-17,0,0,0
AGT003,2025-11-17,480,0,87
AGT004,2025-11-17,0,0,0
AGT005,2025-11-17,480,0,82
AGT007,2025-11-17,0,0,0
AGT008,2025-11-17,0,0,0
AGT009,2025-11-17,480,0,80
AGT010,2025-11-17,480,0,83
AGT011,2025-11-17,480,0,91
AGT012,2025-11-17,480,0,134
AGT013,2025-11-17,480,120,98
AGT014,2025-11-17,480,0,123
AGT015,2025-11-17,480,0,99
AGT016,2025-11-17,480,0,78
AGT017,2025-11-17,480,0,106
AGT018,2025-11-17,0,0,0
AGT001,2025-11-18,450,0,89
AGT002,2025-11-18,0,0,0
AGT003,2025-11-18,450,0,112
AGT004,2025-11-18,480,0,92
AGT005,2025-11-18,480,0,91
AGT007,2025-11-18,450,0,103
AGT008,2025-11-18,0,0,0
AGT009,2025-11-18,480,0,98
AGT010,2025-11-18,450,0,76
AGT011,2025-11-18,450,0,121
AGT012,2025-11-18,0,0,0
AGT013,2025-11-18,480,0,124
AGT014,2025-11-18,480,0,116
AGT015,2025-11-18,480,0,80
AGT016,2025-11-18,480,0,86
AGT017,2025-11-18,480,0,94
AGT018,2025-11-18,480,0,127
AGT001,2025-11-19,480,480,0
AGT002,2025-11-19,480,0,97
AGT003,2025-11-19,480,30,110
AGT004,2025-11-19,480,60,88
AGT005,2025-11-19,480,0,103
AGT007,2025-11-19,480,0,131
AGT008,2025-11-19,480,0,106
AGT009,2025-11-19,480,0,119
AGT010,2025-11-19,450,0,68
AGT011,2025-11-19,480,0,103
AGT012,2025-11-19,480,0,83
AGT013,2025-11-19,480,0,96
AGT014,2025-11-19,450,0,92
AGT015,2025-11-19,480,0,84
AGT016,2025-11-19,450,0,71
AGT017,2025-11-19,480,0,113
AGT018,2025-11-19,480,0,81
AGT001,2025-11-20,480,0,85
AGT002,2025-11-20,480,0,91
AGT003,2025-11-20,480,0,81
AGT004,2025-11-20,480,0,74
AGT005,2025-11-20,480,0,133
AGT007,2025-11-20,510,0,114
AGT008,2025-11-20,480,0,92
AGT009,2025-11-20,480,0,102
AGT010,2025-11-20,480,0,103
AGT011,2025-11-20,0,0,0
AGT012,2025-11-20,480,0,118
AGT013,2025-11-20,450,60,102
AGT014,2025-11-20,480,0,104
AGT015,2025-11-20,0,0,0
AGT016,2025-11-20,450,0,94
AGT017,2025-11-20,480,0,95
AGT018,2025-11-20,480,0,133
AGT001,2025-11-21,0,0,0
AGT002,2025-11-21,480,0,122
AGT003,2025-11-21,450,0,107
AGT004,2025-11-21,480,0,82
AGT005,2025-11-21,480,0,87
AGT007,2025-11-21,480,0,133
AGT008,2025-11-21,480,0,97
AGT009,2025-11-21,480,0,97
AGT010,2025-11-21,480,480,0
AGT011,2025-11-21,480,0,125
AGT012,2025-11-21,480,0,92
AGT013,2025-11-21,480,0,99
AGT014,2025-11-21,480,0,124
AGT015,2025-11-21,480,0,110
AGT016,2025-11-21,480,0,103
AGT017,2025-11-21,480,480,0
AGT018,2025-11-21,480,0,123
AGT001,2025-11-22,480,0,113
AGT002,2025-11-22,480,0,99
AGT003,2025-11-22,0,0,0
AGT004,2025-11-22,450,0,89
AGT005,2025-11-22,480,0,91
AGT007,2025-11-22,0,0,0
AGT008,2025-11-22,450,0,122
AGT009,2025-11-22,0,0,0
AGT010,2025-11-22,480,0,73
AGT011,2025-11-22,0,0,0
AGT012,2025-11-22,0,0,0
AGT013,2025-11-22,0,0,0
AGT014,2025-11-22,510,0,78
AGT015,2025-11-22,510,0,139
AGT016,2025-11-22,0,0,0
AGT017,2025-11-22,480,0,115
AGT018,2025-11-22,0,0,0
AGT001,2025-11-23,450,0,96
AGT002,2025-11-23,480,0,119
AGT003,2025-11-23,0,0,0
AGT004,2025-11-23,0,0,0
AGT005,2025-11-23,0,0,0
AGT007,2025-11-23,480,0,96
AGT008,2025-11-23,0,0,0
AGT009,2025-11-23,0,0,0
AGT010,2025-11-23,0,0,0
AGT011,2025-11-23,0,0,0
AGT012,2025-11-23,480,0,99
AGT013,2025-11-23,480,0,107
AGT014,2025-11-23,480,0,77
AGT015,2025-11-23,450,0,70
AGT016,2025-11-23,480,0,72
AGT017,2025-11-23,0,0,0
AGT018,2025-11-23,480,0,127
AGT001,2025-11-24,480,0,75
AGT002,2025-11-24,0,0,0
AGT003,2025-11-24,480,0,112
AGT004,2025-11-24,480,0,95
AGT005,2025-11-24,450,0,121
AGT007,2025-11-24,480,0,77
AGT008,2025-11-24,480,0,125
AGT009,2025-11-24,480,0,114
AGT010,2025-11-24,510,0,98
AGT011,2025-11-24,480,0,121
AGT012,2025-11-24,0,0,0
AGT013,2025-11-24,0,0,0
AGT014,2025-11-24,480,0,125
AGT015,2025-11-24,510,0,135
AGT016,2025-11-24,510,0,138
AGT017,2025-11-24,0,0,0
AGT018,2025-11-24,510,0,87
AGT001,2025-11-25,480,0,129
AGT002,2025-11-25,450,0,87
AGT003,2025-11-25,480,0,99
AGT004,2025-11-25,480,0,120
AGT005,2025-11-25,480,0,124
AGT007,2025-11-25,0,0,0
AGT008,2025-11-25,480,0,75
AGT009,2025-11-25,480,0,96
AGT010,2025-11-25,480,0,110
AGT011,2025-11-25,480,0,124
AGT012,2025-11-25,480,0,105
AGT013,2025-11-25,0,0,0
AGT014,2025-11-25,480,0,76
AGT015,2025-11-25,0,0,0
AGT016,2025-11-25,480,0,98
AGT017,2025-11-25,480,0,117
AGT018,2025-11-25,450,30,69
AGT001,2025-11-26,480,0,92
AGT002,2025-11-26,510,0,80
AGT003,2025-11-26,480,0,89
AGT004,2025-11-26,0,0,0
AGT005,2025-11-26,0,0,0
AGT007,2025-11-26,510,120,110
AGT008,2025-11-26,450,0,80
AGT009,2025-11-26,480,0,72
AGT010,2025-11-26,480,0,126
AGT011,2025-11-26,480,0,124
AGT012,2025-11-26,480,0,115
AGT013,2025-11-26,0,0,0
AGT014,2025-11-26,480,0,87
AGT015,2025-11-26,0,0,0
AGT016,2025-11-26,480,0,108
AGT017,2025-11-26,480,0,81
AGT018,2025-11-26,450,0,97
AGT001,2025-11-27,480,0,128
AGT002,2025-11-27,0,0,0
AGT003,2025-11-27,510,0,121
AGT004,2025-11-27,480,0,75
AGT005,2025-11-27,450,120,120
AGT007,2025-11-27,480,0,80
AGT008,2025-11-27,480,0,110
AGT009,2025-11-27,480,0,127
AGT010,2025-11-27,0,0,0
AGT011,2025-11-27,0,0,0
AGT012,2025-11-27,480,0,90
AGT013,2025-11-27,480,120,92
AGT014,2025-11-27,480,0,90
AGT015,2025-11-27,480,0,123
AGT016,2025-11-27,480,0,100
AGT017,2025-11-27,480,0,73
AGT018,2025-11-27,0,0,0
AGT001,2025-11-28,480,0,73
AGT002,2025-11-28,480,60,123
AGT003,2025-11-28,480,0,126
AGT004,2025-11-28,480,0,104
AGT005,2025-11-28,480,0,116
AGT007,2025-11-28,480,0,100
AGT008,2025-11-28,480,0,123
AGT009,2025-11-28,480,0,82
AGT010,2025-11-28,0,0,0
AGT011,2025-11-28,0,0,0
AGT012,2025-11-28,0,0,0
AGT013,2025-11-28,480,0,96
AGT014,2025-11-28,480,0,110
AGT015,2025-11-28,480,0,102
AGT016,2025-11-28,0,0,0
AGT017,2025-11-28,480,0,74
AGT018,2025-11-28,480,0,90
AGT001,2025-11-29,480,0,120
AGT002,2025-11-29,480,0,105
AGT003,2025-11-29,0,0,0
AGT004,2025-11-29,480,30,131
AGT005,2025-11-29,0,0,0
AGT007,2025-11-29,450,0,106
AGT008,2025-11-29,0,0,0
AGT009,2025-11-29,480,0,77
AGT010,2025-11-29,480,0,100
AGT011,2025-11-29,510,0,141
AGT012,2025-11-29,510,30,124
AGT013,2025-11-29,480,0,89
AGT014,2025-11-29,0,0,0
AGT015,2025-11-29,510,0,139
AGT016,2025-11-29,480,0,122
AGT017,2025-11-29,0,0,0
AGT018,2025-11-29,480,0,106
AGT001,2025-11-30,0,0,0
AGT002,2025-11-30,480,0,82
AGT003,2025-11-30,480,0,101
AGT004,2025-11-30,510,0,104
AGT005,2025-11-30,510,0,124
AGT007,2025-11-30,480,0,91
AGT008,2025-11-30,480,0,92
AGT009,2025-11-30,0,0,0
AGT010,2025-11-30,0,0,0
AGT011,2025-11-30,480,0,84
AGT012,2025-11-30,0,0,0
AGT013,2025-11-30,480,0,131
AGT014,2025-11-30,0,0,0
AGT015,2025-11-30,480,60,78
AGT016,2025-11-30,480,0,79
AGT017,2025-11-30,480,0,98
AGT018,2025-11-30,0,0,0
AGT001,2025-12-01,480,0,94
AGT002,2025-12-01,480,0,103
AGT003,2025-12-01,480,120,105
AGT004,2025-12-01,0,0,0
AGT005,2025-12-01,480,0,89
AGT007,2025-12-01,480,0,87
AGT008,2025-12-01,510,0,122
AGT009,2025-12-01,480,0,114
AGT010,2025-12-01,480,0,133
AGT011,2025-12-01,480,0,73
AGT012,2025-12-01,510,0,90
AGT013,2025-12-01,480,0,121
AGT014,2025-12-01,480,0,76
AGT015,2025-12-01,0,0,0
AGT016,2025-12-01,480,120,115
AGT017,2025-12-01,450,0,120
AGT018,2025-12-01,450,0,109
AGT001,2025-12-02,0,0,0
AGT002,2025-12-02,480,0,75
AGT003,2025-12-02,480,0,101
AGT004,2025-12-02,480,0,121
AGT005,2025-12-02,480,0,117
AGT007,2025-12-02,480,0,108
AGT008,2025-12-02,480,0,85
AGT009,2025-12-02,0,0,0
AGT010,2025-12-02,480,480,0
AGT011,2025-12-02,480,0,134
AGT012,2025-12-02,0,0,0
AGT013,2025-12-02,480,0,115
AGT014,2025-12-02,480,0,124
AGT015,2025-12-02,480,0,82
AGT016,2025-12-02,480,0,105
AGT017,2025-12-02,480,0,105
AGT018,2025-12-02,480,0,80
AGT001,2025-12-03,450,0,84
AGT002,2025-12-03,480,0,130
AGT003,2025-12-03,480,0,85
AGT004,2025-12-03,450,0,122
AGT005,2025-12-03,480,0,79
AGT007,2025-12-03,510,0,112
AGT008,2025-12-03,0,0,0
AGT009,2025-12-03,480,0,89
AGT010,2025-12-03,480,0,120
AGT011,2025-12-03,450,0,90
AGT012,2025-12-03,510,0,91
AGT013,2025-12-03,510,0,134
AGT014,2025-12-03,480,0,99
AGT015,2025-12-03,450,0,93
AGT016,2025-12-03,480,0,124
AGT017,2025-12-03,480,0,93
AGT018,2025-12-03,0,0,0
AGT001,2025-12-04,480,0,87
AGT002,2025-12-04,510,0,129
AGT003,2025-12-04,480,0,83
AGT004,2025-12-04,450,0,77
AGT005,2025-12-04,480,0,81
AGT007,2025-12-04,480,0,96
AGT008,2025-12-04,480,0,82
AGT009,2025-12-04,480,0,83
AGT010,2025-12-04,480,0,90
AGT011,2025-12-04,480,0,121
AGT012,2025-12-04,480,0,124
AGT013,2025-12-04,480,0,113
AGT014,2025-12-04,450,0,101
AGT015,2025-12-04,480,0,102
AGT016,2025-12-04,480,0,134
AGT017,2025-12-04,0,0,0
AGT018,2025-12-04,480,0,132
AGT001,2025-12-05,510,0,143
AGT002,2025-12-05,0,0,0
AGT003,2025-12-05,450,0,82
AGT004,2025-12-05,510,0,79
AGT005,2025-12-05,480,0,90
AGT007,2025-12-05,480,0,73
AGT008,2025-12-05,450,0,115
AGT009,2025-12-05,480,0,134
AGT010,2025-12-05,480,0,103
AGT011,2025-12-05,450,0,97
AGT012,2025-12-05,480,0,76
AGT013,2025-12-05,0,0,0
AGT014,2025-12-05,510,0,139
AGT015,2025-12-05,0,0,0
AGT016,2025-12-05,0,0,0
AGT017,2025-12-05,480,120,102
AGT018,2025-12-05,480,0,133
AGT001,2025-12-06,480,0,80
AGT002,2025-12-06,0,0,0
AGT003,2025-12-06,480,0,111
AGT004,2025-12-06,0,0,0
AGT005,2025-12-06,480,0,95
AGT007,2025-12-06,0,0,0
AGT008,2025-12-06,0,0,0
AGT009,2025-12-06,0,0,0
AGT010,2025-12-06,0,0,0
AGT011,2025-12-06,480,0,98
AGT012,2025-12-06,480,0,99
AGT013,2025-12-06,480,0,80
AGT014,2025-12-06,480,0,97
AGT015,2025-12-06,0,0,0
AGT016,2025-12-06,0,0,0
AGT017,2025-12-06,0,0,0
AGT018,2025-12-06,0,0,0
AGT001,2025-12-07,480,0,103
AGT002,2025-12-07,0,0,0
AGT003,2025-12-07,0,0,0
AGT004,2025-12-07,450,0,104
AGT005,2025-12-07,0,0,0
AGT007,2025-12-07,0,0,0
AGT008,2025-12-07,0,0,0
AGT009,2025-12-07,510,0,119
AGT010,2025-12-07,0,0,0
AGT011,2025-12-07,480,0,87
AGT012,2025-12-07,0,0,0
AGT013,2025-12-07,480,0,125
AGT014,2025-12-07,480,120,114
AGT015,2025-12-07,0,0,0
AGT016,2025-12-07,480,0,120
AGT017,2025-12-07,480,0,82
AGT018,2025-12-07,480,0,107
AGT001,2025-12-08,480,0,89
AGT002,2025-12-08,480,60,106
AGT003,2025-12-08,0,0,0
AGT004,2025-12-08,480,0,99
AGT005,2025-12-08,480,0,119
AGT007,2025-12-08,480,120,97
AGT008,2025-12-08,0,0,0
AGT009,2025-12-08,0,0,0
AGT010,2025-12-08,480,0,79
AGT011,2025-12-08,480,0,97
AGT012,2025-12-08,450,0,87
AGT013,2025-12-08,480,0,89
AGT014,2025-12-08,510,0,86
AGT015,2025-12-08,480,0,113
AGT016,2025-12-08,0,0,0
AGT017,2025-12-08,0,0,0
AGT018,2025-12-08,0,0,0
AGT001,2025-12-09,0,0,0
AGT002,2025-12-09,0,0,0
AGT003,2025-12-09,480,0,78
AGT004,2025-12-09,480,0,119
AGT005,2025-12-09,480,0,126
AGT007,2025-12-09,0,0,0
AGT008,2025-12-09,480,0,86
AGT009,2025-12-09,0,0,0
AGT010,2025-12-09,450,0,124
AGT011,2025-12-09,450,0,99
AGT012,2025-12-09,480,0,91
AGT013,2025-12-09,450,0,83
AGT014,2025-12-09,480,0,117
AGT015,2025-12-09,480,0,87
AGT016,2025-12-09,480,0,72
AGT017,2025-12-09,510,0,138
AGT018,2025-12-09,450,0,113
AGT001,2025-12-10,450,0,83
AGT002,2025-12-10,450,0,123
AGT003,2025-12-10,510,0,82
AGT004,2025-12-10,0,0,0
AGT005,2025-12-10,450,0,85
AGT007,2025-12-10,0,0,0
AGT008,2025-12-10,480,0,122
AGT009,2025-12-10,480,0,87
AGT010,2025-12-10,0,0,0
AGT011,2025-12-10,480,0,111
AGT012,2025-12-10,480,0,133
AGT013,2025-12-10,480,0,95
AGT014,2025-12-10,510,0,102
AGT015,2025-12-10,510,0,81
AGT016,2025-12-10,480,0,114
AGT017,2025-12-10,480,0,102
AGT018,2025-12-10,480,0,121
AGT001,2025-12-11,480,0,119
AGT002,2025-12-11,480,0,121
AGT003,2025-12-11,480,0,118
AGT004,2025-12-11,480,0,82
AGT005,2025-12-11,480,0,112
AGT007,2025-12-11,480,0,109
AGT008,2025-12-11,480,0,130
AGT009,2025-12-11,0,0,0
AGT010,2025-12-11,510,120,96
AGT011,2025-12-11,480,0,103
AGT012,2025-12-11,480,0,114
AGT013,2025-12-11,480,0,119
AGT014,2025-12-11,480,0,114
AGT015,2025-12-11,0,0,0
AGT016,2025-12-11,480,0,90
AGT017,2025-12-11,480,0,102
AGT018,2025-12-11,450,0,104
AGT001,2025-12-12,480,60,118
AGT002,2025-12-12,450,0,102
AGT003,2025-12-12,480,0,81
AGT004,2025-12-12,480,0,90
AGT005,2025-12-12,510,0,100
AGT007,2025-12-12,480,0,122
AGT008,2025-12-12,480,0,109
AGT009,2025-12-12,0,0,0
AGT010,2025-12-12,450,0,112
AGT011,2025-12-12,450,0,76
AGT012,2025-12-12,480,0,98
AGT013,2025-12-12,0,0,0
AGT014,2025-12-12,480,0,73
AGT015,2025-12-12,0,0,0
AGT016,2025-12-12,480,0,128
AGT017,2025-12-12,480,0,96
AGT018,2025-12-12,510,0,102
AGT001,2025-12-13,480,0,86
AGT002,2025-12-13,0,0,0
AGT003,2025-12-13,480,0,87
AGT004,2025-12-13,480,0,117
AGT005,2025-12-13,480,0,72
AGT007,2025-12-13,480,0,96
AGT008,2025-12-13,0,0,0
AGT009,2025-12-13,450,0,91
AGT010,2025-12-13,480,0,120
AGT012,2025-12-13,480,0,72
AGT013,2025-12-13,0,0,0
AGT014,2025-12-13,0,0,0
AGT015,2025-12-13,0,0,0
AGT016,2025-12-13,0,0,0
AGT017,2025-12-13,480,0,87
AGT018,2025-12-13,480,0,91
AGT001,2025-12-14,0,0,0
AGT002,2025-12-14,450,0,99
AGT003,2025-12-14,0,0,0
AGT004,2025-12-14,0,0,0
AGT005,2025-12-14,480,0,112
AGT007,2025-12-14,450,0,109
AGT008,2025-12-14,480,0,91
AGT009,2025-12-14,0,0,0
AGT010,2025-12-14,450,0,88
AGT011,2025-12-14,0,0,0
AGT012,2025-12-14,480,0,79
AGT013,2025-12-14,0,0,0
AGT014,2025-12-14,0,0,0
AGT015,2025-12-14,0,0,0
AGT016,2025-12-14,480,0,106
AGT017,2025-12-14,480,0,124
AGT018,2025-12-14,450,0,75
AGT001,2025-12-15,480,0,73
AGT002,2025-12-15,480,0,109
AGT003,2025-12-15,480,0,117
AGT004,2025-12-15,510,0,97
AGT005,2025-12-15,450,0,79
AGT007,2025-12-15,480,0,125
AGT008,2025-12-15,480,0,78
AGT009,2025-12-15,450,60,111
AGT010,2025-12-15,480,0,100
AGT011,2025-12-15,480,0,111
AGT012,2025-12-15,480,0,122
AGT013,2025-12-15,480,0,99
AGT014,2025-12-15,450,0,86
AGT015,2025-12-15,450,0,121
AGT016,2025-12-15,510,0,143
AGT017,2025-12-15,480,0,114
AGT018,2025-12-15,480,0,86
AGT001,2025-12-16,0,0,0
AGT002,2025-12-16,480,0,131
AGT003,2025-12-16,480,0,86
AGT004,2025-12-16,480,0,129
AGT005,2025-12-16,480,0,83
AGT007,2025-12-16,480,0,94
AGT008,2025-12-16,480,0,116
AGT009,2025-12-16,480,0,120
AGT010,2025-12-16,510,0,120
AGT011,2025-12-16,480,0,104
AGT012,2025-12-16,480,0,73
AGT013,2025-12-16,480,0,93
AGT014,2025-12-16,480,0,129
AGT015,2025-12-16,480,0,107
AGT016,2025-12-16,480,0,73
AGT017,2025-12-16,480,0,89
AGT018,2025-12-16,480,0,94
AGT001,2025-12-17,510,0,110
AGT002,2025-12-17,480,0,121
AGT003,2025-12-17,480,0,89
AGT004,2025-12-17,480,0,108
AGT005,2025-12-17,450,0,120
AGT007,2025-12-17,480,0,88
AGT008,2025-12-17,480,0,91
AGT009,2025-12-17,450,30,123
AGT010,2025-12-17,480,0,73
AGT011,2025-12-17,450,0,92
AGT012,2025-12-17,480,0,118
AGT013,2025-12-17,480,120,88
AGT014,2025-12-17,450,60,89
AGT015,2025-12-17,480,0,90
AGT016,2025-12-17,480,0,122
AGT017,2025-12-17,480,0,112
AGT018,2025-12-17,480,0,125
AGT001,2025-12-18,480,0,92
AGT002,2025-12-18,0,0,0
AGT003,2025-12-18,480,0,76
AGT004,2025-12-18,480,0,119
AGT007,2025-12-18,0,0,0
AGT008,2025-12-18,510,0,129
AGT009,2025-12-18,480,0,73
AGT010,2025-12-18,480,0,87
AGT011,2025-12-18,480,0,88
AGT012,2025-12-18,0,0,0
AGT013,2025-12-18,480,0,123
AGT014,2025-12-18,480,0,76
AGT015,2025-12-18,450,0,92
AGT016,2025-12-18,480,0,118
AGT017,2025-12-18,0,0,0
AGT018,2025-12-18,480,0,134
AGT001,2025-12-19,480,0,80
AGT002,2025-12-19,480,0,134
AGT003,2025-12-19,480,0,78
AGT004,2025-12-19,450,0,87
AGT005,2025-12-19,0,0,0
AGT007,2025-12-19,480,0,121
AGT008,2025-12-19,480,0,106
AGT009,2025-12-19,480,0,92
AGT010,2025-12-19,480,30,100
AGT011,2025-12-19,480,60,114
AGT012,2025-12-19,450,0,91
AGT013,2025-12-19,480,0,96
AGT014,2025-12-19,480,0,99
AGT015,2025-12-19,480,0,124
AGT016,2025-12-19,0,0,0
AGT017,2025-12-19,480,0,113
AGT018,2025-12-19,510,0,89
AGT001,2025-12-20,480,0,87
AGT002,2025-12-20,510,0,94
AGT003,2025-12-20,480,0,102
AGT004,2025-12-20,0,0,0
AGT005,2025-12-20,0,0,0
AGT007,2025-12-20,510,0,115
AGT008,2025-12-20,0,0,0
AGT009,2025-12-20,0,0,0
AGT010,2025-12-20,480,0,91
AGT011,2025-12-20,0,0,0
AGT012,2025-12-20,0,0,0
AGT013,2025-12-20,0,0,0
AGT014,2025-12-20,480,0,98
AGT015,2025-12-20,480,0,117
AGT016,2025-12-20,0,0,0
AGT017,2025-12-20,450,0,117
AGT018,2025-12-20,0,0,0
AGT001,2025-12-21,480,0,125
AGT002,2025-12-21,480,0,83
AGT003,2025-12-21,510,0,124
AGT004,2025-12-21,480,0,127
AGT005,2025-12-21,480,0,113
AGT007,2025-12-21,0,0,0
AGT008,2025-12-21,510,510,0
AGT009,2025-12-21,0,0,0
AGT010,2025-12-21,0,0,0
AGT011,2025-12-21,480,0,77
AGT012,2025-12-21,0,0,0
AGT013,2025-12-21,480,0,127
AGT014,2025-12-21,480,0,124
AGT015,2025-12-21,480,120,96
AGT016,2025-12-21,480,0,108
AGT017,2025-12-21,0,0,0
AGT018,2025-12-21,450,0,74
AGT001,2025-12-22,510,0,85
AGT002,2025-12-22,480,0,126
AGT003,2025-12-22,480,0,86
AGT004,2025-12-22,480,0,99
AGT005,2025-12-22,450,0,72
AGT007,2025-12-22,480,0,110
AGT008,2025-12-22,480,0,73
AGT009,2025-12-22,480,0,119
AGT010,2025-12-22,480,60,78
AGT011,2025-12-22,510,0,91
AGT012,2025-12-22,480,0,98
AGT013,2025-12-22,480,0,101
AGT014,2025-12-22,480,0,113
AGT015,2025-12-22,510,30,90
AGT016,2025-12-22,480,0,132
AGT017,2025-12-22,480,0,95
AGT018,2025-12-22,510,0,125
AGT001,2025-12-23,0,0,0
AGT002,2025-12-23,480,0,110
AGT003,2025-12-23,480,0,125
AGT004,2025-12-23,480,0,98
AGT005,2025-12-23,0,0,0
AGT007,2025-12-23,480,0,111
AGT008,2025-12-23,480,0,100
AGT009,2025-12-23,480,0,123
AGT010,2025-12-23,480,0,119
AGT011,2025-12-23,480,0,84
AGT012,2025-12-23,450,0,97
AGT013,2025-12-23,480,0,113
AGT014,2025-12-23,480,0,85
AGT015,2025-12-23,480,0,82
AGT016,2025-12-23,0,0,0
AGT017,2025-12-23,0,0,0
AGT018,2025-12-23,480,0,90
AGT001,2025-12-24,450,0,71
AGT002,2025-12-24,0,0,0
AGT003,2025-12-24,480,0,96
AGT004,2025-12-24,450,60,120
AGT005,2025-12-24,480,0,134
AGT007,2025-12-24,480,0,73
AGT008,2025-12-24,480,0,95
AGT009,2025-12-24,0,0,0
AGT010,2025-12-24,480,0,76
AGT011,2025-12-24,450,0,99
AGT012,2025-12-24,480,0,91
AGT013,2025-12-24,0,0,0
AGT014,2025-12-24,450,0,115
AGT015,2025-12-24,0,0,0
AGT016,2025-12-24,480,0,95
AGT017,2025-12-24,480,0,89
AGT018,2025-12-24,0,0,0
AGT001,2025-12-25,0,0,0
AGT002,2025-12-25,0,0,0
AGT003,2025-12-25,510,0,133
AGT004,2025-12-25,480,0,113
AGT005,2025-12-25,480,0,88
AGT007,2025-12-25,480,0,81
AGT008,2025-12-25,480,0,89
AGT009,2025-12-25,0,0,0
AGT010,2025-12-25,480,0,132
AGT011,2025-12-25,0,0,0
AGT012,2025-12-25,480,0,91
AGT013,2025-12-25,480,0,88
AGT014,2025-12-25,480,0,118
AGT015,2025-12-25,510,0,136
AGT016,2025-12-25,480,0,124
AGT017,2025-12-25,480,0,76
AGT018,2025-12-25,480,0,83
AGT001,2025-12-26,0,0,0
AGT002,2025-12-26,480,0,102
AGT003,2025-12-26,450,0,107
AGT004,2025-12-26,480,0,124
AGT005,2025-12-26,0,0,0
AGT007,2025-12-26,510,0,142
AGT008,2025-12-26,510,0,136
AGT009,2025-12-26,0,0,0
AGT010,2025-12-26,450,0,77
AGT011,2025-12-26,480,0,96
AGT012,2025-12-26,0,0,0
AGT013,2025-12-26,480,0,128
AGT014,2025-12-26,0,0,0
AGT015,2025-12-26,450,0,76
AGT016,2025-12-26,0,0,0
AGT017,2025-12-26,450,0,123
AGT018,2025-12-26,480,0,111
AGT001,2025-12-27,450,0,123
AGT002,2025-12-27,0,0,0
AGT003,2025-12-27,480,0,80
AGT004,2025-12-27,480,0,118
AGT005,2025-12-27,0,0,0
AGT007,2025-12-27,0,0,0
AGT008,2025-12-27,0,0,0
AGT009,2025-12-27,0,0,0
AGT010,2025-12-27,510,0,107
AGT011,2025-12-27,480,0,102
AGT012,2025-12-27,450,0,113
AGT013,2025-12-27,480,0,100
AGT014,2025-12-27,480,0,85
AGT015,2025-12-27,510,0,139
AGT016,2025-12-27,480,0,82
AGT017,2025-12-27,480,0,84
AGT018,2025-12-27,480,0,118
AGT001,2025-12-28,480,0,83
AGT002,2025-12-28,480,0,80
AGT003,2025-12-28,480,0,105
AGT004,2025-12-28,0,0,0
AGT005,2025-12-28,450,0,69
AGT007,2025-12-28,0,0,0
AGT008,2025-12-28,480,0,112
AGT009,2025-12-28,480,0,77
AGT010,2025-12-28,510,0,102
AGT011,2025-12-28,0,0,0
AGT012,2025-12-28,480,0,72
AGT013,2025-12-28,480,0,103
AGT014,2025-12-28,480,60,83
AGT015,2025-12-28,0,0,0
AGT016,2025-12-28,510,120,104
AGT017,2025-12-28,0,0,0
AGT018,2025-12-28,480,0,98
AGT001,2025-12-29,480,0,107
AGT002,2025-12-29,480,0,124
AGT003,2025-12-29,480,0,89
AGT004,2025-12-29,480,0,88
AGT005,2025-12-29,480,0,119
AGT007,2025-12-29,510,0,126
AGT008,2025-12-29,450,0,84
AGT009,2025-12-29,510,0,86
AGT010,2025-12-29,510,0,99
AGT011,2025-12-29,480,0,83
AGT012,2025-12-29,480,0,98
AGT013,2025-12-29,480,0,93
AGT014,2025-12-29,480,0,132
AGT015,2025-12-29,510,0,109
AGT016,2025-12-29,450,450,0
AGT017,2025-12-29,480,0,103
AGT018,2025-12-29,0,0,0
AGT001,2025-12-30,480,0,80
AGT002,2025-12-30,480,0,90
AGT003,2025-12-30,480,0,130
AGT004,2025-12-30,480,0,110
AGT005,2025-12-30,480,0,85
AGT007,2025-12-30,0,0,0
AGT008,2025-12-30,480,0,74
AGT009,2025-12-30,480,0,131
AGT010,2025-12-30,450,0,78
AGT011,2025-12-30,450,0,126
AGT012,2025-12-30,480,0,115
AGT013,2025-12-30,480,0,127
AGT014,2025-12-30,480,0,94
AGT015,2025-12-30,480,0,107
AGT016,2025-12-30,480,0,100
AGT017,2025-12-30,480,0,122
AGT018,2025-12-30,510,0,130
AGT001,2025-12-31,510,0,134
AGT002,2025-12-31,510,0,89
AGT003,2025-12-31,480,0,81
AGT004,2025-12-31,0,0,0
AGT005,2025-12-31,510,0,139
AGT007,2025-12-31,0,0,0
AGT008,2025-12-31,480,0,102
AGT009,2025-12-31,480,0,79
AGT010,2025-12-31,0,0,0
AGT011,2025-12-31,450,0,78
AGT012,2025-12-31,480,0,122
AGT013,2025-12-31,0,0,0
AGT014,2025-12-31,480,0,106
AGT015,2025-12-31,480,0,130
AGT016,2025-12-31,450,0,106
AGT017,2025-12-31,480,0,115
AGT018,2025-12-31,480,0,92
AGT001,2026-01-01,480,0,113
AGT002,2026-01-01,480,0,110
AGT003,2026-01-01,480,0,104
AGT004,2026-01-01,480,0,83
AGT005,2026-01-01,480,0,116
AGT007,2026-01-01,450,0,113
AGT008,2026-01-01,480,0,74
AGT009,2026-01-01,450,0,82
AGT010,2026-01-01,480,0,126
AGT011,2026-01-01,0,0,0
AGT012,2026-01-01,480,0,126
AGT013,2026-01-01,450,0,99
AGT014,2026-01-01,480,0,103
AGT015,2026-01-01,480,0,124
AGT016,2026-01-01,0,0,0
AGT017,2026-01-01,480,0,83
AGT018,2026-01-01,0,0,0
AGT001,2026-01-02,510,0,95
AGT002,2026-01-02,510,0,134
AGT003,2026-01-02,480,0,110
AGT004,2026-01-02,480,0,133
AGT005,2026-01-02,0,0,0
AGT007,2026-01-02,450,0,109
AGT008,2026-01-02,0,0,0
AGT009,2026-01-02,480,0,131
AGT010,2026-01-02,0,0,0
AGT011,2026-01-02,480,0,90
AGT012,2026-01-02,480,0,119
AGT013,2026-01-02,480,0,123
AGT014,2026-01-02,480,0,120
AGT015,2026-01-02,480,0,133
AGT016,2026-01-02,480,0,83
AGT017,2026-01-02,480,0,91
AGT018,2026-01-02,480,0,133
AGT001,2026-01-03,0,0,0
AGT002,2026-01-03,480,120,114
AGT003,2026-01-03,480,0,106
AGT004,2026-01-03,0,0,0
AGT005,2026-01-03,480,0,102
AGT007,2026-01-03,0,0,0
AGT008,2026-01-03,480,0,81
AGT009,2026-01-03,450,0,114
AGT010,2026-01-03,0,0,0
AGT011,2026-01-03,480,0,115
AGT012,2026-01-03,480,0,114
AGT013,2026-01-03,0,0,0
AGT014,2026-01-03,510,0,84
AGT015,2026-01-03,480,0,88
AGT016,2026-01-03,0,0,0
AGT017,2026-01-03,0,0,0
AGT018,2026-01-03,0,0,0
AGT001,2026-01-04,480,0,78
AGT002,2026-01-04,0,0,0
AGT003,2026-01-04,480,0,93
AGT004,2026-01-04,0,0,0
AGT005,2026-01-04,480,0,95
AGT007,2026-01-04,480,0,88
AGT008,2026-01-04,480,0,113
AGT009,2026-01-04,0,0,0
AGT010,2026-01-04,0,0,0
AGT011,2026-01-04,480,0,104
AGT012,2026-01-04,480,0,87
AGT013,2026-01-04,480,0,124
AGT014,2026-01-04,0,0,0
AGT015,2026-01-04,0,0,0
AGT016,2026-01-04,480,0,83
AGT017,2026-01-04,0,0,0
AGT018,2026-01-04,0,0,0
AGT001,2026-01-05,0,0,0
AGT002,2026-01-05,510,510,0
AGT003,2026-01-05,480,0,82
AGT004,2026-01-05,480,0,81
AGT005,2026-01-05,480,0,119
AGT007,2026-01-05,480,30,80
AGT008,2026-01-05,480,0,118
AGT009,2026-01-05,0,0,0
AGT010,2026-01-05,480,30,89
AGT011,2026-01-05,480,0,110
AGT012,2026-01-05,480,0,85
AGT013,2026-01-05,0,0,0
AGT014,2026-01-05,480,0,108
AGT015,2026-01-05,480,0,113
AGT016,2026-01-05,510,0,117
AGT017,2026-01-05,0,0,0
AGT018,2026-01-05,480,0,110
AGT001,2026-01-06,510,60,138
AGT002,2026-01-06,0,0,0
AGT003,2026-01-06,480,0,82
AGT004,2026-01-06,480,0,130
AGT005,2026-01-06,480,0,80
AGT007,2026-01-06,480,0,134
AGT008,2026-01-06,480,0,100
AGT009,2026-01-06,480,0,97
AGT010,2026-01-06,480,0,88
AGT011,2026-01-06,480,0,97
AGT012,2026-01-06,480,0,106
AGT013,2026-01-06,480,0,122
AGT014,2026-01-06,480,0,111
AGT015,2026-01-06,480,0,76
AGT016,2026-01-06,480,0,87
AGT017,2026-01-06,480,0,121
AGT018,2026-01-06,480,480,0
AGT001,2026-01-07,450,0,116
AGT002,2026-01-07,480,0,87
AGT003,2026-01-07,510,0,79
AGT004,2026-01-07,480,0,107
AGT005,2026-01-07,480,0,79
AGT007,2026-01-07,450,0,112
AGT008,2026-01-07,480,0,85
AGT009,2026-01-07,480,0,132
AGT010,2026-01-07,450,0,111
AGT011,2026-01-07,480,0,98
AGT012,2026-01-07,480,0,122
AGT013,2026-01-07,480,0,110
AGT014,2026-01-07,480,0,98
AGT015,2026-01-07,0,0,0
AGT016,2026-01-07,480,0,94
AGT017,2026-01-07,480,0,132
AGT018,2026-01-07,480,0,111
AGT001,2026-01-08,480,0,76
AGT002,2026-01-08,480,0,80
AGT003,2026-01-08,480,0,110
AGT004,2026-01-08,480,0,76
AGT005,2026-01-08,510,0,99
AGT007,2026-01-08,480,0,98
AGT008,2026-01-08,0,0,0
AGT009,2026-01-08,480,60,131
AGT010,2026-01-08,0,0,0
AGT011,2026-01-08,480,0,112
AGT012,2026-01-08,510,0,118
AGT013,2026-01-08,480,0,117
AGT014,2026-01-08,480,0,126
AGT015,2026-01-08,480,0,82
AGT016,2026-01-08,480,0,122
AGT017,2026-01-08,450,0,115
AGT018,2026-01-08,0,0,0
AGT001,2026-01-09,480,0,101
AGT002,2026-01-09,480,0,133
AGT003,2026-01-09,480,0,125
AGT004,2026-01-09,450,0,84
AGT005,2026-01-09,480,0,119
AGT007,2026-01-09,450,0,80
AGT008,2026-01-09,480,0,134
AGT009,2026-01-09,0,0,0
AGT010,2026-01-09,480,0,132
AGT011,2026-01-09,0,0,0
AGT012,2026-01-09,510,0,87
AGT013,2026-01-09,480,0,109
AGT014,2026-01-09,480,0,109
AGT015,2026-01-09,480,0,87
AGT016,2026-01-09,480,0,124
AGT017,2026-01-09,510,0,137
AGT018,2026-01-09,480,0,100
AGT001,2026-01-10,0,0,0
AGT002,2026-01-10,0,0,0
AGT003,2026-01-10,480,0,123
AGT004,2026-01-10,0,0,0
AGT005,2026-01-10,480,0,133
AGT007,2026-01-10,0,0,0
AGT008,2026-01-10,450,0,93
AGT009,2026-01-10,480,0,117
AGT010,2026-01-10,0,0,0
AGT011,2026-01-10,0,0,0
AGT012,2026-01-10,0,0,0
AGT013,2026-01-10,480,0,84
AGT014,2026-01-10,0,0,0
AGT015,2026-01-10,0,0,0
AGT016,2026-01-10,480,0,74
AGT017,2026-01-10,0,0,0
AGT018,2026-01-10,480,0,127
AGT001,2026-01-11,480,0,88
AGT002,2026-01-11,510,0,86
AGT003,2026-01-11,0,0,0
AGT004,2026-01-11,0,0,0
AGT005,2026-01-11,0,0,0
AGT007,2026-01-11,480,0,122
AGT008,2026-01-11,0,0,0
AGT009,2026-01-11,0,0,0
AGT010,2026-01-11,0,0,0
AGT011,2026-01-11,0,0,0
AGT012,2026-01-11,480,0,127
AGT013,2026-01-11,510,0,115
AGT014,2026-01-11,0,0,0
AGT015,2026-01-11,510,0,129
AGT016,2026-01-11,480,0,82
AGT017,2026-01-11,480,0,97
AGT018,2026-01-11,0,0,0
AGT001,2026-01-12,0,0,0
AGT002,2026-01-12,510,30,79
AGT003,2026-01-12,480,0,90
AGT004,2026-01-12,480,120,127
AGT005,2026-01-12,510,0,137
AGT007,2026-01-12,510,0,102
AGT008,2026-01-12,480,0,78
AGT009,2026-01-12,480,0,73
AGT010,2026-01-12,480,0,104
AGT011,2026-01-12,450,0,99
AGT012,2026-01-12,480,0,113
AGT013,2026-01-12,0,0,0
AGT014,2026-01-12,480,0,75
AGT015,2026-01-12,450,0,100
AGT016,2026-01-12,480,0,79
AGT017,2026-01-12,0,0,0
AGT018,2026-01-12,480,0,121
AGT001,2026-01-13,510,0,105
AGT002,2026-01-13,480,0,134
AGT003,2026-01-13,480,0,126
AGT004,2026-01-13,480,0,125
AGT005,2026-01-13,480,0,124
AGT007,2026-01-13,480,0,94
AGT008,2026-01-13,480,0,120
AGT009,2026-01-13,480,0,97
AGT010,2026-01-13,480,0,102
AGT011,2026-01-13,480,0,83
AGT012,2026-01-13,480,0,122
AGT013,2026-01-13,510,0,124
AGT014,2026-01-13,480,0,77
AGT015,2026-01-13,480,0,111
AGT016,2026-01-13,510,0,138
AGT017,2026-01-13,510,0,133
AGT018,2026-01-13,480,0,106
AGT001,2026-01-14,510,0,135
AGT002,2026-01-14,480,0,101
AGT003,2026-01-14,480,0,121
AGT004,2026-01-14,480,0,132
AGT005,2026-01-14,480,0,126
AGT007,2026-01-14,0,0,0
AGT008,2026-01-14,480,0,118
AGT009,2026-01-14,450,0,115
AGT010,2026-01-14,480,0,93
AGT011,2026-01-14,480,0,85
AGT012,2026-01-14,480,120,129
AGT013,2026-01-14,480,0,113
AGT014,2026-01-14,480,0,114
AGT015,2026-01-14,0,0,0
AGT016,2026-01-14,450,0,83
AGT017,2026-01-14,450,120,105
AGT018,2026-01-14,0,0,0
AGT001,2026-01-15,480,0,123
AGT002,2026-01-15,480,0,116
AGT003,2026-01-15,480,0,76
AGT004,2026-01-15,480,0,131
AGT005,2026-01-15,480,0,122
AGT007,2026-01-15,0,0,0
AGT008,2026-01-15,480,0,116
AGT009,2026-01-15,480,0,115
AGT010,2026-01-15,450,30,116
AGT011,2026-01-15,480,0,124
AGT012,2026-01-15,510,0,134
AGT013,2026-01-15,510,0,112
AGT014,2026-01-15,450,0,96
AGT015,2026-01-15,0,0,0
AGT016,2026-01-15,480,0,89
AGT017,2026-01-15,480,0,104
AGT018,2026-01-15,480,120,84
AGT001,2026-01-16,450,0,99
AGT002,2026-01-16,480,0,129
AGT003,2026-01-16,510,0,83
AGT004,2026-01-16,0,0,0
AGT005,2026-01-16,510,0,78
AGT007,2026-01-16,480,0,122
AGT008,2026-01-16,480,0,84
AGT009,2026-01-16,480,0,128
AGT010,2026-01-16,480,0,73
AGT011,2026-01-16,510,0,79
AGT012,2026-01-16,480,0,105
AGT013,2026-01-16,0,0,0
AGT014,2026-01-16,480,60,83
AGT015,2026-01-16,480,0,114
AGT016,2026-01-16,480,0,73
AGT018,2026-01-16,480,0,75
AGT001,2026-01-17,480,0,133
AGT002,2026-01-17,0,0,0
AGT003,2026-01-17,480,0,114
AGT004,2026-01-17,0,0,0
AGT005,2026-01-17,0,0,0
AGT007,2026-01-17,0,0,0
AGT008,2026-01-17,0,0,0
AGT009,2026-01-17,480,0,100
AGT010,2026-01-17,480,0,93
AGT011,2026-01-17,450,0,84
AGT012,2026-01-17,0,0,0
AGT013,2026-01-17,0,0,0
AGT014,2026-01-17,0,0,0
AGT015,2026-01-17,0,0,0
AGT016,2026-01-17,480,0,121
AGT017,2026-01-17,0,0,0
AGT018,2026-01-17,450,0,86
AGT001,2026-01-18,510,0,127
AGT002,2026-01-18,480,0,94
AGT003,2026-01-18,0,0,0
AGT004,2026-01-18,0,0,0
AGT005,2026-01-18,480,0,99
AGT007,2026-01-18,480,0,92
AGT008,2026-01-18,450,0,73
AGT009,2026-01-18,0,0,0
AGT010,2026-01-18,0,0,0
AGT011,2026-01-18,0,0,0
AGT012,2026-01-18,0,0,0
AGT013,2026-01-18,0,0,0
AGT014,2026-01-18,0,0,0
AGT015,2026-01-18,480,0,96
AGT016,2026-01-18,0,0,0
AGT017,2026-01-18,0,0,0
AGT018,2026-01-18,480,0,85
AGT001,2026-01-19,0,0,0
AGT002,2026-01-19,480,30,105
AGT003,2026-01-19,480,0,120
AGT004,2026-01-19,450,0,70
AGT005,2026-01-19,480,0,75
AGT007,2026-01-19,480,0,103
AGT008,2026-01-19,480,0,77
AGT009,2026-01-19,480,0,74
AGT010,2026-01-19,0,0,0
AGT011,2026-01-19,480,0,90
AGT012,2026-01-19,480,0,85
AGT013,2026-01-19,480,0,78
AGT014,2026-01-19,480,0,94
AGT015,2026-01-19,480,0,91
AGT016,2026-01-19,480,0,74
AGT017,2026-01-19,480,0,104
AGT018,2026-01-19,480,0,77
AGT001,2026-01-20,450,0,72
AGT002,2026-01-20,480,60,73
AGT003,2026-01-20,480,0,98
AGT004,2026-01-20,0,0,0
AGT005,2026-01-20,480,0,81
AGT007,2026-01-20,480,0,82
AGT008,2026-01-20,480,0,106
AGT009,2026-01-20,0,0,0
AGT010,2026-01-20,480,0,96
AGT011,2026-01-20,480,0,88
AGT012,2026-01-20,480,480,0
AGT013,2026-01-20,480,60,93
AGT014,2026-01-20,0,0,0
AGT015,2026-01-20,0,0,0
AGT016,2026-01-20,480,0,132
AGT017,2026-01-20,480,0,75
AGT018,2026-01-20,450,0,73
AGT001,2026-01-21,480,0,97
AGT002,2026-01-21,480,0,88
AGT003,2026-01-21,480,0,129
AGT004,2026-01-21,480,0,79
AGT005,2026-01-21,450,0,98
AGT007,2026-01-21,450,0,82
AGT008,2026-01-21,480,30,128
AGT009,2026-01-21,480,0,107
AGT010,2026-01-21,450,0,70
AGT011,2026-01-21,510,0,78
AGT012,2026-01-21,480,0,108
AGT013,2026-01-21,480,120,99
AGT014,2026-01-21,480,0,111
AGT015,2026-01-21,510,0,79
AGT016,2026-01-21,480,0,117
AGT017,2026-01-21,480,0,94
AGT018,2026-01-21,480,0,86
AGT001,2026-01-22,450,0,79
AGT002,2026-01-22,480,0,75
AGT003,2026-01-22,480,0,134
AGT004,2026-01-22,0,0,0
AGT005,2026-01-22,480,0,87
AGT007,2026-01-22,0,0,0
AGT008,2026-01-22,0,0,0
AGT009,2026-01-22,480,0,107
AGT010,2026-01-22,510,0,83
AGT011,2026-01-22,480,0,80
AGT012,2026-01-22,510,0,112
AGT013,2026-01-22,0,0,0
AGT014,2026-01-22,480,0,133
AGT015,2026-01-22,450,0,76
AGT016,2026-01-22,450,0,107
AGT017,2026-01-22,510,0,85
AGT018,2026-01-22,450,0,115
AGT001,2026-01-23,480,0,117
AGT002,2026-01-23,480,0,85
AGT003,2026-01-23,0,0,0
AGT004,2026-01-23,480,0,133
AGT005,2026-01-23,480,0,131
AGT007,2026-01-23,480,0,122
AGT008,2026-01-23,450,0,101
AGT009,2026-01-23,480,0,119
AGT010,2026-01-23,450,0,69
AGT011,2026-01-23,0,0,0
AGT012,2026-01-23,480,0,80
AGT013,2026-01-23,480,0,128
AGT014,2026-01-23,480,0,111
AGT015,2026-01-23,480,0,80
AGT016,2026-01-23,0,0,0
AGT017,2026-01-23,480,0,87
AGT018,2026-01-23,510,0,136
AGT001,2026-01-24,480,0,76
AGT002,2026-01-24,0,0,0
AGT003,2026-01-24,0,0,0
AGT004,2026-01-24,480,0,83
AGT005,2026-01-24,480,0,75
AGT007,2026-01-24,480,0,101
AGT008,2026-01-24,0,0,0
AGT009,2026-01-24,0,0,0
AGT010,2026-01-24,0,0,0
AGT011,2026-01-24,480,0,86
AGT012,2026-01-24,480,0,117
AGT013,2026-01-24,0,0,0
AGT014,2026-01-24,480,0,110
AGT015,2026-01-24,0,0,0
AGT016,2026-01-24,0,0,0
AGT017,2026-01-24,450,0,95
AGT018,2026-01-24,0,0,0
AGT001,2026-01-25,0,0,0
AGT002,2026-01-25,480,0,112
AGT003,2026-01-25,480,0,111
AGT004,2026-01-25,0,0,0
AGT005,2026-01-25,0,0,0
AGT007,2026-01-25,0,0,0
AGT008,2026-01-25,480,0,104
AGT009,2026-01-25,480,0,103
AGT010,2026-01-25,0,0,0
AGT011,2026-01-25,0,0,0
AGT012,2026-01-25,0,0,0
AGT013,2026-01-25,450,0,118
AGT014,2026-01-25,480,0,103
AGT015,2026-01-25,480,0,107
AGT016,2026-01-25,480,0,73
AGT017,2026-01-25,0,0,0
AGT018,2026-01-25,510,0,87
AGT001,2026-01-26,480,0,121
AGT002,2026-01-26,480,0,99
AGT003,2026-01-26,480,0,89
AGT004,2026-01-26,450,0,126
AGT005,2026-01-26,480,0,98
AGT007,2026-01-26,0,0,0
AGT008,2026-01-26,480,0,81
AGT009,2026-01-26,480,0,118
AGT010,2026-01-26,510,0,116
AGT011,2026-01-26,480,0,118
AGT012,2026-01-26,450,0,112
AGT013,2026-01-26,0,0,0
AGT014,2026-01-26,450,0,70
AGT015,2026-01-26,0,0,0
AGT016,2026-01-26,510,0,130
AGT017,2026-01-26,510,0,137
AGT018,2026-01-26,450,0,98
AGT001,2026-01-27,480,0,110
AGT002,2026-01-27,480,0,86
AGT003,2026-01-27,0,0,0
AGT004,2026-01-27,480,0,94
AGT005,2026-01-27,0,0,0
AGT007,2026-01-27,480,0,83
AGT008,2026-01-27,0,0,0
AGT009,2026-01-27,480,0,125
AGT010,2026-01-27,450,0,104
AGT011,2026-01-27,510,0,122
AGT012,2026-01-27,510,0,88
AGT013,2026-01-27,510,0,105
AGT014,2026-01-27,480,0,103
AGT015,2026-01-27,0,0,0
AGT016,2026-01-27,480,0,114
AGT017,2026-01-27,480,0,92
AGT018,2026-01-27,480,0,75
AGT001,2026-01-28,0,0,0
AGT002,2026-01-28,480,0,115
AGT003,2026-01-28,450,0,85
AGT004,2026-01-28,450,0,109
AGT005,2026-01-28,480,30,132
AGT007,2026-01-28,480,0,97
AGT008,2026-01-28,480,30,83
AGT009,2026-01-28,480,0,130
AGT010,2026-01-28,480,0,124
AGT011,2026-01-28,480,0,85
AGT012,2026-01-28,480,0,101
AGT013,2026-01-28,480,0,83
AGT014,2026-01-28,480,0,120
AGT015,2026-01-28,480,0,72
AGT016,2026-01-28,480,0,125
AGT017,2026-01-28,480,0,134
AGT018,2026-01-28,480,0,110
AGT001,2026-01-29,0,0,0
AGT002,2026-01-29,480,0,72
AGT003,2026-01-29,480,0,115
AGT004,2026-01-29,480,0,108
AGT005,2026-01-29,480,0,129
AGT007,2026-01-29,450,0,115
AGT008,2026-01-29,480,0,132
AGT009,2026-01-29,480,0,99
AGT010,2026-01-29,480,0,73
AGT011,2026-01-29,480,0,124
AGT012,2026-01-29,480,0,132
AGT013,2026-01-29,0,0,0
AGT014,2026-01-29,450,0,89
AGT015,2026-01-29,480,0,116
AGT016,2026-01-29,480,0,108
AGT017,2026-01-29,510,0,96
AGT018,2026-01-29,0,0,0
AGT001,2026-01-30,0,0,0
AGT002,2026-01-30,510,0,142
AGT003,2026-01-30,450,0,75
AGT004,2026-01-30,480,0,124
AGT005,2026-01-30,480,0,76
AGT007,2026-01-30,0,0,0
AGT008,2026-01-30,510,510,0
AGT009,2026-01-30,0,0,0
AGT010,2026-01-30,480,0,134
AGT011,2026-01-30,480,0,75
AGT012,2026-01-30,480,0,127
AGT013,2026-01-30,450,0,107
AGT014,2026-01-30,450,0,86
AGT015,2026-01-30,480,0,110
AGT016,2026-01-30,480,0,74
AGT017,2026-01-30,480,0,88
AGT018,2026-01-30,480,0,86
AGT001,2026-01-31,450,0,118
AGT002,2026-01-31,450,0,68
AGT003,2026-01-31,480,0,88
AGT004,2026-01-31,0,0,0
AGT005,2026-01-31,450,0,97
AGT007,2026-01-31,0,0,0
AGT008,2026-01-31,480,480,0
AGT009,2026-01-31,450,0,112
AGT010,2026-01-31,480,0,93
AGT011,2026-01-31,0,0,0
AGT012,2026-01-31,0,0,0
AGT013,2026-01-31,0,0,0
AGT014,2026-01-31,480,0,77
AGT015,2026-01-31,480,0,117
AGT016,2026-01-31,480,0,79
AGT017,2026-01-31,0,0,0
AGT018,2026-01-31,480,0,98
AGT001,2026-02-01,0,0,0
AGT002,2026-02-01,450,30,123
AGT003,2026-02-01,0,0,0
AGT004,2026-02-01,480,0,132
AGT005,2026-02-01,480,0,73
AGT007,2026-02-01,0,0,0
AGT008,2026-02-01,0,0,0
AGT009,2026-02-01,0,0,0
AGT010,2026-02-01,480,0,93
AGT011,2026-02-01,480,0,83
AGT012,2026-02-01,480,0,84
AGT013,2026-02-01,0,0,0
AGT014,2026-02-01,480,0,101
AGT015,2026-02-01,0,0,0
AGT016,2026-02-01,0,0,0
AGT017,2026-02-01,480,0,107
AGT018,2026-02-01,480,0,114
AGT001,2026-02-02,480,0,100
AGT002,2026-02-02,480,0,88
AGT003,2026-02-02,0,0,0
AGT004,2026-02-02,480,0,130
AGT005,2026-02-02,480,0,101
AGT007,2026-02-02,480,0,105
AGT008,2026-02-02,0,0,0
AGT009,2026-02-02,450,0,77
AGT010,2026-02-02,480,0,86
AGT011,2026-02-02,480,0,88
AGT012,2026-02-02,480,60,73
AGT013,2026-02-02,450,120,98
AGT014,2026-02-02,480,0,75
AGT015,2026-02-02,480,0,128
AGT016,2026-02-02,510,0,102
AGT017,2026-02-02,510,0,129
AGT018,2026-02-02,480,30,87
AGT001,2026-02-03,510,0,80
AGT002,2026-02-03,480,0,129
AGT003,2026-02-03,480,0,100
AGT004,2026-02-03,0,0,0
AGT005,2026-02-03,480,0,90
AGT007,2026-02-03,480,0,126
AGT008,2026-02-03,510,0,123
AGT009,2026-02-03,510,0,141
AGT010,2026-02-03,480,0,111
AGT011,2026-02-03,450,0,91
AGT012,2026-02-03,480,0,75
AGT013,2026-02-03,480,0,133
AGT014,2026-02-03,480,0,88
AGT015,2026-02-03,480,0,75
AGT016,2026-02-03,450,0,79
AGT017,2026-02-03,480,0,97
AGT018,2026-02-03,480,480,0
AGT001,2026-02-04,0,0,0
AGT002,2026-02-04,480,0,87
AGT003,2026-02-04,480,0,116
AGT004,2026-02-04,480,0,99
AGT005,2026-02-04,510,0,99
AGT007,2026-02-04,510,0,128
AGT008,2026-02-04,0,0,0
AGT009,2026-02-04,480,0,101
AGT010,2026-02-04,480,0,95
AGT011,2026-02-04,480,0,132
AGT012,2026-02-04,480,0,91
AGT013,2026-02-04,480,60,110
AGT014,2026-02-04,480,0,114
AGT015,2026-02-04,480,0,96
AGT016,2026-02-04,480,0,91
AGT017,2026-02-04,510,0,98
AGT018,2026-02-04,480,0,95
AGT001,2026-02-05,480,60,122
AGT002,2026-02-05,0,0,0
AGT003,2026-02-05,510,0,106
AGT004,2026-02-05,480,0,101
AGT005,2026-02-05,480,0,118
AGT007,2026-02-05,480,0,108
AGT008,2026-02-05,480,0,132
AGT009,2026-02-05,480,0,115
AGT010,2026-02-05,480,0,107
AGT011,2026-02-05,0,0,0
AGT012,2026-02-05,480,0,86
AGT013,2026-02-05,480,0,129
AGT014,2026-02-05,450,0,81
AGT015,2026-02-05,480,0,110
AGT016,2026-02-05,450,0,80
AGT017,2026-02-05,510,0,77
AGT018,2026-02-05,480,0,84
AGT001,2026-02-06,480,0,95
AGT002,2026-02-06,480,0,97
AGT003,2026-02-06,480,0,122
AGT004,2026-02-06,480,0,121
AGT005,2026-02-06,480,0,80
AGT007,2026-02-06,450,0,88
AGT008,2026-02-06,0,0,0
AGT009,2026-02-06,450,0,124
AGT010,2026-02-06,480,0,94
AGT011,2026-02-06,480,0,89
AGT012,2026-02-06,480,0,118
AGT013,2026-02-06,480,0,124
AGT014,2026-02-06,450,0,108
AGT015,2026-02-06,450,0,81
AGT016,2026-02-06,510,0,79
AGT017,2026-02-06,0,0,0
AGT018,2026-02-06,0,0,0
AGT001,2026-02-07,480,0,134
AGT002,2026-02-07,0,0,0
AGT003,2026-02-07,0,0,0
AGT004,2026-02-07,0,0,0
AGT005,2026-02-07,480,0,89
AGT007,2026-02-07,480,0,115
AGT008,2026-02-07,0,0,0
AGT009,2026-02-07,0,0,0
AGT010,2026-02-07,480,0,123
AGT011,2026-02-07,480,0,132
AGT012,2026-02-07,0,0,0
AGT013,2026-02-07,480,0,120
AGT014,2026-02-07,450,0,84
AGT015,2026-02-07,0,0,0
AGT016,2026-02-07,0,0,0
AGT017,2026-02-07,510,0,135
AGT018,2026-02-07,0,0,0
AGT001,2026-02-08,0,0,0
AGT002,2026-02-08,480,0,134
AGT003,2026-02-08,0,0,0
AGT004,2026-02-08,480,0,74
AGT005,2026-02-08,480,0,91
AGT007,2026-02-08,0,0,0
AGT008,2026-02-08,510,120,99
AGT009,2026-02-08,0,0,0
AGT010,2026-02-08,510,0,93
AGT011,2026-02-08,0,0,0
AGT012,2026-02-08,480,0,78
AGT013,2026-02-08,0,0,0
AGT014,2026-02-08,0,0,0
AGT015,2026-02-08,0,0,0
AGT016,2026-02-08,0,0,0
AGT017,2026-02-08,480,0,75
AGT018,2026-02-08,480,0,113
AGT001,2026-02-09,510,0,88
AGT002,2026-02-09,480,0,124
AGT003,2026-02-09,450,0,98
AGT004,2026-02-09,480,0,86
AGT005,2026-02-09,0,0,0
AGT007,2026-02-09,0,0,0
AGT008,2026-02-09,450,0,104
AGT009,2026-02-09,480,0,79
AGT010,2026-02-09,480,0,77
AGT011,2026-02-09,450,0,98
AGT012,2026-02-09,480,60,126
AGT013,2026-02-09,480,0,120
AGT014,2026-02-09,480,0,105
AGT015,2026-02-09,480,0,86
AGT016,2026-02-09,480,0,102
AGT017,2026-02-09,480,0,98
AGT018,2026-02-09,450,0,110
AGT001,2026-02-10,450,0,101
AGT002,2026-02-10,480,0,122
AGT003,2026-02-10,0,0,0
AGT004,2026-02-10,480,0,102
AGT005,2026-02-10,480,0,96
AGT007,2026-02-10,480,0,112
AGT008,2026-02-10,480,0,117
AGT009,2026-02-10,480,0,99
AGT010,2026-02-10,480,0,129
AGT011,2026-02-10,450,0,117
AGT012,2026-02-10,480,0,125
AGT013,2026-02-10,480,0,87
AGT014,2026-02-10,480,0,73
AGT015,2026-02-10,480,0,114
AGT016,2026-02-10,480,0,124
AGT017,2026-02-10,450,30,123
AGT018,2026-02-10,480,0,103
AGT001,2026-02-11,0,0,0
AGT002,2026-02-11,480,0,120
AGT003,2026-02-11,480,0,78
AGT004,2026-02-11,480,0,110
AGT005,2026-02-11,480,0,100
AGT007,2026-02-11,450,0,108
AGT008,2026-02-11,450,0,104
AGT009,2026-02-11,510,0,120
AGT010,2026-02-11,450,0,82
AGT011,2026-02-11,480,0,106
AGT012,2026-02-11,510,0,98
AGT013,2026-02-11,0,0,0
AGT014,2026-02-11,480,30,85
AGT015,2026-02-11,0,0,0
AGT016,2026-02-11,480,0,130
AGT017,2026-02-11,480,0,119
AGT018,2026-02-11,0,0,0
AGT001,2026-02-12,0,0,0
AGT002,2026-02-12,480,0,123
AGT003,2026-02-12,480,0,73
AGT004,2026-02-12,480,0,114
AGT005,2026-02-12,480,0,133
AGT007,2026-02-12,480,0,133
AGT008,2026-02-12,480,0,130
AGT009,2026-02-12,480,0,122
AGT010,2026-02-12,480,0,100
AGT011,2026-02-12,480,0,128
AGT012,2026-02-12,480,0,90
AGT013,2026-02-12,480,0,106
AGT014,2026-02-12,450,0,81
AGT015,2026-02-12,480,0,98
AGT016,2026-02-12,480,0,102
AGT017,2026-02-12,450,0,101
AGT018,2026-02-12,480,0,109
AGT001,2026-02-13,480,0,108
AGT002,2026-02-13,480,0,79
AGT003,2026-02-13,480,0,95
AGT004,2026-02-13,480,0,101
AGT005,2026-02-13,480,0,124
AGT007,2026-02-13,480,0,72
AGT008,2026-02-13,0,0,0
AGT009,2026-02-13,480,0,81
AGT010,2026-02-13,0,0,0
AGT011,2026-02-13,510,0,114
AGT012,2026-02-13,480,0,99
AGT013,2026-02-13,480,0,86
AGT014,2026-02-13,0,0,0
AGT015,2026-02-13,480,0,114
AGT016,2026-02-13,480,0,99
AGT017,2026-02-13,480,0,108
AGT018,2026-02-13,480,0,80
AGT001,2026-02-14,0,0,0
AGT002,2026-02-14,0,0,0
AGT003,2026-02-14,510,0,81
AGT004,2026-02-14,480,0,107
AGT005,2026-02-14,480,0,116
AGT007,2026-02-14,480,0,118
AGT008,2026-02-14,0,0,0
AGT009,2026-02-14,0,0,0
AGT010,2026-02-14,0,0,0
AGT011,2026-02-14,480,0,125
AGT012,2026-02-14,480,0,115
AGT013,2026-02-14,480,0,75
AGT014,2026-02-14,510,0,82
AGT015,2026-02-14,0,0,0
AGT016,2026-02-14,0,0,0
AGT017,2026-02-14,0,0,0
AGT018,2026-02-14,480,0,110
AGT001,2026-02-15,480,0,133
AGT002,2026-02-15,0,0,0
AGT003,2026-02-15,0,0,0
AGT004,2026-02-15,450,0,116
AGT005,2026-02-15,480,0,86
AGT007,2026-02-15,480,0,129
AGT008,2026-02-15,480,0,111
AGT009,2026-02-15,450,0,74
AGT010,2026-02-15,0,0,0
AGT011,2026-02-15,0,0,0
AGT012,2026-02-15,0,0,0
AGT013,2026-02-15,0,0,0
AGT014,2026-02-15,480,0,119
AGT015,2026-02-15,0,0,0
AGT016,2026-02-15,0,0,0
AGT017,2026-02-15,450,0,115
AGT018,2026-02-15,0,0,0
AGT001,2026-02-16,480,60,100
AGT002,2026-02-16,450,0,99
AGT003,2026-02-16,0,0,0
AGT004,2026-02-16,480,0,102
AGT005,2026-02-16,480,0,127
AGT007,2026-02-16,0,0,0
AGT008,2026-02-16,450,0,124
AGT009,2026-02-16,480,0,114
AGT010,2026-02-16,480,0,87
AGT011,2026-02-16,0,0,0
AGT012,2026-02-16,450,0,126
AGT013,2026-02-16,480,30,115
AGT014,2026-02-16,450,0,72
AGT015,2026-02-16,480,0,127
AGT016,2026-02-16,480,0,82
AGT017,2026-02-16,450,0,72
AGT018,2026-02-16,450,0,90
AGT001,2026-02-17,510,0,122
AGT002,2026-02-17,480,0,131
AGT003,2026-02-17,0,0,0
AGT004,2026-02-17,480,0,133
AGT005,2026-02-17,480,0,106
AGT007,2026-02-17,480,0,81
AGT008,2026-02-17,480,0,110
AGT009,2026-02-17,480,0,111
AGT010,2026-02-17,480,0,89
AGT011,2026-02-17,480,60,114
AGT012,2026-02-17,480,0,130
AGT014,2026-02-17,480,0,87
AGT015,2026-02-17,510,0,82
AGT016,2026-02-17,480,0,94
AGT017,2026-02-17,450,0,72
AGT018,2026-02-17,450,0,117
AGT001,2026-02-18,0,0,0
AGT002,2026-02-18,480,0,129
AGT003,2026-02-18,480,0,99
AGT004,2026-02-18,480,0,96
AGT005,2026-02-18,480,0,124
AGT007,2026-02-18,480,0,118
AGT008,2026-02-18,510,0,120
AGT009,2026-02-18,480,0,129
AGT010,2026-02-18,510,0,91
AGT011,2026-02-18,480,0,101
AGT012,2026-02-18,480,0,132
AGT013,2026-02-18,0,0,0
AGT014,2026-02-18,480,0,127
AGT015,2026-02-18,480,0,94
AGT016,2026-02-18,480,0,96
AGT017,2026-02-18,480,60,134
AGT018,2026-02-18,480,0,89
AGT001,2026-02-19,480,0,125
AGT002,2026-02-19,480,0,96
AGT003,2026-02-19,480,0,119
AGT004,2026-02-19,480,0,124
AGT005,2026-02-19,480,0,95
AGT007,2026-02-19,480,0,89
AGT008,2026-02-19,0,0,0
AGT009,2026-02-19,480,0,133
AGT010,2026-02-19,480,0,73
AGT011,2026-02-19,450,0,99
AGT012,2026-02-19,480,0,89
AGT013,2026-02-19,480,0,122
AGT014,2026-02-19,480,0,101
AGT015,2026-02-19,480,0,107
AGT016,2026-02-19,480,0,124
AGT017,2026-02-19,480,0,94
AGT018,2026-02-19,450,0,110
AGT001,2026-02-20,480,0,124
AGT002,2026-02-20,0,0,0
AGT003,2026-02-20,480,0,88
AGT004,2026-02-20,510,0,137
AGT005,2026-02-20,450,0,68
AGT007,2026-02-20,480,0,84
AGT008,2026-02-20,510,0,117
AGT009,2026-02-20,450,0,72
AGT010,2026-02-20,480,0,92
AGT011,2026-02-20,480,0,123
AGT012,2026-02-20,480,0,96
AGT013,2026-02-20,480,0,86
AGT014,2026-02-20,0,0,0
AGT015,2026-02-20,480,0,97
AGT016,2026-02-20,480,0,113
AGT017,2026-02-20,480,0,89
AGT018,2026-02-20,480,0,78
AGT001,2026-02-21,450,0,85
AGT002,2026-02-21,480,0,100
AGT003,2026-02-21,0,0,0
AGT004,2026-02-21,0,0,0
AGT005,2026-02-21,0,0,0
AGT007,2026-02-21,450,0,92
AGT008,2026-02-21,480,30,107
AGT009,2026-02-21,0,0,0
AGT010,2026-02-21,480,0,97
AGT011,2026-02-21,0,0,0
AGT012,2026-02-21,480,0,103
AGT013,2026-02-21,480,0,114
AGT014,2026-02-21,510,0,98
AGT015,2026-02-21,0,0,0
AGT016,2026-02-21,0,0,0
AGT017,2026-02-21,450,30,104
AGT018,2026-02-21,480,0,93
AGT001,2026-02-22,480,0,90
AGT002,2026-02-22,480,60,109
AGT003,2026-02-22,510,0,100
AGT004,2026-02-22,0,0,0
AGT005,2026-02-22,0,0,0
AGT007,2026-02-22,510,0,120
AGT008,2026-02-22,0,0,0
AGT009,2026-02-22,0,0,0
AGT010,2026-02-22,480,0,91
AGT011,2026-02-22,480,0,115
AGT012,2026-02-22,480,0,99
AGT013,2026-02-22,480,0,109
AGT014,2026-02-22,510,60,121
AGT015,2026-02-22,0,0,0
AGT016,2026-02-22,0,0,0
AGT017,2026-02-22,510,0,116
AGT018,2026-02-22,510,0,133
AGT001,2026-02-23,480,0,133
AGT002,2026-02-23,510,0,118
AGT003,2026-02-23,450,0,121
AGT004,2026-02-23,480,0,119
AGT005,2026-02-23,480,0,91
AGT007,2026-02-23,0,0,0
AGT008,2026-02-23,510,0,133
AGT009,2026-02-23,480,0,81
AGT010,2026-02-23,480,0,93
AGT011,2026-02-23,0,0,0
AGT012,2026-02-23,480,0,86
AGT013,2026-02-23,480,0,76
AGT014,2026-02-23,450,0,100
AGT015,2026-02-23,480,120,130
AGT016,2026-02-23,480,0,78
AGT017,2026-02-23,480,0,77
AGT018,2026-02-23,480,0,110
AGT001,2026-02-24,480,0,84
AGT002,2026-02-24,480,0,122
AGT003,2026-02-24,510,0,108
AGT004,2026-02-24,0,0,0
AGT005,2026-02-24,480,0,75
AGT007,2026-02-24,480,120,91
AGT008,2026-02-24,0,0,0
AGT009,2026-02-24,480,480,0
AGT010,2026-02-24,480,0,83
AGT011,2026-02-24,480,0,114
AGT012,2026-02-24,480,0,76
AGT013,2026-02-24,480,30,119
AGT014,2026-02-24,510,0,128
AGT015,2026-02-24,480,0,93
AGT016,2026-02-24,480,0,101
AGT017,2026-02-24,0,0,0
AGT018,2026-02-24,480,0,102
AGT001,2026-02-25,0,0,0
AGT002,2026-02-25,480,0,96
AGT003,2026-02-25,0,0,0
AGT004,2026-02-25,480,0,127
AGT005,2026-02-25,480,480,0
AGT007,2026-02-25,480,0,121
AGT008,2026-02-25,480,0,110
AGT009,2026-02-25,480,0,115
AGT010,2026-02-25,480,0,109
AGT011,2026-02-25,480,0,84
AGT012,2026-02-25,480,0,112
AGT013,2026-02-25,450,0,117
AGT014,2026-02-25,480,0,121
AGT015,2026-02-25,480,0,98
AGT016,2026-02-25,480,0,113
AGT017,2026-02-25,510,0,141
AGT018,2026-02-25,480,0,87
AGT001,2026-02-26,480,0,105
AGT002,2026-02-26,480,0,89
AGT003,2026-02-26,0,0,0
AGT004,2026-02-26,480,0,132
AGT005,2026-02-26,480,0,109
AGT007,2026-02-26,450,0,106
AGT008,2026-02-26,450,60,102
AGT009,2026-02-26,480,0,131
AGT010,2026-02-26,0,0,0
AGT011,2026-02-26,450,30,85
AGT012,2026-02-26,0,0,0
AGT013,2026-02-26,0,0,0
AGT014,2026-02-26,480,0,98
AGT015,2026-02-26,480,480,0
AGT016,2026-02-26,480,0,130
AGT017,2026-02-26,480,0,114
AGT018,2026-02-26,480,0,123
AGT001,2026-02-27,0,0,0
AGT002,2026-02-27,480,0,81
AGT003,2026-02-27,480,0,76
AGT004,2026-02-27,0,0,0
AGT005,2026-02-27,480,0,77
AGT007,2026-02-27,480,0,101
AGT008,2026-02-27,480,0,106
AGT009,2026-02-27,480,0,114
AGT010,2026-02-27,480,0,113
AGT011,2026-02-27,480,60,95
AGT012,2026-02-27,480,0,115
AGT013,2026-02-27,480,0,100
AGT014,2026-02-27,480,0,118
AGT015,2026-02-27,480,120,74
AGT016,2026-02-27,480,0,77
AGT017,2026-02-27,480,0,72
AGT018,2026-02-27,480,0,113
AGT001,2026-02-28,480,120,80
AGT002,2026-02-28,0,0,0
AGT003,2026-02-28,480,0,126
AGT004,2026-02-28,0,0,0
AGT005,2026-02-28,0,0,0
AGT007,2026-02-28,480,0,84
AGT008,2026-02-28,480,0,108
AGT009,2026-02-28,0,0,0
AGT010,2026-02-28,480,0,90
AGT011,2026-02-28,0,0,0
AGT012,2026-02-28,0,0,0
AGT013,2026-02-28,480,0,72
AGT014,2026-02-28,480,0,96
AGT015,2026-02-28,480,0,98
AGT016,2026-02-28,0,0,0
AGT017,2026-02-28,0,0,0
AGT018,2026-02-28,480,0,134
AGT001,2026-03-01,480,0,102
AGT002,2026-03-01,0,0,0
AGT003,2026-03-01,480,0,123
AGT004,2026-03-01,0,0,0
AGT005,2026-03-01,0,0,0
AGT007,2026-03-01,0,0,0
AGT008,2026-03-01,480,0,87
AGT009,2026-03-01,510,0,136
AGT010,2026-03-01,480,0,110
AGT011,2026-03-01,0,0,0
AGT012,2026-03-01,480,0,80
AGT013,2026-03-01,0,0,0
AGT014,2026-03-01,480,0,89
AGT015,2026-03-01,450,0,101
AGT016,2026-03-01,0,0,0
AGT017,2026-03-01,450,0,75
AGT018,2026-03-01,480,0,101
AGT001,2026-03-02,480,0,130
AGT002,2026-03-02,480,0,98
AGT003,2026-03-02,480,0,101
AGT004,2026-03-02,480,0,134
AGT005,2026-03-02,450,0,81
AGT007,2026-03-02,480,30,123
AGT008,2026-03-02,450,0,79
AGT009,2026-03-02,480,0,108
AGT010,2026-03-02,480,0,104
AGT011,2026-03-02,480,0,105
AGT012,2026-03-02,480,0,134
AGT013,2026-03-02,450,0,98
AGT014,2026-03-02,480,0,103
AGT015,2026-03-02,480,0,112
AGT016,2026-03-02,510,0,92
AGT017,2026-03-02,480,0,80
AGT018,2026-03-02,480,0,91
AGT001,2026-03-03,480,0,81
AGT002,2026-03-03,480,0,110
AGT003,2026-03-03,480,0,80
AGT004,2026-03-03,0,0,0
AGT005,2026-03-03,480,0,76
AGT007,2026-03-03,510,0,141
AGT008,2026-03-03,480,0,110
AGT009,2026-03-03,480,0,81
AGT010,2026-03-03,480,30,101
AGT011,2026-03-03,480,0,92
AGT012,2026-03-03,480,0,125
AGT013,2026-03-03,480,0,121
AGT014,2026-03-03,480,0,131
AGT015,2026-03-03,480,0,92
AGT016,2026-03-03,480,0,131
AGT017,2026-03-03,480,120,112
AGT018,2026-03-03,480,120,82
AGT001,2026-03-04,480,0,126
AGT002,2026-03-04,480,0,133
AGT003,2026-03-04,0,0,0
AGT004,2026-03-04,480,0,94
AGT005,2026-03-04,480,0,109
AGT007,2026-03-04,480,0,93
AGT008,2026-03-04,480,0,83
AGT009,2026-03-04,480,0,110
AGT010,2026-03-04,480,0,108
AGT011,2026-03-04,480,0,76
AGT012,2026-03-04,0,0,0
AGT013,2026-03-04,480,0,80
AGT014,2026-03-04,0,0,0
AGT015,2026-03-04,480,0,111
AGT016,2026-03-04,450,0,110
AGT017,2026-03-04,450,0,121
AGT018,2026-03-04,450,0,84
AGT001,2026-03-05,450,0,97
AGT002,2026-03-05,450,0,126
AGT003,2026-03-05,480,0,104
AGT004,2026-03-05,0,0,0
AGT005,2026-03-05,480,60,110
AGT007,2026-03-05,510,30,98
AGT008,2026-03-05,0,0,0
AGT009,2026-03-05,480,0,82
AGT010,2026-03-05,480,0,128
AGT011,2026-03-05,510,0,131
AGT012,2026-03-05,480,60,123
AGT013,2026-03-05,480,0,98
AGT014,2026-03-05,450,0,81
AGT015,2026-03-05,510,0,130
AGT016,2026-03-05,480,0,126
AGT017,2026-03-05,450,0,69
AGT018,2026-03-05,480,0,134
AGT001,2026-03-06,480,0,125
AGT002,2026-03-06,450,0,90
AGT003,2026-03-06,480,0,93
AGT004,2026-03-06,0,0,0
AGT005,2026-03-06,450,0,76
AGT007,2026-03-06,480,0,91
AGT008,2026-03-06,480,0,103
AGT009,2026-03-06,510,0,96
AGT010,2026-03-06,480,0,85
AGT011,2026-03-06,0,0,0
AGT012,2026-03-06,480,0,80
AGT013,2026-03-06,0,0,0
AGT014,2026-03-06,480,0,113
AGT015,2026-03-06,480,0,120
AGT016,2026-03-06,450,0,114
AGT017,2026-03-06,480,0,93
AGT018,2026-03-06,0,0,0
AGT001,2026-03-07,0,0,0
AGT002,2026-03-07,480,0,113
AGT003,2026-03-07,0,0,0
AGT004,2026-03-07,0,0,0
AGT005,2026-03-07,450,0,91
AGT007,2026-03-07,0,0,0
AGT008,2026-03-07,0,0,0
AGT009,2026-03-07,480,0,111
AGT010,2026-03-07,480,0,88
AGT011,2026-03-07,0,0,0
AGT012,2026-03-07,0,0,0
AGT013,2026-03-07,480,0,80
AGT014,2026-03-07,480,0,133
AGT015,2026-03-07,480,0,98
AGT016,2026-03-07,480,0,101
AGT017,2026-03-07,0,0,0
AGT018,2026-03-07,480,0,126
AGT001,2026-03-08,0,0,0
AGT002,2026-03-08,0,0,0
AGT003,2026-03-08,0,0,0
AGT004,2026-03-08,480,0,119
AGT005,2026-03-08,480,0,97
AGT007,2026-03-08,0,0,0
AGT008,2026-03-08,0,0,0
AGT009,2026-03-08,480,0,118
AGT010,2026-03-08,510,0,102
AGT011,2026-03-08,0,0,0
AGT012,2026-03-08,480,0,88
AGT013,2026-03-08,480,0,130
AGT014,2026-03-08,0,0,0
AGT015,2026-03-08,0,0,0
AGT016,2026-03-08,480,0,109
AGT017,2026-03-08,0,0,0
AGT018,2026-03-08,0,0,0
AGT001,2026-03-09,480,0,100
AGT002,2026-03-09,480,0,129
AGT003,2026-03-09,0,0,0
AGT004,2026-03-09,480,0,81
AGT005,2026-03-09,0,0,0
AGT007,2026-03-09,450,0,94
AGT008,2026-03-09,510,0,125
AGT009,2026-03-09,480,0,132
AGT010,2026-03-09,480,0,105
AGT011,2026-03-09,480,0,100
AGT012,2026-03-09,450,60,87
AGT013,2026-03-09,480,0,132
AGT014,2026-03-09,0,0,0
AGT015,2026-03-09,0,0,0
AGT016,2026-03-09,0,0,0
AGT017,2026-03-09,480,30,92
AGT018,2026-03-09,480,0,75
AGT001,2026-03-10,0,0,0
AGT002,2026-03-10,480,0,110
AGT003,2026-03-10,510,0,114
AGT004,2026-03-10,480,0,111
AGT005,2026-03-10,0,0,0
AGT007,2026-03-10,480,0,121
AGT008,2026-03-10,480,0,97
AGT009,2026-03-10,480,0,104
AGT010,2026-03-10,0,0,0
AGT011,2026-03-10,450,0,106
AGT012,2026-03-10,0,0,0
AGT013,2026-03-10,480,0,101
AGT014,2026-03-10,480,480,0
AGT015,2026-03-10,480,0,120
AGT016,2026-03-10,480,0,75
AGT017,2026-03-10,510,0,127
AGT018,2026-03-10,450,0,74
AGT001,2026-03-11,480,0,79
AGT002,2026-03-11,510,0,87
AGT003,2026-03-11,510,0,126
AGT004,2026-03-11,510,0,120
AGT005,2026-03-11,0,0,0
AGT006,2026-03-11,0,0,0
AGT007,2026-03-11,480,0,130
AGT008,2026-03-11,480,0,127
AGT009,2026-03-11,0,0,0
AGT010,2026-03-11,480,0,85
AGT011,2026-03-11,0,0,0
AGT012,2026-03-11,480,0,102
AGT013,2026-03-11,480,0,91
AGT014,2026-03-11,480,0,122
AGT015,2026-03-11,510,0,80
AGT016,2026-03-11,450,0,83
AGT017,2026-03-11,480,0,129
AGT018,2026-03-11,450,0,100
AGT001,2026-03-12,480,0,92
AGT002,2026-03-12,450,0,87
AGT003,2026-03-12,480,0,87
AGT004,2026-03-12,450,0,68
AGT005,2026-03-12,480,0,130
AGT006,2026-03-12,480,0,116
AGT007,2026-03-12,480,0,115
AGT008,2026-03-12,510,0,93
AGT009,2026-03-12,450,0,70
AGT010,2026-03-12,450,0,113
AGT011,2026-03-12,480,0,122
AGT012,2026-03-12,480,0,113
AGT013,2026-03-12,480,0,98
AGT014,2026-03-12,0,0,0
AGT015,2026-03-12,0,0,0
AGT016,2026-03-12,450,0,125
AGT017,2026-03-12,450,0,90
AGT018,2026-03-12,510,0,94
AGT001,2026-03-13,450,30,119
AGT002,2026-03-13,0,0,0
AGT003,2026-03-13,480,0,123
AGT004,2026-03-13,510,0,129
AGT005,2026-03-13,0,0,0
AGT006,2026-03-13,480,0,118
AGT007,2026-03-13,480,0,74
AGT008,2026-03-13,510,0,112
AGT009,2026-03-13,450,0,103
AGT010,2026-03-13,480,0,99
AGT011,2026-03-13,510,0,115
AGT012,2026-03-13,480,0,83
AGT013,2026-03-13,480,0,129
AGT014,2026-03-13,0,0,0
AGT015,2026-03-13,480,0,106
AGT016,2026-03-13,480,0,75
AGT017,2026-03-13,480,0,78
AGT018,2026-03-13,480,0,99
AGT001,2026-03-14,0,0,0
AGT002,2026-03-14,0,0,0
AGT003,2026-03-14,0,0,0
AGT004,2026-03-14,480,0,75
AGT005,2026-03-14,0,0,0
AGT006,2026-03-14,480,30,96
AGT007,2026-03-14,0,0,0
AGT008,2026-03-14,480,0,124
AGT009,2026-03-14,480,0,116
AGT010,2026-03-14,0,0,0
AGT011,2026-03-14,480,0,76
AGT012,2026-03-14,0,0,0
AGT013,2026-03-14,0,0,0
AGT014,2026-03-14,0,0,0
AGT015,2026-03-14,480,0,118
AGT016,2026-03-14,480,0,75
AGT017,2026-03-14,480,0,119
AGT018,2026-03-14,480,0,87
AGT001,2026-03-15,0,0,0
AGT002,2026-03-15,480,0,130
AGT003,2026-03-15,0,0,0
AGT004,2026-03-15,510,0,112
AGT005,2026-03-15,0,0,0
AGT006,2026-03-15,480,0,83
AGT007,2026-03-15,0,0,0
AGT008,2026-03-15,0,0,0
AGT009,2026-03-15,0,0,0
AGT010,2026-03-15,480,0,118
AGT011,2026-03-15,480,0,77
AGT012,2026-03-15,480,0,82
AGT013,2026-03-15,510,0,88
AGT014,2026-03-15,510,0,98
AGT015,2026-03-15,0,0,0
AGT016,2026-03-15,480,0,113
AGT017,2026-03-15,450,0,73
AGT018,2026-03-15,0,0,0
AGT001,2026-03-16,480,0,114
AGT002,2026-03-16,480,0,103
AGT003,2026-03-16,480,0,90
AGT004,2026-03-16,480,0,81
AGT005,2026-03-16,450,0,77
AGT006,2026-03-16,480,0,125
AGT007,2026-03-16,0,0,0
AGT008,2026-03-16,480,0,131
AGT009,2026-03-16,480,0,72
AGT010,2026-03-16,0,0,0
AGT011,2026-03-16,510,0,128
AGT012,2026-03-16,480,0,75
AGT013,2026-03-16,480,30,108
AGT014,2026-03-16,480,0,112
AGT015,2026-03-16,480,0,127
AGT016,2026-03-16,450,0,106
AGT017,2026-03-16,480,0,123
AGT018,2026-03-16,510,0,120
AGT001,2026-03-17,510,0,113
AGT002,2026-03-17,450,0,87
AGT003,2026-03-17,480,0,81
AGT004,2026-03-17,480,0,103
AGT005,2026-03-17,0,0,0
AGT006,2026-03-17,450,0,87
AGT007,2026-03-17,480,0,102
AGT008,2026-03-17,480,120,115
AGT009,2026-03-17,480,0,99
AGT010,2026-03-17,480,0,111
AGT011,2026-03-17,480,0,80
AGT012,2026-03-17,480,0,86
AGT013,2026-03-17,480,0,109
AGT014,2026-03-17,480,0,88
AGT015,2026-03-17,0,0,0
AGT016,2026-03-17,480,0,111
AGT017,2026-03-17,480,0,116
AGT018,2026-03-17,480,0,123
AGT001,2026-03-18,480,0,74
AGT002,2026-03-18,480,0,95
AGT003,2026-03-18,480,0,107
AGT004,2026-03-18,510,0,89
AGT005,2026-03-18,0,0,0
AGT006,2026-03-18,0,0,0
AGT007,2026-03-18,450,0,96
AGT008,2026-03-18,480,0,130
AGT009,2026-03-18,480,0,107
AGT010,2026-03-18,510,0,95
AGT011,2026-03-18,0,0,0
AGT012,2026-03-18,480,0,134
AGT013,2026-03-18,480,0,114
AGT014,2026-03-18,0,0,0
AGT015,2026-03-18,480,0,97
AGT016,2026-03-18,480,0,81
AGT017,2026-03-18,450,0,109
AGT018,2026-03-18,480,0,99
AGT001,2026-03-19,0,0,0
AGT002,2026-03-19,0,0,0
AGT003,2026-03-19,480,0,88
AGT004,2026-03-19,0,0,0
AGT005,2026-03-19,480,0,107
AGT006,2026-03-19,480,0,100
AGT007,2026-03-19,510,0,123
AGT008,2026-03-19,0,0,0
AGT009,2026-03-19,480,0,111
AGT010,2026-03-19,480,0,88
AGT011,2026-03-19,480,0,114
AGT012,2026-03-19,480,0,103
AGT013,2026-03-19,480,0,110
AGT014,2026-03-19,480,0,96
AGT015,2026-03-19,450,0,124
AGT016,2026-03-19,480,0,116
AGT017,2026-03-19,480,0,92
AGT018,2026-03-19,480,0,106
AGT001,2026-03-20,450,0,80
AGT002,2026-03-20,510,0,122
AGT003,2026-03-20,480,0,81
AGT004,2026-03-20,480,0,106
AGT005,2026-03-20,0,0,0
AGT006,2026-03-20,0,0,0
AGT007,2026-03-20,480,0,101
AGT008,2026-03-20,510,0,101
AGT009,2026-03-20,480,0,93
AGT010,2026-03-20,510,0,130
AGT011,2026-03-20,510,0,103
AGT012,2026-03-20,0,0,0
AGT013,2026-03-20,480,0,96
AGT014,2026-03-20,480,120,116
AGT015,2026-03-20,480,0,123
AGT016,2026-03-20,480,0,75
AGT017,2026-03-20,480,0,96
AGT018,2026-03-20,480,0,99
AGT001,2026-03-21,0,0,0
AGT002,2026-03-21,480,0,114
AGT003,2026-03-21,0,0,0
AGT004,2026-03-21,0,0,0
AGT005,2026-03-21,0,0,0
AGT006,2026-03-21,450,0,109
AGT007,2026-03-21,0,0,0
AGT008,2026-03-21,480,0,125
AGT009,2026-03-21,480,0,101
AGT010,2026-03-21,480,0,112
AGT011,2026-03-21,480,0,104
AGT012,2026-03-21,0,0,0
AGT013,2026-03-21,0,0,0
AGT014,2026-03-21,0,0,0
AGT015,2026-03-21,0,0,0
AGT016,2026-03-21,480,0,88
AGT017,2026-03-21,480,0,84
AGT018,2026-03-21,480,60,103
AGT001,2026-03-22,0,0,0
AGT002,2026-03-22,0,0,0
AGT003,2026-03-22,0,0,0
AGT004,2026-03-22,480,0,98
AGT005,2026-03-22,0,0,0
AGT006,2026-03-22,480,0,106
AGT007,2026-03-22,480,0,95
AGT008,2026-03-22,0,0,0
AGT009,2026-03-22,0,0,0
AGT010,2026-03-22,0,0,0
AGT011,2026-03-22,480,480,0
AGT012,2026-03-22,480,0,87
AGT013,2026-03-22,0,0,0
AGT014,2026-03-22,510,0,96
AGT015,2026-03-22,0,0,0
AGT016,2026-03-22,0,0,0
AGT017,2026-03-22,450,0,83
AGT018,2026-03-22,480,0,78
AGT001,2026-03-23,480,0,107
AGT002,2026-03-23,480,0,95
AGT003,2026-03-23,510,0,99
AGT004,2026-03-23,510,0,110
AGT005,2026-03-23,480,120,134
AGT006,2026-03-23,450,120,104
AGT007,2026-03-23,480,0,91
AGT008,2026-03-23,0,0,0
AGT009,2026-03-23,480,0,99
AGT010,2026-03-23,510,0,112
AGT011,2026-03-23,480,0,120
AGT012,2026-03-23,480,0,120
AGT013,2026-03-23,480,0,82
AGT014,2026-03-23,0,0,0
AGT015,2026-03-23,480,0,103
AGT016,2026-03-23,450,0,79
AGT017,2026-03-23,510,0,78
AGT018,2026-03-23,480,0,74
AGT001,2026-03-24,480,0,97
AGT002,2026-03-24,480,0,123
AGT003,2026-03-24,480,0,77
AGT004,2026-03-24,480,0,129
AGT005,2026-03-24,480,0,83
AGT006,2026-03-24,510,30,130
AGT007,2026-03-24,480,0,112
AGT008,2026-03-24,0,0,0
AGT009,2026-03-24,0,0,0
AGT010,2026-03-24,480,0,98
AGT011,2026-03-24,480,480,0
AGT012,2026-03-24,480,0,80
AGT013,2026-03-24,450,60,82
AGT014,2026-03-24,0,0,0
AGT015,2026-03-24,480,0,111
AGT016,2026-03-24,480,0,86
AGT017,2026-03-24,480,0,74
AGT018,2026-03-24,480,0,115
AGT001,2026-03-25,480,0,86
AGT002,2026-03-25,480,0,120
AGT003,2026-03-25,480,0,91
AGT004,2026-03-25,480,0,82
AGT005,2026-03-25,480,0,81
AGT006,2026-03-25,450,0,120
AGT007,2026-03-25,480,0,87
AGT008,2026-03-25,480,30,133
AGT009,2026-03-25,0,0,0
AGT010,2026-03-25,450,0,92
AGT011,2026-03-25,480,0,116
AGT012,2026-03-25,480,0,110
AGT013,2026-03-25,450,0,85
AGT014,2026-03-25,480,0,87
AGT015,2026-03-25,480,0,77
AGT016,2026-03-25,450,0,74
AGT017,2026-03-25,480,0,133
AGT018,2026-03-25,480,30,95
AGT001,2026-03-26,480,0,94
AGT002,2026-03-26,450,0,90
AGT003,2026-03-26,480,0,107
AGT004,2026-03-26,480,0,77
AGT005,2026-03-26,480,0,76
AGT006,2026-03-26,480,0,97
AGT007,2026-03-26,480,0,88
AGT008,2026-03-26,480,0,74
AGT009,2026-03-26,480,0,74
AGT010,2026-03-26,480,0,120
AGT011,2026-03-26,480,0,127
AGT012,2026-03-26,510,0,139
AGT013,2026-03-26,480,0,119
AGT014,2026-03-26,510,0,84
AGT015,2026-03-26,480,0,73
AGT016,2026-03-26,480,0,88
AGT017,2026-03-26,480,0,120
AGT018,2026-03-26,480,0,72
AGT001,2026-03-27,0,0,0
AGT002,2026-03-27,450,0,89
AGT003,2026-03-27,480,120,75
AGT004,2026-03-27,480,0,85
AGT005,2026-03-27,510,0,117
AGT006,2026-03-27,480,0,81
AGT007,2026-03-27,450,0,118
AGT008,2026-03-27,0,0,0
AGT009,2026-03-27,510,0,81
AGT010,2026-03-27,480,0,93
AGT011,2026-03-27,480,0,76
AGT012,2026-03-27,450,0,73
AGT013,2026-03-27,480,0,126
AGT014,2026-03-27,480,120,124
AGT015,2026-03-27,450,0,87
AGT016,2026-03-27,480,0,94
AGT017,2026-03-27,480,0,106
AGT018,2026-03-27,480,0,86
AGT001,2026-03-28,480,0,116
AGT002,2026-03-28,450,0,86
AGT003,2026-03-28,0,0,0
AGT004,2026-03-28,480,30,72
AGT005,2026-03-28,0,0,0
AGT006,2026-03-28,0,0,0
AGT007,2026-03-28,480,0,118
AGT008,2026-03-28,480,0,123
AGT009,2026-03-28,0,0,0
AGT010,2026-03-28,480,0,115
AGT011,2026-03-28,0,0,0
AGT012,2026-03-28,0,0,0
AGT013,2026-03-28,480,0,98
AGT014,2026-03-28,0,0,0
AGT015,2026-03-28,0,0,0
AGT016,2026-03-28,480,30,100
AGT017,2026-03-28,480,0,112
AGT018,2026-03-28,480,0,122
AGT001,2026-03-29,480,0,92
AGT002,2026-03-29,0,0,0
AGT003,2026-03-29,0,0,0
AGT004,2026-03-29,480,0,73
AGT005,2026-03-29,450,0,113
AGT006,2026-03-29,450,0,68
AGT007,2026-03-29,480,0,83
AGT008,2026-03-29,480,0,120
AGT009,2026-03-29,480,0,106
AGT010,2026-03-29,510,0,101
AGT011,2026-03-29,480,0,93
AGT012,2026-03-29,0,0,0
AGT013,2026-03-29,0,0,0
AGT014,2026-03-29,480,0,89
AGT015,2026-03-29,480,0,112
AGT016,2026-03-29,0,0,0
AGT017,2026-03-29,480,0,100
AGT018,2026-03-29,480,0,130
AGT001,2026-03-30,480,0,125
AGT002,2026-03-30,480,0,121
AGT003,2026-03-30,450,0,72
AGT004,2026-03-30,480,0,125
AGT005,2026-03-30,480,0,123
AGT006,2026-03-30,480,0,127
AGT007,2026-03-30,480,0,122
AGT008,2026-03-30,480,0,74
AGT009,2026-03-30,480,0,97
AGT010,2026-03-30,480,0,85
AGT011,2026-03-30,480,0,84
AGT012,2026-03-30,480,0,130
AGT013,2026-03-30,480,0,88
AGT014,2026-03-30,450,0,119
AGT015,2026-03-30,480,480,0
AGT016,2026-03-30,480,0,116
AGT017,2026-03-30,480,0,75
AGT018,2026-03-30,480,0,108
AGT001,2026-03-31,480,120,89
AGT002,2026-03-31,0,0,0
AGT003,2026-03-31,480,0,96
AGT004,2026-03-31,480,0,81
AGT005,2026-03-31,0,0,0
AGT006,2026-03-31,480,0,95
AGT007,2026-03-31,480,0,81
AGT008,2026-03-31,450,0,116
AGT009,2026-03-31,480,0,133
AGT010,2026-03-31,510,0,122
AGT011,2026-03-31,480,0,130
AGT012,2026-03-31,480,0,94
AGT013,2026-03-31,450,0,100
AGT014,2026-03-31,510,0,138
AGT015,2026-03-31,480,0,112
AGT016,2026-03-31,480,0,79
AGT017,2026-03-31,480,0,93
AGT018,2026-03-31,480,0,97
AGT001,2026-04-01,480,0,105
AGT002,2026-04-01,510,0,109
AGT003,2026-04-01,480,0,96
AGT004,2026-04-01,510,510,0
AGT005,2026-04-01,450,0,99
AGT006,2026-04-01,450,0,80
AGT007,2026-04-01,0,0,0
AGT008,2026-04-01,0,0,0
AGT009,2026-04-01,480,0,120
AGT010,2026-04-01,0,0,0
AGT011,2026-04-01,480,0,110
AGT012,2026-04-01,480,0,88
AGT013,2026-04-01,480,0,115
AGT014,2026-04-01,450,0,105
AGT015,2026-04-01,480,0,125
AGT016,2026-04-01,0,0,0
AGT017,2026-04-01,450,0,101
AGT018,2026-04-01,480,0,133
AGT001,2026-04-02,450,0,70
AGT002,2026-04-02,480,0,97
AGT003,2026-04-02,480,0,124
AGT004,2026-04-02,480,0,87
AGT005,2026-04-02,0,0,0
AGT006,2026-04-02,450,0,78
AGT007,2026-04-02,480,0,76
AGT008,2026-04-02,480,0,129
AGT009,2026-04-02,480,0,129
AGT010,2026-04-02,480,0,91
AGT011,2026-04-02,480,0,82
AGT012,2026-04-02,480,0,108
AGT013,2026-04-02,480,0,91
AGT014,2026-04-02,450,0,106
AGT015,2026-04-02,480,0,131
AGT016,2026-04-02,480,0,103
AGT017,2026-04-02,0,0,0
AGT018,2026-04-02,480,0,86
AGT001,2026-04-03,0,0,0
AGT002,2026-04-03,0,0,0
AGT003,2026-04-03,480,0,126
AGT004,2026-04-03,480,0,100
AGT005,2026-04-03,0,0,0
AGT006,2026-04-03,480,0,84
AGT007,2026-04-03,480,0,105
AGT008,2026-04-03,0,0,0
AGT009,2026-04-03,450,0,85
AGT010,2026-04-03,480,0,106
AGT011,2026-04-03,480,0,94
AGT012,2026-04-03,480,0,100
AGT013,2026-04-03,480,480,0
AGT014,2026-04-03,480,120,129
AGT015,2026-04-03,480,60,116
AGT016,2026-04-03,0,0,0
AGT017,2026-04-03,480,0,88
AGT018,2026-04-03,510,0,103
AGT001,2026-04-04,0,0,0
AGT002,2026-04-04,480,0,75
AGT003,2026-04-04,480,0,75
AGT004,2026-04-04,480,0,90
AGT005,2026-04-04,480,0,112
AGT006,2026-04-04,450,0,88
AGT007,2026-04-04,450,0,85
AGT008,2026-04-04,480,0,122
AGT009,2026-04-04,480,0,87
AGT010,2026-04-04,450,0,94
AGT011,2026-04-04,510,0,84
AGT012,2026-04-04,480,0,129
AGT013,2026-04-04,0,0,0
AGT014,2026-04-04,480,0,114
AGT015,2026-04-04,450,0,83
AGT016,2026-04-04,0,0,0
AGT017,2026-04-04,0,0,0
AGT018,2026-04-04,0,0,0
AGT001,2026-04-05,0,0,0
AGT002,2026-04-05,0,0,0
AGT003,2026-04-05,0,0,0
AGT004,2026-04-05,510,0,120
AGT005,2026-04-05,450,0,88
AGT006,2026-04-05,0,0,0
AGT007,2026-04-05,480,0,94
AGT008,2026-04-05,0,0,0
AGT009,2026-04-05,0,0,0
AGT010,2026-04-05,0,0,0
AGT011,2026-04-05,480,0,122
AGT012,2026-04-05,0,0,0
AGT013,2026-04-05,480,0,124
AGT014,2026-04-05,0,0,0
AGT015,2026-04-05,450,0,87
AGT016,2026-04-05,0,0,0
AGT017,2026-04-05,480,0,109
AGT018,2026-04-05,480,0,103
AGT001,2026-04-06,480,0,96
AGT002,2026-04-06,450,0,120
AGT003,2026-04-06,510,0,132
AGT004,2026-04-06,480,0,112
AGT005,2026-04-06,510,0,86
AGT006,2026-04-06,480,0,95
AGT007,2026-04-06,480,0,97
AGT008,2026-04-06,480,0,103
AGT009,2026-04-06,480,0,117
AGT010,2026-04-06,480,0,93
AGT011,2026-04-06,510,0,85
AGT012,2026-04-06,480,0,100
AGT013,2026-04-06,0,0,0
AGT014,2026-04-06,480,0,102
AGT015,2026-04-06,0,0,0
AGT016,2026-04-06,480,0,122
AGT017,2026-04-06,480,0,72
AGT018,2026-04-06,480,0,90
AGT001,2026-04-07,480,0,110
AGT002,2026-04-07,0,0,0
AGT003,2026-04-07,450,0,96
AGT004,2026-04-07,0,0,0
AGT005,2026-04-07,480,0,131
AGT006,2026-04-07,480,0,125
AGT007,2026-04-07,510,510,0
AGT008,2026-04-07,450,0,78
AGT009,2026-04-07,480,0,111
AGT010,2026-04-07,480,0,97
AGT011,2026-04-07,480,0,73
AGT012,2026-04-07,480,0,91
AGT013,2026-04-07,480,0,124
AGT014,2026-04-07,480,0,97
AGT015,2026-04-07,480,480,0
AGT016,2026-04-07,480,0,113
AGT017,2026-04-07,480,0,110
AGT018,2026-04-07,480,0,100
AGT001,2026-04-08,480,0,117
AGT002,2026-04-08,480,0,93
AGT003,2026-04-08,480,0,80
AGT004,2026-04-08,450,0,99
AGT005,2026-04-08,450,0,113
AGT006,2026-04-08,480,0,115
AGT007,2026-04-08,450,0,92
AGT008,2026-04-08,480,0,102
AGT009,2026-04-08,480,0,92
AGT010,2026-04-08,480,0,109
AGT011,2026-04-08,480,0,117
AGT012,2026-04-08,480,0,116
AGT013,2026-04-08,480,0,107
AGT014,2026-04-08,0,0,0
AGT015,2026-04-08,450,0,72
AGT016,2026-04-08,480,0,90
AGT017,2026-04-08,480,0,133
AGT018,2026-04-08,0,0,0
AGT001,2026-04-09,510,0,129
AGT002,2026-04-09,480,0,104
AGT003,2026-04-09,0,0,0
AGT004,2026-04-09,480,0,123
AGT005,2026-04-09,480,0,105
AGT006,2026-04-09,480,0,112
AGT007,2026-04-09,480,0,93
AGT008,2026-04-09,480,0,80
AGT009,2026-04-09,480,0,129
AGT010,2026-04-09,480,0,118
AGT011,2026-04-09,0,0,0
AGT012,2026-04-09,0,0,0
AGT013,2026-04-09,480,0,83
AGT014,2026-04-09,480,120,83
AGT015,2026-04-09,480,0,81
AGT016,2026-04-09,510,0,110
AGT017,2026-04-09,480,0,131
AGT018,2026-04-09,480,0,88
AGT001,2026-04-10,480,0,92
AGT002,2026-04-10,480,0,107
AGT003,2026-04-10,480,0,125
AGT004,2026-04-10,480,30,121
AGT005,2026-04-10,480,60,128
AGT006,2026-04-10,480,0,112
AGT007,2026-04-10,480,0,114
AGT008,2026-04-10,480,0,107
AGT009,2026-04-10,480,0,77
AGT010,2026-04-10,510,120,115
AGT011,2026-04-10,450,60,112
AGT012,2026-04-10,480,0,95
AGT013,2026-04-10,480,0,130
AGT014,2026-04-10,0,0,0
AGT015,2026-04-10,480,0,94
AGT016,2026-04-10,480,0,82
AGT017,2026-04-10,450,0,93
AGT018,2026-04-10,480,0,124
AGT001,2026-04-11,0,0,0
AGT002,2026-04-11,480,0,119
AGT003,2026-04-11,0,0,0
AGT004,2026-04-11,0,0,0
AGT005,2026-04-11,0,0,0
AGT006,2026-04-11,480,30,81
AGT007,2026-04-11,0,0,0
AGT008,2026-04-11,480,0,131
AGT009,2026-04-11,0,0,0
AGT010,2026-04-11,0,0,0
AGT011,2026-04-11,480,0,92
AGT012,2026-04-11,0,0,0
AGT013,2026-04-11,480,0,122
AGT014,2026-04-11,0,0,0
AGT015,2026-04-11,0,0,0
AGT016,2026-04-11,0,0,0
AGT017,2026-04-11,450,0,88
AGT018,2026-04-11,450,0,96
AGT001,2026-04-12,480,0,113
AGT002,2026-04-12,0,0,0
AGT003,2026-04-12,0,0,0
AGT004,2026-04-12,480,0,134
AGT005,2026-04-12,450,0,75
AGT006,2026-04-12,0,0,0
AGT007,2026-04-12,510,0,101
AGT008,2026-04-12,0,0,0
AGT009,2026-04-12,0,0,0
AGT010,2026-04-12,0,0,0
AGT011,2026-04-12,0,0,0
AGT012,2026-04-12,480,0,94
AGT013,2026-04-12,480,0,86
AGT014,2026-04-12,480,0,85
AGT015,2026-04-12,480,0,121
AGT016,2026-04-12,450,0,91
AGT017,2026-04-12,0,0,0
AGT018,2026-04-12,450,0,71
AGT001,2026-04-13,480,0,121
AGT002,2026-04-13,510,0,77
AGT003,2026-04-13,0,0,0
AGT004,2026-04-13,480,0,96
AGT005,2026-04-13,510,0,85
AGT006,2026-04-13,0,0,0
AGT007,2026-04-13,450,0,69
AGT008,2026-04-13,480,0,129
AGT009,2026-04-13,480,0,121
AGT010,2026-04-13,0,0,0
AGT011,2026-04-13,0,0,0
AGT012,2026-04-13,0,0,0
AGT013,2026-04-13,480,120,74
AGT014,2026-04-13,0,0,0
AGT015,2026-04-13,510,0,121
AGT016,2026-04-13,480,0,102
AGT017,2026-04-13,450,0,118
AGT018,2026-04-13,480,0,113
AGT001,2026-04-14,0,0,0
AGT002,2026-04-14,480,0,115
AGT003,2026-04-14,480,0,89
AGT004,2026-04-14,480,0,99
AGT005,2026-04-14,450,0,73
AGT006,2026-04-14,480,0,102
AGT007,2026-04-14,480,0,87
AGT008,2026-04-14,480,0,126
AGT009,2026-04-14,0,0,0
AGT010,2026-04-14,480,0,110
AGT011,2026-04-14,480,0,94
AGT012,2026-04-14,480,0,104
AGT013,2026-04-14,510,0,80
AGT014,2026-04-14,480,0,122
AGT015,2026-04-14,510,0,90
AGT016,2026-04-14,480,0,97
AGT017,2026-04-14,0,0,0
AGT018,2026-04-14,480,0,102
AGT001,2026-04-15,0,0,0
AGT002,2026-04-15,510,0,114
AGT003,2026-04-15,480,0,124
AGT004,2026-04-15,480,0,104
AGT005,2026-04-15,480,0,132
AGT006,2026-04-15,480,0,100
AGT007,2026-04-15,480,0,91
AGT008,2026-04-15,480,0,87
AGT009,2026-04-15,480,0,117
AGT010,2026-04-15,480,60,95
AGT011,2026-04-15,480,0,77
AGT012,2026-04-15,480,0,74
AGT013,2026-04-15,450,0,106
AGT014,2026-04-15,510,0,111
AGT015,2026-04-15,480,0,86
AGT016,2026-04-15,480,0,73
AGT017,2026-04-15,480,480,0
AGT018,2026-04-15,480,0,104
AGT001,2026-04-16,450,0,102
AGT002,2026-04-16,510,0,93
AGT003,2026-04-16,480,120,79
AGT004,2026-04-16,480,0,109
AGT005,2026-04-16,480,0,118
AGT006,2026-04-16,450,0,97
AGT007,2026-04-16,480,0,108
AGT008,2026-04-16,480,0,81
AGT009,2026-04-16,480,0,85
AGT010,2026-04-16,450,0,115
AGT011,2026-04-16,0,0,0
AGT012,2026-04-16,0,0,0
AGT013,2026-04-16,0,0,0
AGT014,2026-04-16,480,0,120
AGT015,2026-04-16,0,0,0
AGT016,2026-04-16,450,0,80
AGT017,2026-04-16,480,0,114
AGT018,2026-04-16,480,0,118
AGT001,2026-04-17,480,0,87
AGT002,2026-04-17,0,0,0
AGT003,2026-04-17,480,0,79
AGT004,2026-04-17,480,0,132
AGT005,2026-04-17,480,0,83
AGT006,2026-04-17,450,0,110
AGT007,2026-04-17,480,0,123
AGT008,2026-04-17,480,0,128
AGT009,2026-04-17,480,0,88
AGT010,2026-04-17,480,0,120
AGT011,2026-04-17,480,0,111
AGT012,2026-04-17,480,0,97
AGT013,2026-04-17,480,0,77
AGT014,2026-04-17,480,0,101
AGT015,2026-04-17,450,0,92
AGT016,2026-04-17,480,0,87
AGT017,2026-04-17,0,0,0
AGT018,2026-04-17,480,0,125
AGT001,2026-04-18,480,0,72
AGT002,2026-04-18,450,0,71
AGT003,2026-04-18,0,0,0
AGT004,2026-04-18,0,0,0
AGT005,2026-04-18,480,0,99
AGT006,2026-04-18,0,0,0
AGT007,2026-04-18,480,0,77
AGT008,2026-04-18,480,0,81
AGT009,2026-04-18,450,0,84
AGT010,2026-04-18,0,0,0
AGT011,2026-04-18,0,0,0
AGT012,2026-04-18,0,0,0
AGT013,2026-04-18,480,0,131
AGT014,2026-04-18,480,0,110
AGT015,2026-04-18,0,0,0
AGT016,2026-04-18,450,0,76
AGT017,2026-04-18,480,0,82
AGT018,2026-04-18,480,0,86
AGT001,2026-04-19,0,0,0
AGT002,2026-04-19,450,0,117
AGT003,2026-04-19,480,30,115
AGT004,2026-04-19,0,0,0
AGT005,2026-04-19,450,0,99
AGT006,2026-04-19,0,0,0
AGT007,2026-04-19,0,0,0
AGT008,2026-04-19,0,0,0
AGT009,2026-04-19,0,0,0
AGT010,2026-04-19,480,0,114
AGT011,2026-04-19,480,0,115
AGT012,2026-04-19,0,0,0
AGT013,2026-04-19,480,0,131
AGT014,2026-04-19,0,0,0
AGT015,2026-04-19,510,0,103
AGT016,2026-04-19,0,0,0
AGT017,2026-04-19,480,0,99
AGT018,2026-04-19,0,0,0
AGT001,2026-04-20,480,0,75
AGT002,2026-04-20,0,0,0
AGT003,2026-04-20,450,0,69
AGT004,2026-04-20,510,0,107
AGT005,2026-04-20,480,0,89
AGT006,2026-04-20,0,0,0
AGT007,2026-04-20,480,0,131
AGT008,2026-04-20,480,0,111
AGT009,2026-04-20,480,30,87
AGT010,2026-04-20,450,0,120
AGT011,2026-04-20,510,0,102
AGT012,2026-04-20,480,0,102
AGT013,2026-04-20,510,0,94
AGT014,2026-04-20,480,0,115
AGT015,2026-04-20,480,0,87
AGT016,2026-04-20,480,0,107
AGT017,2026-04-20,510,0,133
AGT018,2026-04-20,480,0,99
AGT001,2026-04-21,0,0,0
AGT002,2026-04-21,450,0,76
AGT003,2026-04-21,480,0,125
AGT004,2026-04-21,480,0,104
AGT005,2026-04-21,480,0,81
AGT006,2026-04-21,480,0,129
AGT007,2026-04-21,480,0,110
AGT008,2026-04-21,480,0,102
AGT009,2026-04-21,480,0,130
AGT010,2026-04-21,480,0,103
AGT011,2026-04-21,480,0,111
AGT012,2026-04-21,480,0,79
AGT013,2026-04-21,480,0,82
AGT014,2026-04-21,0,0,0
AGT015,2026-04-21,480,0,103
AGT016,2026-04-21,510,0,101
AGT017,2026-04-21,480,0,76
AGT018,2026-04-21,450,0,88
AGT001,2026-04-22,480,0,72
AGT002,2026-04-22,450,0,86
AGT003,2026-04-22,480,0,81
AGT004,2026-04-22,480,0,93
AGT005,2026-04-22,480,0,128
AGT006,2026-04-22,480,0,83
AGT007,2026-04-22,450,0,121
AGT008,2026-04-22,480,0,85
AGT009,2026-04-22,480,0,115
AGT010,2026-04-22,480,0,105
AGT011,2026-04-22,480,0,95
AGT012,2026-04-22,0,0,0
AGT013,2026-04-22,480,0,81
AGT014,2026-04-22,480,0,99
AGT015,2026-04-22,0,0,0
AGT016,2026-04-22,480,0,92
AGT017,2026-04-22,480,0,74
AGT018,2026-04-22,480,0,125
AGT001,2026-04-23,480,0,92
AGT002,2026-04-23,0,0,0
AGT003,2026-04-23,480,0,101
AGT004,2026-04-23,510,0,129
AGT005,2026-04-23,480,0,130
AGT006,2026-04-23,480,0,130
AGT007,2026-04-23,480,0,134
AGT008,2026-04-23,480,0,128
AGT009,2026-04-23,0,0,0
AGT010,2026-04-23,450,0,99
AGT011,2026-04-23,480,120,121
AGT012,2026-04-23,450,0,91
AGT013,2026-04-23,450,0,119
AGT014,2026-04-23,480,0,103
AGT015,2026-04-23,480,0,78
AGT016,2026-04-23,480,0,126
AGT017,2026-04-23,450,0,69
AGT018,2026-04-23,480,0,94
AGT001,2026-04-24,0,0,0
AGT002,2026-04-24,480,0,130
AGT003,2026-04-24,0,0,0
AGT004,2026-04-24,480,0,122
AGT005,2026-04-24,450,0,103
AGT006,2026-04-24,480,0,109
AGT007,2026-04-24,450,0,120
AGT008,2026-04-24,510,0,128
AGT009,2026-04-24,450,0,124
AGT010,2026-04-24,480,0,109
AGT011,2026-04-24,480,0,100
AGT012,2026-04-24,480,0,108
AGT013,2026-04-24,480,0,87
AGT014,2026-04-24,480,0,73
AGT015,2026-04-24,450,30,111
AGT016,2026-04-24,450,0,69
AGT017,2026-04-24,480,0,94
AGT018,2026-04-24,450,0,112
AGT001,2026-04-25,450,0,95
AGT002,2026-04-25,510,0,96
AGT003,2026-04-25,480,0,118
AGT004,2026-04-25,450,0,99
AGT005,2026-04-25,0,0,0
AGT006,2026-04-25,480,0,101
AGT007,2026-04-25,480,0,93
AGT008,2026-04-25,510,0,94
AGT009,2026-04-25,0,0,0
AGT010,2026-04-25,510,0,128
AGT011,2026-04-25,510,0,124
AGT012,2026-04-25,0,0,0
AGT013,2026-04-25,480,0,111
AGT014,2026-04-25,0,0,0
AGT015,2026-04-25,480,0,85
AGT016,2026-04-25,480,0,76
AGT017,2026-04-25,450,0,123
AGT018,2026-04-25,0,0,0
AGT001,2026-04-26,0,0,0
AGT002,2026-04-26,480,0,82
AGT003,2026-04-26,450,0,117
AGT004,2026-04-26,0,0,0
AGT005,2026-04-26,0,0,0
AGT006,2026-04-26,480,0,110
AGT007,2026-04-26,0,0,0
AGT008,2026-04-26,480,0,100
AGT009,2026-04-26,480,0,90
AGT010,2026-04-26,0,0,0
AGT011,2026-04-26,480,0,73
AGT012,2026-04-26,0,0,0
AGT013,2026-04-26,0,0,0
AGT014,2026-04-26,0,0,0
AGT015,2026-04-26,0,0,0
AGT016,2026-04-26,0,0,0
AGT017,2026-04-26,480,0,111
AGT018,2026-04-26,480,0,120
AGT001,2026-04-27,480,0,109
AGT002,2026-04-27,480,60,126
AGT003,2026-04-27,480,0,101
AGT004,2026-04-27,510,0,104
AGT005,2026-04-27,450,0,68
AGT006,2026-04-27,480,0,118
AGT007,2026-04-27,480,0,116
AGT008,2026-04-27,480,480,0
AGT009,2026-04-27,480,0,103
AGT010,2026-04-27,480,0,94
AGT011,2026-04-27,510,0,126
AGT012,2026-04-27,0,0,0
AGT013,2026-04-27,480,0,95
AGT014,2026-04-27,480,0,72
AGT015,2026-04-27,480,0,130
AGT016,2026-04-27,510,0,119
AGT017,2026-04-27,480,0,115
AGT018,2026-04-27,0,0,0
AGT001,2026-04-28,480,0,90
AGT002,2026-04-28,480,0,80
AGT003,2026-04-28,480,0,84
AGT004,2026-04-28,480,0,83
AGT005,2026-04-28,480,0,111
AGT006,2026-04-28,480,0,109
AGT007,2026-04-28,480,0,97
AGT008,2026-04-28,480,0,80
AGT009,2026-04-28,480,0,82
AGT010,2026-04-28,480,0,133
AGT011,2026-04-28,480,0,96
AGT012,2026-04-28,0,0,0
AGT013,2026-04-28,0,0,0
AGT014,2026-04-28,480,0,104
AGT015,2026-04-28,510,0,80
AGT016,2026-04-28,480,0,103
AGT017,2026-04-28,480,0,133
AGT018,2026-04-28,450,0,88
AGT001,2026-04-29,0,0,0
AGT002,2026-04-29,480,0,83
AGT003,2026-04-29,480,0,106
AGT004,2026-04-29,480,0,87
AGT005,2026-04-29,480,0,81
AGT006,2026-04-29,480,0,84
AGT007,2026-04-29,480,0,109
AGT008,2026-04-29,480,0,110
AGT009,2026-04-29,480,0,82
AGT010,2026-04-29,480,0,83
AGT011,2026-04-29,450,0,98
AGT012,2026-04-29,480,0,97
AGT013,2026-04-29,480,0,124
AGT014,2026-04-29,480,0,112
AGT015,2026-04-29,480,0,118
AGT016,2026-04-29,480,0,113
AGT017,2026-04-29,510,0,105
AGT018,2026-04-29,480,0,107
AGT001,2026-04-30,480,0,116
AGT002,2026-04-30,450,0,77
AGT003,2026-04-30,480,0,115
AGT004,2026-04-30,480,0,112
AGT005,2026-04-30,0,0,0
AGT006,2026-04-30,480,0,99
AGT007,2026-04-30,0,0,0
AGT008,2026-04-30,480,0,122
AGT009,2026-04-30,480,0,78
AGT010,2026-04-30,480,0,80
AGT011,2026-04-30,0,0,0
AGT012,2026-04-30,480,0,93
AGT013,2026-04-30,480,0,133
AGT014,2026-04-30,480,0,104
AGT015,2026-04-30,480,0,105
AGT016,2026-04-30,480,0,116
AGT017,2026-04-30,0,0,0
AGT018,2026-04-30,480,0,124
AGT001,2026-05-01,480,0,120
AGT002,2026-05-01,510,0,100
AGT003,2026-05-01,450,0,80
AGT004,2026-05-01,480,0,129
AGT005,2026-05-01,510,0,117
AGT006,2026-05-01,510,0,142
AGT007,2026-05-01,480,0,74
AGT008,2026-05-01,480,480,0
AGT009,2026-05-01,450,0,78
AGT010,2026-05-01,480,0,116
AGT011,2026-05-01,450,0,81
AGT012,2026-05-01,0,0,0
AGT013,2026-05-01,480,0,132
AGT014,2026-05-01,0,0,0
AGT015,2026-05-01,510,0,80
AGT016,2026-05-01,480,0,130
AGT017,2026-05-01,480,0,96
AGT018,2026-05-01,480,0,90
AGT001,2026-05-02,450,0,68
AGT002,2026-05-02,0,0,0
AGT003,2026-05-02,0,0,0
AGT004,2026-05-02,450,0,119
AGT005,2026-05-02,0,0,0
AGT006,2026-05-02,0,0,0
AGT007,2026-05-02,0,0,0
AGT008,2026-05-02,0,0,0
AGT009,2026-05-02,480,0,127
AGT010,2026-05-02,480,0,119
AGT011,2026-05-02,480,0,80
AGT012,2026-05-02,480,0,120
AGT013,2026-05-02,0,0,0
AGT014,2026-05-02,480,0,98
AGT015,2026-05-02,450,0,89
AGT016,2026-05-02,480,0,114
AGT017,2026-05-02,450,0,78
AGT018,2026-05-02,0,0,0
AGT001,2026-05-03,0,0,0
AGT002,2026-05-03,450,0,85
AGT003,2026-05-03,480,0,120
AGT004,2026-05-03,0,0,0
AGT005,2026-05-03,0,0,0
AGT006,2026-05-03,0,0,0
AGT007,2026-05-03,450,0,108
AGT008,2026-05-03,450,0,125
AGT009,2026-05-03,0,0,0
AGT010,2026-05-03,450,0,117
AGT011,2026-05-03,480,0,93
AGT012,2026-05-03,480,0,111
AGT013,2026-05-03,0,0,0
AGT014,2026-05-03,0,0,0
AGT015,2026-05-03,450,0,103
AGT016,2026-05-03,480,0,118
AGT017,2026-05-03,480,0,91
AGT018,2026-05-03,0,0,0
AGT001,2026-05-04,480,0,119
AGT002,2026-05-04,450,0,125
AGT003,2026-05-04,480,0,133
AGT004,2026-05-04,0,0,0
AGT005,2026-05-04,480,0,104
AGT006,2026-05-04,480,0,111
AGT007,2026-05-04,510,0,96
AGT008,2026-05-04,480,0,132
AGT009,2026-05-04,0,0,0
AGT010,2026-05-04,480,0,123
AGT011,2026-05-04,480,0,110
AGT012,2026-05-04,480,0,98
AGT013,2026-05-04,480,0,110
AGT014,2026-05-04,480,0,127
AGT015,2026-05-04,480,0,99
AGT016,2026-05-04,0,0,0
AGT017,2026-05-04,480,0,97
AGT018,2026-05-04,480,0,124
AGT001,2026-05-05,480,0,77
AGT002,2026-05-05,480,480,0
AGT003,2026-05-05,480,0,121
AGT004,2026-05-05,480,0,100
AGT005,2026-05-05,480,0,90
AGT006,2026-05-05,480,0,123
AGT007,2026-05-05,480,0,102
AGT008,2026-05-05,0,0,0
AGT009,2026-05-05,480,30,84
AGT010,2026-05-05,450,0,125
AGT011,2026-05-05,480,0,99
AGT012,2026-05-05,0,0,0
AGT013,2026-05-05,480,0,94
AGT014,2026-05-05,0,0,0
AGT015,2026-05-05,480,0,119
AGT016,2026-05-05,480,0,80
AGT017,2026-05-05,450,0,122
AGT018,2026-05-05,480,0,134
AGT001,2026-05-06,0,0,0
AGT002,2026-05-06,480,120,82
AGT003,2026-05-06,480,0,87
AGT004,2026-05-06,450,0,73
AGT005,2026-05-06,480,0,80
AGT006,2026-05-06,480,0,105
AGT007,2026-05-06,480,0,116
AGT008,2026-05-06,480,0,78
AGT009,2026-05-06,0,0,0
AGT010,2026-05-06,480,0,111
AGT011,2026-05-06,480,0,89
AGT012,2026-05-06,480,480,0
AGT013,2026-05-06,0,0,0
AGT014,2026-05-06,480,0,127
AGT015,2026-05-06,450,0,115
AGT016,2026-05-06,510,0,109
AGT017,2026-05-06,480,0,121
AGT018,2026-05-06,0,0,0
AGT001,2026-05-07,480,0,83
AGT002,2026-05-07,0,0,0
AGT003,2026-05-07,480,0,111
AGT004,2026-05-07,510,0,77
AGT005,2026-05-07,480,0,111
AGT006,2026-05-07,0,0,0
AGT007,2026-05-07,510,0,126
AGT008,2026-05-07,480,0,129
AGT009,2026-05-07,480,0,78
AGT010,2026-05-07,480,0,105
AGT011,2026-05-07,480,0,132
AGT012,2026-05-07,480,0,96
AGT013,2026-05-07,480,0,128
AGT014,2026-05-07,480,0,124
AGT015,2026-05-07,480,0,133
AGT016,2026-05-07,480,0,110
AGT017,2026-05-07,480,0,115
AGT018,2026-05-07,480,0,120
AGT001,2026-05-08,480,0,92
AGT002,2026-05-08,480,0,83
AGT003,2026-05-08,0,0,0
AGT004,2026-05-08,480,0,98
AGT005,2026-05-08,480,0,111
AGT006,2026-05-08,480,0,95
AGT007,2026-05-08,480,0,113
AGT008,2026-05-08,480,0,79
AGT009,2026-05-08,480,0,95
AGT010,2026-05-08,510,0,87
AGT011,2026-05-08,480,0,110
AGT012,2026-05-08,480,0,76
AGT013,2026-05-08,480,0,93
AGT014,2026-05-08,480,0,96
AGT015,2026-05-08,480,0,108
AGT016,2026-05-08,480,0,91
AGT017,2026-05-08,0,0,0
AGT018,2026-05-08,480,0,78
AGT001,2026-05-09,0,0,0
AGT002,2026-05-09,0,0,0
AGT003,2026-05-09,510,510,0
AGT004,2026-05-09,0,0,0
AGT005,2026-05-09,480,0,79
AGT006,2026-05-09,0,0,0
AGT007,2026-05-09,0,0,0
AGT008,2026-05-09,480,0,85
AGT009,2026-05-09,480,480,0
AGT010,2026-05-09,0,0,0
AGT011,2026-05-09,0,0,0
AGT012,2026-05-09,480,0,129
AGT013,2026-05-09,480,0,117
AGT014,2026-05-09,0,0,0
AGT015,2026-05-09,0,0,0
AGT016,2026-05-09,0,0,0
AGT017,2026-05-09,510,0,115
AGT018,2026-05-09,0,0,0
AGT001,2026-05-10,450,0,103
AGT002,2026-05-10,450,0,91
AGT003,2026-05-10,0,0,0
AGT004,2026-05-10,0,0,0
AGT005,2026-05-10,0,0,0
AGT006,2026-05-10,480,0,95
AGT007,2026-05-10,0,0,0
AGT008,2026-05-10,0,0,0
AGT009,2026-05-10,450,0,126
AGT010,2026-05-10,480,0,109
AGT011,2026-05-10,480,0,121
AGT012,2026-05-10,0,0,0
AGT013,2026-05-10,480,0,87
AGT014,2026-05-10,0,0,0
AGT015,2026-05-10,0,0,0
AGT016,2026-05-10,480,0,129
AGT017,2026-05-10,0,0,0
AGT018,2026-05-10,0,0,0
AGT001,2026-05-11,480,0,108
AGT002,2026-05-11,480,0,133
AGT003,2026-05-11,480,60,97
AGT004,2026-05-11,480,0,111
AGT005,2026-05-11,480,0,102
AGT006,2026-05-11,480,0,88
AGT007,2026-05-11,480,0,75
AGT008,2026-05-11,480,0,126
AGT009,2026-05-11,480,0,84
AGT010,2026-05-11,480,0,83
AGT011,2026-05-11,480,0,114
AGT012,2026-05-11,480,60,106
AGT013,2026-05-11,480,0,74
AGT014,2026-05-11,450,0,83
AGT015,2026-05-11,480,0,88
AGT016,2026-05-11,0,0,0
AGT017,2026-05-11,480,0,128
AGT018,2026-05-11,450,0,75
AGT001,2026-05-12,480,0,85
AGT002,2026-05-12,0,0,0
AGT003,2026-05-12,480,0,117
AGT004,2026-05-12,480,0,107
AGT005,2026-05-12,510,0,81
AGT006,2026-05-12,480,0,84
AGT007,2026-05-12,510,0,132
AGT008,2026-05-12,450,0,114
AGT009,2026-05-12,480,0,83
AGT010,2026-05-12,0,0,0
AGT011,2026-05-12,0,0,0
AGT012,2026-05-12,480,0,112
AGT013,2026-05-12,480,0,91
AGT014,2026-05-12,450,0,84
AGT015,2026-05-12,480,0,72
AGT016,2026-05-12,480,0,114
AGT017,2026-05-12,0,0,0
AGT018,2026-05-12,450,450,0
AGT001,2026-05-13,480,0,133
AGT002,2026-05-13,480,0,96
AGT003,2026-05-13,480,0,97
AGT004,2026-05-13,480,0,81
AGT005,2026-05-13,450,0,98
AGT006,2026-05-13,480,0,76
AGT007,2026-05-13,0,0,0
AGT008,2026-05-13,450,0,82
AGT009,2026-05-13,480,0,94
AGT010,2026-05-13,480,0,106
AGT011,2026-05-13,480,0,77
AGT012,2026-05-13,480,0,131
AGT013,2026-05-13,480,0,129
AGT014,2026-05-13,480,0,87
AGT015,2026-05-13,480,0,109
AGT016,2026-05-13,480,0,105
AGT017,2026-05-13,0,0,0
AGT018,2026-05-13,450,0,79
AGT001,2026-05-14,480,0,85
AGT002,2026-05-14,510,0,103
AGT003,2026-05-14,480,0,85
AGT004,2026-05-14,480,0,125
AGT005,2026-05-14,480,0,124
AGT006,2026-05-14,480,0,121
AGT007,2026-05-14,480,0,80
AGT008,2026-05-14,480,0,132
AGT009,2026-05-14,480,0,109
AGT010,2026-05-14,480,0,113
AGT011,2026-05-14,480,0,121
AGT012,2026-05-14,480,0,112
AGT013,2026-05-14,480,0,113
AGT014,2026-05-14,480,0,73
AGT015,2026-05-14,480,0,90
AGT016,2026-05-14,450,0,106
AGT017,2026-05-14,480,0,126
AGT018,2026-05-14,480,0,105
AGT001,2026-05-15,480,0,72
AGT002,2026-05-15,450,0,77
AGT003,2026-05-15,480,0,85
AGT004,2026-05-15,0,0,0
AGT005,2026-05-15,480,0,75
AGT006,2026-05-15,480,0,131
AGT007,2026-05-15,480,120,124
AGT008,2026-05-15,510,0,102
AGT009,2026-05-15,480,0,94
AGT010,2026-05-15,480,0,104
AGT011,2026-05-15,450,0,103
AGT012,2026-05-15,480,0,87
AGT013,2026-05-15,480,0,131
AGT014,2026-05-15,480,0,122
AGT015,2026-05-15,510,0,120
AGT016,2026-05-15,510,0,84
AGT017,2026-05-15,480,0,129
AGT018,2026-05-15,480,0,89
AGT001,2026-05-16,450,0,95
AGT002,2026-05-16,480,0,134
AGT003,2026-05-16,0,0,0
AGT004,2026-05-16,450,0,91
AGT005,2026-05-16,0,0,0
AGT006,2026-05-16,480,0,88
AGT007,2026-05-16,0,0,0
AGT008,2026-05-16,0,0,0
AGT009,2026-05-16,0,0,0
AGT010,2026-05-16,480,0,74
AGT011,2026-05-16,480,0,102
AGT012,2026-05-16,450,0,80
AGT013,2026-05-16,480,0,101
AGT014,2026-05-16,480,0,96
AGT015,2026-05-16,0,0,0
AGT016,2026-05-16,0,0,0
AGT017,2026-05-16,480,0,134
AGT018,2026-05-16,480,0,72
AGT001,2026-05-17,480,0,124
AGT002,2026-05-17,480,0,100
AGT003,2026-05-17,0,0,0
AGT004,2026-05-17,480,0,122
AGT005,2026-05-17,480,0,89
AGT006,2026-05-17,480,0,110
AGT007,2026-05-17,0,0,0
AGT008,2026-05-17,0,0,0
AGT009,2026-05-17,480,60,102
AGT010,2026-05-17,480,0,105
AGT011,2026-05-17,0,0,0
AGT012,2026-05-17,480,0,76
AGT013,2026-05-17,0,0,0
AGT014,2026-05-17,480,480,0
AGT015,2026-05-17,0,0,0
AGT016,2026-05-17,0,0,0
AGT017,2026-05-17,510,0,118
AGT018,2026-05-17,0,0,0
AGT001,2026-05-18,480,30,104
AGT002,2026-05-18,480,0,115
AGT003,2026-05-18,480,0,90
AGT004,2026-05-18,480,0,94
AGT005,2026-05-18,0,0,0
AGT007,2026-05-18,480,0,97
AGT008,2026-05-18,510,0,116
AGT009,2026-05-18,480,0,107
AGT010,2026-05-18,510,0,87
AGT011,2026-05-18,480,0,101
AGT012,2026-05-18,0,0,0
AGT013,2026-05-18,480,0,128
AGT014,2026-05-18,480,0,94
AGT015,2026-05-18,0,0,0
AGT016,2026-05-18,450,0,123
AGT017,2026-05-18,480,0,86
AGT018,2026-05-18,480,0,101
AGT001,2026-05-19,0,0,0
AGT002,2026-05-19,510,0,94
AGT003,2026-05-19,510,30,80
AGT004,2026-05-19,480,0,125
AGT005,2026-05-19,480,0,99
AGT006,2026-05-19,0,0,0
AGT007,2026-05-19,510,0,113
AGT008,2026-05-19,480,0,84
AGT009,2026-05-19,480,0,117
AGT010,2026-05-19,480,0,79
AGT011,2026-05-19,450,0,88
AGT012,2026-05-19,480,0,113
AGT013,2026-05-19,480,0,83
AGT014,2026-05-19,0,0,0
AGT015,2026-05-19,450,0,96
AGT016,2026-05-19,480,120,119
AGT017,2026-05-19,0,0,0
AGT018,2026-05-19,0,0,0
AGT001,2026-05-20,480,0,126
AGT002,2026-05-20,480,0,87
AGT003,2026-05-20,480,0,100
AGT004,2026-05-20,480,0,100
AGT005,2026-05-20,480,0,102
AGT006,2026-05-20,480,0,109
AGT007,2026-05-20,450,0,93
AGT008,2026-05-20,0,0,0
AGT009,2026-05-20,480,0,77
AGT010,2026-05-20,510,0,86
AGT011,2026-05-20,480,0,119
AGT012,2026-05-20,0,0,0
AGT013,2026-05-20,480,0,123
AGT014,2026-05-20,450,0,88
AGT015,2026-05-20,480,0,81
AGT016,2026-05-20,480,0,128
AGT017,2026-05-20,480,0,90
AGT018,2026-05-20,480,0,124
AGT001,2026-05-21,480,0,82
AGT002,2026-05-21,480,0,120
AGT003,2026-05-21,480,0,128
AGT004,2026-05-21,480,0,115
AGT005,2026-05-21,450,0,116
AGT006,2026-05-21,480,0,128
AGT007,2026-05-21,480,0,92
AGT008,2026-05-21,450,0,124
AGT009,2026-05-21,480,0,95
AGT010,2026-05-21,480,0,79
AGT011,2026-05-21,480,0,124
AGT012,2026-05-21,480,0,102
AGT013,2026-05-21,510,0,143
AGT014,2026-05-21,480,0,123
AGT015,2026-05-21,450,0,109
AGT016,2026-05-21,480,0,81
AGT017,2026-05-21,450,0,97
AGT018,2026-05-21,480,0,90
AGT001,2026-05-22,0,0,0
AGT002,2026-05-22,510,0,112
AGT003,2026-05-22,480,0,119
AGT004,2026-05-22,450,0,96
AGT005,2026-05-22,0,0,0
AGT006,2026-05-22,480,0,99
AGT007,2026-05-22,480,0,93
AGT008,2026-05-22,480,0,126
AGT009,2026-05-22,0,0,0
AGT010,2026-05-22,0,0,0
AGT011,2026-05-22,480,0,121
AGT012,2026-05-22,0,0,0
AGT013,2026-05-22,510,0,134
AGT014,2026-05-22,510,0,126
AGT015,2026-05-22,0,0,0
AGT016,2026-05-22,450,0,78
AGT017,2026-05-22,0,0,0
AGT018,2026-05-22,480,0,97
AGT001,2026-05-23,450,0,118
AGT002,2026-05-23,480,0,105
AGT003,2026-05-23,480,0,95
AGT004,2026-05-23,0,0,0
AGT005,2026-05-23,0,0,0
AGT006,2026-05-23,450,0,85
AGT007,2026-05-23,480,0,130
AGT008,2026-05-23,0,0,0
AGT009,2026-05-23,480,0,76
AGT010,2026-05-23,0,0,0
AGT011,2026-05-23,0,0,0
AGT012,2026-05-23,0,0,0
AGT013,2026-05-23,480,0,91
AGT014,2026-05-23,480,0,116
AGT015,2026-05-23,0,0,0
AGT016,2026-05-23,480,0,73
AGT017,2026-05-23,480,0,97
AGT018,2026-05-23,0,0,0
AGT001,2026-05-24,480,0,94
AGT002,2026-05-24,0,0,0
AGT003,2026-05-24,450,0,102
AGT004,2026-05-24,0,0,0
AGT005,2026-05-24,480,0,130
AGT006,2026-05-24,0,0,0
AGT007,2026-05-24,0,0,0
AGT008,2026-05-24,0,0,0
AGT009,2026-05-24,0,0,0
AGT010,2026-05-24,480,0,79
AGT011,2026-05-24,480,0,130
AGT012,2026-05-24,0,0,0
AGT013,2026-05-24,0,0,0
AGT014,2026-05-24,0,0,0
AGT015,2026-05-24,0,0,0
AGT016,2026-05-24,0,0,0
AGT017,2026-05-24,480,0,103
AGT018,2026-05-24,480,0,88
AGT001,2026-05-25,480,0,99
AGT002,2026-05-25,450,0,115
AGT003,2026-05-25,480,0,130
AGT004,2026-05-25,0,0,0
AGT005,2026-05-25,0,0,0
AGT006,2026-05-25,510,0,90
AGT007,2026-05-25,480,0,126
AGT008,2026-05-25,510,0,116
AGT009,2026-05-25,0,0,0
AGT010,2026-05-25,450,0,115
AGT011,2026-05-25,480,0,111
AGT012,2026-05-25,480,0,106
AGT013,2026-05-25,0,0,0
AGT014,2026-05-25,480,0,72
AGT015,2026-05-25,480,0,123
AGT016,2026-05-25,480,0,100
AGT017,2026-05-25,480,0,113
AGT018,2026-05-25,480,0,121
AGT001,2026-05-26,450,120,88
AGT002,2026-05-26,450,0,111
AGT003,2026-05-26,480,0,83
AGT004,2026-05-26,480,0,104
AGT005,2026-05-26,0,0,0
AGT006,2026-05-26,480,0,94
AGT007,2026-05-26,450,0,72
AGT008,2026-05-26,0,0,0
AGT009,2026-05-26,0,0,0
AGT010,2026-05-26,480,0,116
AGT011,2026-05-26,480,0,74
AGT012,2026-05-26,450,0,100
AGT013,2026-05-26,450,0,125
AGT014,2026-05-26,510,0,118
AGT015,2026-05-26,480,0,125
AGT016,2026-05-26,450,0,68
AGT017,2026-05-26,480,0,75
AGT018,2026-05-26,480,0,118
AGT001,2026-05-27,450,0,97
AGT002,2026-05-27,450,0,118
AGT003,2026-05-27,480,0,90
AGT004,2026-05-27,0,0,0
AGT005,2026-05-27,450,0,121
AGT006,2026-05-27,510,60,122
AGT007,2026-05-27,480,0,121
AGT008,2026-05-27,0,0,0
AGT009,2026-05-27,480,0,82
AGT010,2026-05-27,480,480,0
AGT011,2026-05-27,0,0,0
AGT012,2026-05-27,480,0,74
AGT013,2026-05-27,510,0,95
AGT014,2026-05-27,480,0,111
AGT015,2026-05-27,480,0,117
AGT016,2026-05-27,480,0,85
AGT017,2026-05-27,510,0,106
AGT018,2026-05-27,480,0,130
AGT001,2026-05-28,510,0,129
AGT002,2026-05-28,0,0,0
AGT003,2026-05-28,480,30,96
AGT004,2026-05-28,480,0,124
AGT005,2026-05-28,480,0,127
AGT006,2026-05-28,480,0,100
AGT007,2026-05-28,480,0,97
AGT008,2026-05-28,480,0,76
AGT009,2026-05-28,480,0,73
AGT010,2026-05-28,480,30,101
AGT011,2026-05-28,480,0,76
AGT012,2026-05-28,480,0,123
AGT013,2026-05-28,450,0,107
AGT014,2026-05-28,480,0,88
AGT015,2026-05-28,480,0,100
AGT016,2026-05-28,480,0,82
AGT017,2026-05-28,480,0,132
AGT018,2026-05-28,450,0,100
AGT001,2026-05-29,480,0,109
AGT002,2026-05-29,510,0,138
AGT003,2026-05-29,480,0,123
AGT004,2026-05-29,450,0,82
AGT005,2026-05-29,0,0,0
AGT006,2026-05-29,510,0,130
AGT007,2026-05-29,480,0,101
AGT008,2026-05-29,480,0,127
AGT009,2026-05-29,480,0,106
AGT010,2026-05-29,480,0,104
AGT011,2026-05-29,0,0,0
AGT012,2026-05-29,480,0,87
AGT013,2026-05-29,480,0,106
AGT014,2026-05-29,480,0,84
AGT015,2026-05-29,480,0,83
AGT016,2026-05-29,0,0,0
AGT017,2026-05-29,480,0,118
AGT018,2026-05-29,450,0,106
AGT001,2026-05-30,480,0,97
AGT002,2026-05-30,0,0,0
AGT003,2026-05-30,480,0,116
AGT004,2026-05-30,0,0,0
AGT005,2026-05-30,0,0,0
AGT006,2026-05-30,450,0,80
AGT007,2026-05-30,0,0,0
AGT008,2026-05-30,480,0,74
AGT009,2026-05-30,480,0,82
AGT010,2026-05-30,0,0,0
AGT011,2026-05-30,510,0,86
AGT012,2026-05-30,480,0,119
AGT013,2026-05-30,480,0,125
AGT014,2026-05-30,480,0,95
AGT015,2026-05-30,0,0,0
AGT016,2026-05-30,480,0,102
AGT017,2026-05-30,510,0,122
AGT018,2026-05-30,480,0,128
AGT001,2026-05-31,480,0,97
AGT002,2026-05-31,480,0,92
AGT003,2026-05-31,0,0,0
AGT004,2026-05-31,0,0,0
AGT005,2026-05-31,0,0,0
AGT006,2026-05-31,0,0,0
AGT007,2026-05-31,480,0,125
AGT008,2026-05-31,480,0,126
AGT009,2026-05-31,450,0,115
AGT010,2026-05-31,480,0,83
AGT011,2026-05-31,0,0,0
AGT012,2026-05-31,480,0,117
AGT013,2026-05-31,0,0,0
AGT014,2026-05-31,480,0,107
AGT015,2026-05-31,0,0,0
AGT016,2026-05-31,480,0,129
AGT017,2026-05-31,480,0,108
AGT018,2026-05-31,480,0,107
AGT001,2026-06-01,450,0,92
AGT002,2026-06-01,480,0,132
AGT003,2026-06-01,0,0,0
AGT004,2026-06-01,480,30,107
AGT005,2026-06-01,480,0,95
AGT006,2026-06-01,480,0,103
AGT007,2026-06-01,480,0,117
AGT008,2026-06-01,450,0,80
AGT009,2026-06-01,0,0,0
AGT010,2026-06-01,480,0,95
AGT011,2026-06-01,480,0,132
AGT012,2026-06-01,480,0,76
AGT013,2026-06-01,480,0,100
AGT014,2026-06-01,450,0,79
AGT015,2026-06-01,480,0,125
AGT016,2026-06-01,480,0,112
AGT017,2026-06-01,0,0,0
AGT018,2026-06-01,480,0,85
AGT001,2026-06-02,480,0,93
AGT002,2026-06-02,480,0,84
AGT003,2026-06-02,480,0,116
AGT004,2026-06-02,450,0,78
AGT005,2026-06-02,480,0,115
AGT006,2026-06-02,480,0,78
AGT007,2026-06-02,0,0,0
AGT008,2026-06-02,480,0,119
AGT009,2026-06-02,480,0,124
AGT010,2026-06-02,480,0,120
AGT011,2026-06-02,0,0,0
AGT012,2026-06-02,510,0,120
AGT013,2026-06-02,0,0,0
AGT014,2026-06-02,480,0,79
AGT015,2026-06-02,450,0,123
AGT016,2026-06-02,480,60,87
AGT017,2026-06-02,480,0,126
AGT018,2026-06-02,480,60,75
AGT001,2026-06-03,0,0,0
AGT002,2026-06-03,480,0,112
AGT003,2026-06-03,510,0,108
AGT004,2026-06-03,480,0,98
AGT005,2026-06-03,480,0,73
AGT006,2026-06-03,480,0,80
AGT007,2026-06-03,480,0,97
AGT008,2026-06-03,480,0,122
AGT009,2026-06-03,480,0,77
AGT010,2026-06-03,480,0,106
AGT011,2026-06-03,480,480,0
AGT012,2026-06-03,0,0,0
AGT013,2026-06-03,450,0,124
AGT014,2026-06-03,510,0,80
AGT015,2026-06-03,480,0,113
AGT016,2026-06-03,480,0,99
AGT017,2026-06-03,480,0,117
AGT018,2026-06-03,480,0,81
AGT001,2026-06-04,510,0,80
AGT002,2026-06-04,480,0,132
AGT003,2026-06-04,0,0,0
AGT004,2026-06-04,450,0,105
AGT005,2026-06-04,0,0,0
AGT006,2026-06-04,480,0,90
AGT007,2026-06-04,480,0,96
AGT008,2026-06-04,450,0,116
AGT009,2026-06-04,480,60,120
AGT010,2026-06-04,480,0,124
AGT011,2026-06-04,480,0,129
AGT012,2026-06-04,510,0,109
AGT013,2026-06-04,450,0,91
AGT014,2026-06-04,0,0,0
AGT015,2026-06-04,0,0,0
AGT016,2026-06-04,450,0,76
AGT017,2026-06-04,510,0,142
AGT018,2026-06-04,480,0,86
AGT001,2026-06-05,0,0,0
AGT002,2026-06-05,480,0,103
AGT003,2026-06-05,480,0,131
AGT004,2026-06-05,510,0,109
AGT005,2026-06-05,480,120,99
AGT006,2026-06-05,510,0,129
AGT007,2026-06-05,480,0,115
AGT008,2026-06-05,480,0,102
AGT009,2026-06-05,480,0,128
AGT010,2026-06-05,480,0,72
AGT011,2026-06-05,0,0,0
AGT012,2026-06-05,510,0,118
AGT013,2026-06-05,450,0,92
AGT014,2026-06-05,480,0,134
AGT015,2026-06-05,480,480,0
AGT016,2026-06-05,480,0,95
AGT017,2026-06-05,0,0,0
AGT018,2026-06-05,480,120,108
AGT001,2026-06-06,0,0,0
AGT002,2026-06-06,480,0,112
AGT003,2026-06-06,510,0,98
AGT004,2026-06-06,510,0,131
AGT005,2026-06-06,510,0,96
AGT006,2026-06-06,480,0,73
AGT007,2026-06-06,0,0,0
AGT008,2026-06-06,0,0,0
AGT009,2026-06-06,510,0,137
AGT010,2026-06-06,480,0,83
AGT011,2026-06-06,480,0,109
AGT012,2026-06-06,0,0,0
AGT013,2026-06-06,450,0,74
AGT014,2026-06-06,480,0,110
AGT015,2026-06-06,480,0,87
AGT016,2026-06-06,510,0,101
AGT017,2026-06-06,0,0,0
AGT018,2026-06-06,450,0,87
AGT001,2026-06-07,0,0,0
AGT002,2026-06-07,480,0,120
AGT003,2026-06-07,480,0,101
AGT004,2026-06-07,0,0,0
AGT005,2026-06-07,510,0,139
AGT006,2026-06-07,480,0,72
AGT007,2026-06-07,0,0,0
AGT008,2026-06-07,480,0,114
AGT009,2026-06-07,0,0,0
AGT010,2026-06-07,0,0,0
AGT011,2026-06-07,0,0,0
AGT012,2026-06-07,480,0,122
AGT013,2026-06-07,0,0,0
AGT014,2026-06-07,480,30,124
AGT015,2026-06-07,0,0,0
AGT016,2026-06-07,480,0,124
AGT017,2026-06-07,0,0,0
AGT018,2026-06-07,0,0,0
AGT001,2026-06-08,480,0,75
AGT002,2026-06-08,480,0,101
AGT003,2026-06-08,480,0,132
AGT004,2026-06-08,480,30,128
AGT005,2026-06-08,510,0,131
AGT006,2026-06-08,480,0,89
AGT007,2026-06-08,480,0,127
AGT008,2026-06-08,480,0,102
AGT009,2026-06-08,0,0,0
AGT010,2026-06-08,0,0,0
AGT011,2026-06-08,480,0,129
AGT012,2026-06-08,480,0,88
AGT013,2026-06-08,450,0,113
AGT014,2026-06-08,0,0,0
AGT015,2026-06-08,480,0,94
AGT016,2026-06-08,480,480,0
AGT017,2026-06-08,0,0,0
AGT018,2026-06-08,450,0,108
AGT001,2026-06-09,510,0,84
AGT002,2026-06-09,480,0,127
AGT003,2026-06-09,480,0,117
AGT004,2026-06-09,510,0,119
AGT005,2026-06-09,510,0,133
AGT006,2026-06-09,480,0,103
AGT007,2026-06-09,450,0,82
AGT008,2026-06-09,450,0,71
AGT009,2026-06-09,480,30,122
AGT010,2026-06-09,480,0,129
AGT011,2026-06-09,0,0,0
AGT012,2026-06-09,450,0,92
AGT013,2026-06-09,0,0,0
AGT014,2026-06-09,480,0,111
AGT015,2026-06-09,0,0,0
AGT016,2026-06-09,480,0,125
AGT017,2026-06-09,0,0,0
AGT018,2026-06-09,480,0,104
AGT001,2026-06-10,480,0,115
AGT002,2026-06-10,480,0,133
AGT003,2026-06-10,450,0,115
AGT004,2026-06-10,480,0,80
AGT005,2026-06-10,480,0,73
AGT006,2026-06-10,480,0,83
AGT007,2026-06-10,480,0,102
AGT008,2026-06-10,450,0,118
AGT009,2026-06-10,480,0,109
AGT010,2026-06-10,480,0,122
AGT011,2026-06-10,480,0,97
AGT012,2026-06-10,480,0,74
AGT013,2026-06-10,480,0,115
AGT014,2026-06-10,480,0,75
AGT015,2026-06-10,480,0,114
AGT016,2026-06-10,480,0,87
AGT017,2026-06-10,480,0,131
AGT018,2026-06-10,480,0,112
AGT001,2026-06-11,450,0,97
AGT002,2026-06-11,510,0,119
AGT003,2026-06-11,480,0,125
AGT004,2026-06-11,450,0,73
AGT005,2026-06-11,510,0,133
AGT006,2026-06-11,0,0,0
AGT007,2026-06-11,480,0,89
AGT008,2026-06-11,450,0,115
AGT009,2026-06-11,480,0,133
AGT010,2026-06-11,480,0,118
AGT011,2026-06-11,480,0,126
AGT012,2026-06-11,450,0,121
AGT013,2026-06-11,480,0,131
AGT014,2026-06-11,480,0,76
AGT015,2026-06-11,480,0,105
AGT016,2026-06-11,480,0,132
AGT017,2026-06-11,0,0,0
AGT018,2026-06-11,510,0,110
AGT001,2026-06-12,510,0,115
AGT002,2026-06-12,0,0,0
AGT003,2026-06-12,480,0,110
AGT004,2026-06-12,480,0,132
AGT005,2026-06-12,0,0,0
AGT006,2026-06-12,510,0,85
AGT007,2026-06-12,480,0,103
AGT008,2026-06-12,480,0,132
AGT009,2026-06-12,450,0,109
AGT010,2026-06-12,480,0,74
AGT011,2026-06-12,480,0,91
AGT012,2026-06-12,480,0,81
AGT013,2026-06-12,450,0,120
AGT014,2026-06-12,480,0,83
AGT015,2026-06-12,450,0,78
AGT016,2026-06-12,480,0,100
AGT017,2026-06-12,480,0,99
AGT018,2026-06-12,450,0,79
AGT001,2026-06-13,0,0,0
AGT002,2026-06-13,480,0,119
AGT003,2026-06-13,0,0,0
AGT004,2026-06-13,510,0,111
AGT005,2026-06-13,0,0,0
AGT006,2026-06-13,450,120,110
AGT007,2026-06-13,450,0,83
AGT008,2026-06-13,510,0,80
AGT009,2026-06-13,0,0,0
AGT010,2026-06-13,0,0,0
AGT011,2026-06-13,480,0,105
AGT012,2026-06-13,0,0,0
AGT013,2026-06-13,0,0,0
AGT014,2026-06-13,450,0,89
AGT015,2026-06-13,480,0,121
AGT016,2026-06-13,0,0,0
AGT017,2026-06-13,0,0,0
AGT018,2026-06-13,480,0,77
AGT001,2026-06-14,0,0,0
AGT002,2026-06-14,480,480,0
AGT003,2026-06-14,0,0,0
AGT004,2026-06-14,0,0,0
AGT005,2026-06-14,0,0,0
AGT006,2026-06-14,480,480,0
AGT007,2026-06-14,480,0,105
AGT008,2026-06-14,480,0,75
AGT009,2026-06-14,0,0,0
AGT010,2026-06-14,0,0,0
AGT011,2026-06-14,480,0,110
AGT012,2026-06-14,480,0,104
AGT013,2026-06-14,0,0,0
AGT014,2026-06-14,480,0,118
AGT015,2026-06-14,0,0,0
AGT016,2026-06-14,0,0,0
AGT017,2026-06-14,0,0,0
AGT018,2026-06-14,480,0,81
AGT001,2026-06-15,450,0,100
AGT002,2026-06-15,0,0,0
AGT003,2026-06-15,480,0,109
AGT004,2026-06-15,480,0,107
AGT005,2026-06-15,480,0,105
AGT006,2026-06-15,480,0,75
AGT007,2026-06-15,450,0,70
AGT008,2026-06-15,480,0,74
AGT009,2026-06-15,480,0,124
AGT010,2026-06-15,480,0,85
AGT011,2026-06-15,480,0,85
AGT012,2026-06-15,480,0,102
AGT013,2026-06-15,450,0,122
AGT014,2026-06-15,0,0,0
AGT015,2026-06-15,450,0,100
AGT016,2026-06-15,480,0,78
AGT017,2026-06-15,480,0,102
AGT018,2026-06-15,480,0,90
AGT001,2026-06-16,480,0,134
AGT002,2026-06-16,480,0,104
AGT003,2026-06-16,480,0,118
AGT004,2026-06-16,0,0,0
AGT005,2026-06-16,510,0,118
AGT006,2026-06-16,0,0,0
AGT007,2026-06-16,450,0,72
AGT008,2026-06-16,480,0,97
AGT009,2026-06-16,480,0,126
AGT010,2026-06-16,480,0,90
AGT011,2026-06-16,480,0,117
AGT012,2026-06-16,510,0,81
AGT013,2026-06-16,450,0,76
AGT014,2026-06-16,450,0,76
AGT015,2026-06-16,510,0,77
AGT016,2026-06-16,480,0,103
AGT017,2026-06-16,480,0,120
AGT018,2026-06-16,480,0,102
AGT001,2026-06-17,480,0,102
AGT002,2026-06-17,450,120,110
AGT003,2026-06-17,480,0,93
AGT004,2026-06-17,510,0,78
AGT005,2026-06-17,450,0,114
AGT006,2026-06-17,480,480,0
AGT007,2026-06-17,480,0,121
AGT008,2026-06-17,480,0,77
AGT009,2026-06-17,480,0,73
AGT010,2026-06-17,480,0,121
AGT011,2026-06-17,450,0,120
AGT012,2026-06-17,510,0,106
AGT013,2026-06-17,510,0,137
AGT014,2026-06-17,480,0,103
AGT015,2026-06-17,510,0,115
AGT016,2026-06-17,480,0,104
AGT017,2026-06-17,510,0,120
AGT018,2026-06-17,480,0,90
AGT001,2026-06-18,480,0,73
AGT002,2026-06-18,480,0,117
AGT003,2026-06-18,0,0,0
AGT004,2026-06-18,480,0,107
AGT005,2026-06-18,0,0,0
AGT006,2026-06-18,480,0,82
AGT007,2026-06-18,0,0,0
AGT008,2026-06-18,510,0,115
AGT009,2026-06-18,480,0,109
AGT010,2026-06-18,450,0,109
AGT011,2026-06-18,480,0,120
AGT012,2026-06-18,480,0,127
AGT013,2026-06-18,450,0,110
AGT014,2026-06-18,480,0,129
AGT015,2026-06-18,480,0,95
AGT016,2026-06-18,480,0,118
AGT017,2026-06-18,0,0,0
AGT018,2026-06-18,480,60,109
AGT001,2026-06-19,480,0,76
AGT002,2026-06-19,510,0,99
AGT003,2026-06-19,480,0,94
AGT004,2026-06-19,480,0,76
AGT005,2026-06-19,0,0,0
AGT006,2026-06-19,480,0,127
AGT007,2026-06-19,480,0,96
AGT008,2026-06-19,480,0,120
AGT009,2026-06-19,480,0,121
AGT010,2026-06-19,480,0,121
AGT011,2026-06-19,480,0,76
AGT012,2026-06-19,480,0,94
AGT013,2026-06-19,480,0,83
AGT014,2026-06-19,450,0,95
AGT015,2026-06-19,450,0,74
AGT016,2026-06-19,480,0,100
AGT017,2026-06-19,0,0,0
AGT018,2026-06-19,480,0,122
AGT001,2026-06-20,0,0,0
AGT002,2026-06-20,0,0,0
AGT003,2026-06-20,480,30,76
AGT004,2026-06-20,480,0,99
AGT005,2026-06-20,480,0,121
AGT006,2026-06-20,450,0,116
AGT007,2026-06-20,480,0,95
AGT008,2026-06-20,450,0,110
AGT009,2026-06-20,0,0,0
AGT010,2026-06-20,480,0,124
AGT011,2026-06-20,0,0,0
AGT012,2026-06-20,0,0,0
AGT013,2026-06-20,480,0,118
AGT014,2026-06-20,480,0,86
AGT015,2026-06-20,480,120,76
AGT016,2026-06-20,480,0,134
AGT017,2026-06-20,480,0,80
AGT018,2026-06-20,480,0,76
AGT001,2026-06-21,0,0,0
AGT002,2026-06-21,480,0,123
AGT003,2026-06-21,0,0,0
AGT004,2026-06-21,450,30,106
AGT005,2026-06-21,0,0,0
AGT006,2026-06-21,0,0,0
AGT007,2026-06-21,480,120,100
AGT008,2026-06-21,510,0,102
AGT009,2026-06-21,510,0,135
AGT010,2026-06-21,0,0,0
AGT011,2026-06-21,480,0,116
AGT012,2026-06-21,0,0,0
AGT013,2026-06-21,480,0,90
AGT014,2026-06-21,0,0,0
AGT015,2026-06-21,0,0,0
AGT016,2026-06-21,450,0,83
AGT017,2026-06-21,0,0,0
AGT018,2026-06-21,0,0,0
AGT001,2026-06-22,480,0,89
AGT002,2026-06-22,450,0,96
AGT003,2026-06-22,450,0,97
AGT004,2026-06-22,480,0,81
AGT005,2026-06-22,480,0,83
AGT006,2026-06-22,480,0,129
AGT007,2026-06-22,450,0,117
AGT008,2026-06-22,480,0,74
AGT009,2026-06-22,480,0,78
AGT010,2026-06-22,480,0,132
AGT011,2026-06-22,480,0,104
AGT012,2026-06-22,480,0,76
AGT013,2026-06-22,480,0,73
AGT014,2026-06-22,480,0,131
AGT015,2026-06-22,480,0,80
AGT016,2026-06-22,0,0,0
AGT017,2026-06-22,480,0,109
AGT018,2026-06-22,480,0,102
AGT001,2026-06-23,480,0,82
AGT002,2026-06-23,480,0,124
AGT003,2026-06-23,450,0,119
AGT004,2026-06-23,480,0,93
AGT005,2026-06-23,480,0,88
AGT006,2026-06-23,450,0,68
AGT007,2026-06-23,480,0,101
AGT008,2026-06-23,480,0,86
AGT009,2026-06-23,480,0,89
AGT010,2026-06-23,480,0,104
AGT011,2026-06-23,450,0,75
AGT012,2026-06-23,480,480,0
AGT013,2026-06-23,480,0,92
AGT014,2026-06-23,480,0,119
AGT015,2026-06-23,510,0,87
AGT016,2026-06-23,480,0,75
AGT017,2026-06-23,480,0,129
AGT018,2026-06-23,480,0,80
AGT001,2026-06-24,480,0,120
AGT002,2026-06-24,480,0,122
AGT003,2026-06-24,480,0,97
AGT004,2026-06-24,0,0,0
AGT005,2026-06-24,480,0,120
AGT006,2026-06-24,480,0,100
AGT007,2026-06-24,480,0,128
AGT008,2026-06-24,0,0,0
AGT009,2026-06-24,480,0,77
AGT010,2026-06-24,480,0,122
AGT011,2026-06-24,480,0,87
AGT012,2026-06-24,450,0,91
AGT013,2026-06-24,480,0,100
AGT014,2026-06-24,480,0,86
AGT015,2026-06-24,480,0,124
AGT016,2026-06-24,480,0,115
AGT017,2026-06-24,480,0,92
AGT018,2026-06-24,480,0,117
AGT001,2026-06-25,480,0,114
AGT002,2026-06-25,480,0,91
AGT003,2026-06-25,480,0,130
AGT004,2026-06-25,480,0,124
AGT005,2026-06-25,480,0,123
AGT006,2026-06-25,450,0,112
AGT007,2026-06-25,0,0,0
AGT008,2026-06-25,450,0,110
AGT009,2026-06-25,480,0,134
AGT010,2026-06-25,480,0,90
AGT011,2026-06-25,450,0,92
AGT012,2026-06-25,480,0,93
AGT013,2026-06-25,450,0,88
AGT014,2026-06-25,480,0,100
AGT015,2026-06-25,480,0,87
AGT016,2026-06-25,480,0,101
AGT017,2026-06-25,480,0,95
AGT018,2026-06-25,480,0,128
AGT001,2026-06-26,0,0,0
AGT002,2026-06-26,480,0,84
AGT003,2026-06-26,0,0,0
AGT004,2026-06-26,480,0,126
AGT005,2026-06-26,0,0,0
AGT006,2026-06-26,480,0,93
AGT007,2026-06-26,0,0,0
AGT008,2026-06-26,480,0,93
AGT009,2026-06-26,480,0,97
AGT010,2026-06-26,450,0,101
AGT011,2026-06-26,480,0,93
AGT012,2026-06-26,480,0,74
AGT013,2026-06-26,510,0,107
AGT014,2026-06-26,480,60,83
AGT015,2026-06-26,480,0,110
AGT016,2026-06-26,0,0,0
AGT017,2026-06-26,0,0,0
AGT018,2026-06-26,480,0,98
AGT001,2026-06-27,0,0,0
AGT002,2026-06-27,480,0,83
AGT003,2026-06-27,480,0,106
AGT004,2026-06-27,480,0,119
AGT005,2026-06-27,0,0,0
AGT006,2026-06-27,0,0,0
AGT007,2026-06-27,480,0,89
AGT008,2026-06-27,0,0,0
AGT009,2026-06-27,0,0,0
AGT010,2026-06-27,450,0,124
AGT011,2026-06-27,480,0,106
AGT012,2026-06-27,480,0,124
AGT013,2026-06-27,450,0,117
AGT014,2026-06-27,0,0,0
AGT015,2026-06-27,510,0,140
AGT016,2026-06-27,0,0,0
AGT017,2026-06-27,480,0,131
AGT018,2026-06-27,0,0,0
AGT001,2026-06-28,0,0,0
AGT002,2026-06-28,450,0,96
AGT003,2026-06-28,450,0,107
AGT004,2026-06-28,480,0,74
AGT005,2026-06-28,0,0,0
AGT006,2026-06-28,0,0,0
AGT007,2026-06-28,480,0,123
AGT008,2026-06-28,450,0,98
AGT009,2026-06-28,480,0,92
AGT010,2026-06-28,0,0,0
AGT011,2026-06-28,0,0,0
AGT012,2026-06-28,0,0,0
AGT013,2026-06-28,0,0,0
AGT014,2026-06-28,0,0,0
AGT015,2026-06-28,480,0,87
AGT016,2026-06-28,480,0,120
AGT017,2026-06-28,0,0,0
AGT018,2026-06-28,510,0,139
AGT001,2026-06-29,0,0,0
AGT002,2026-06-29,480,0,104
AGT003,2026-06-29,480,0,84
AGT004,2026-06-29,480,0,102
AGT005,2026-06-29,480,0,93
AGT006,2026-06-29,480,0,91
AGT007,2026-06-29,510,0,96
AGT008,2026-06-29,0,0,0
AGT009,2026-06-29,480,0,112
AGT010,2026-06-29,480,0,94
AGT011,2026-06-29,480,0,108
AGT012,2026-06-29,0,0,0
AGT013,2026-06-29,480,0,118
AGT014,2026-06-29,480,0,116
AGT015,2026-06-29,480,0,105
AGT016,2026-06-29,510,0,97
AGT017,2026-06-29,480,0,105
AGT018,2026-06-29,480,0,129
AGT001,2026-06-30,510,0,108
AGT002,2026-06-30,480,0,115
AGT003,2026-06-30,0,0,0
AGT004,2026-06-30,480,0,103
AGT005,2026-06-30,480,0,124
AGT006,2026-06-30,480,0,90
AGT007,2026-06-30,480,0,126
AGT008,2026-06-30,480,0,86
AGT009,2026-06-30,0,0,0
AGT010,2026-06-30,0,0,0
AGT011,2026-06-30,480,0,101
AGT012,2026-06-30,0,0,0
AGT013,2026-06-30,480,0,87
AGT014,2026-06-30,480,0,104
AGT015,2026-06-30,0,0,0
AGT016,2026-06-30,480,0,93
AGT017,2026-06-30,480,0,111
AGT018,2026-06-30,480,0,108
AGT001,2026-07-01,480,0,75
AGT002,2026-07-01,480,0,96
AGT003,2026-07-01,480,0,113
AGT004,2026-07-01,480,0,103
AGT005,2026-07-01,480,0,79
AGT006,2026-07-01,450,0,119
AGT007,2026-07-01,450,0,100
AGT008,2026-07-01,480,0,116
AGT009,2026-07-01,480,0,76
AGT010,2026-07-01,480,0,134
AGT011,2026-07-01,450,0,73
AGT012,2026-07-01,510,0,77
AGT013,2026-07-01,480,0,91
AGT014,2026-07-01,480,0,103
AGT015,2026-07-01,0,0,0
AGT016,2026-07-01,0,0,0
AGT017,2026-07-01,480,0,79
AGT018,2026-07-01,510,0,89
AGT001,2026-07-02,480,0,77
AGT002,2026-07-02,480,0,134
AGT003,2026-07-02,480,0,77
AGT004,2026-07-02,480,0,128
AGT005,2026-07-02,480,0,114
AGT006,2026-07-02,450,0,69
AGT007,2026-07-02,480,0,74
AGT008,2026-07-02,0,0,0
AGT009,2026-07-02,480,0,114
AGT010,2026-07-02,0,0,0
AGT011,2026-07-02,480,0,99
AGT012,2026-07-02,450,0,103
AGT013,2026-07-02,480,0,101
AGT014,2026-07-02,480,0,73
AGT015,2026-07-02,480,0,82
AGT016,2026-07-02,480,0,93
AGT017,2026-07-02,0,0,0
AGT018,2026-07-02,480,0,76
AGT001,2026-07-03,510,0,139
AGT002,2026-07-03,480,0,134
AGT003,2026-07-03,480,0,99
AGT004,2026-07-03,480,0,105
AGT005,2026-07-03,480,0,87
AGT006,2026-07-03,450,0,70
AGT007,2026-07-03,480,0,93
AGT008,2026-07-03,480,0,115
AGT009,2026-07-03,510,0,77
AGT010,2026-07-03,450,0,121
AGT011,2026-07-03,510,0,122
AGT012,2026-07-03,480,0,120
AGT013,2026-07-03,480,0,104
AGT014,2026-07-03,480,0,84
AGT015,2026-07-03,480,0,76
AGT016,2026-07-03,480,0,117
AGT017,2026-07-03,510,60,114
AGT018,2026-07-03,480,0,103
AGT001,2026-07-04,480,0,100
AGT002,2026-07-04,480,60,118
AGT003,2026-07-04,480,0,101
AGT004,2026-07-04,0,0,0
AGT005,2026-07-04,0,0,0
AGT006,2026-07-04,480,0,76
AGT007,2026-07-04,480,30,94
AGT008,2026-07-04,0,0,0
AGT009,2026-07-04,0,0,0
AGT010,2026-07-04,0,0,0
AGT011,2026-07-04,0,0,0
AGT012,2026-07-04,480,0,124
AGT013,2026-07-04,480,0,134
AGT014,2026-07-04,480,30,101
AGT015,2026-07-04,480,0,131
AGT016,2026-07-04,480,0,131
AGT017,2026-07-04,480,0,96
AGT018,2026-07-04,480,0,79
AGT001,2026-07-05,480,0,124
AGT002,2026-07-05,0,0,0
AGT003,2026-07-05,0,0,0
AGT004,2026-07-05,450,0,81
AGT005,2026-07-05,0,0,0
AGT006,2026-07-05,450,0,120
AGT007,2026-07-05,480,0,103
AGT008,2026-07-05,480,0,83
AGT009,2026-07-05,0,0,0
AGT010,2026-07-05,510,0,129
AGT011,2026-07-05,0,0,0
AGT012,2026-07-05,0,0,0
AGT013,2026-07-05,480,0,103
AGT014,2026-07-05,0,0,0
AGT015,2026-07-05,480,0,72
AGT016,2026-07-05,480,0,78
AGT017,2026-07-05,480,0,127
AGT018,2026-07-05,510,0,80
AGT001,2026-07-06,480,0,100
AGT002,2026-07-06,480,0,105
AGT003,2026-07-06,0,0,0
AGT004,2026-07-06,450,0,87
AGT005,2026-07-06,510,0,87
AGT006,2026-07-06,450,0,91
AGT007,2026-07-06,480,0,129
AGT008,2026-07-06,0,0,0
AGT009,2026-07-06,480,0,73
AGT010,2026-07-06,510,0,129
AGT011,2026-07-06,0,0,0
AGT012,2026-07-06,0,0,0
AGT013,2026-07-06,0,0,0
AGT014,2026-07-06,510,120,115
AGT015,2026-07-06,480,0,86
AGT016,2026-07-06,480,0,126
AGT017,2026-07-06,480,0,88
AGT018,2026-07-06,510,0,124
AGT001,2026-07-07,0,0,0
AGT002,2026-07-07,450,0,110
AGT003,2026-07-07,480,0,79
AGT004,2026-07-07,0,0,0
AGT005,2026-07-07,480,0,115
AGT006,2026-07-07,480,0,103
AGT007,2026-07-07,480,0,78
AGT008,2026-07-07,480,0,82
AGT009,2026-07-07,480,60,110
AGT010,2026-07-07,0,0,0
AGT011,2026-07-07,510,0,104
AGT012,2026-07-07,480,0,128
AGT013,2026-07-07,480,0,86
AGT014,2026-07-07,480,0,91
AGT015,2026-07-07,480,0,107
AGT016,2026-07-07,480,0,91
AGT017,2026-07-07,450,0,85
AGT018,2026-07-07,480,0,102
AGT001,2026-07-08,480,60,119
AGT002,2026-07-08,480,0,99
AGT003,2026-07-08,510,0,81
AGT004,2026-07-08,480,0,80
AGT005,2026-07-08,480,0,108
AGT006,2026-07-08,450,0,96
AGT007,2026-07-08,480,0,86
AGT008,2026-07-08,480,0,121
AGT009,2026-07-08,450,0,123
AGT010,2026-07-08,480,120,97
AGT011,2026-07-08,0,0,0
AGT012,2026-07-08,480,0,96
AGT013,2026-07-08,480,0,104
AGT014,2026-07-08,480,0,98
AGT015,2026-07-08,480,0,112
AGT016,2026-07-08,480,0,99
AGT017,2026-07-08,480,0,103
AGT018,2026-07-08,480,0,112
AGT001,2026-07-09,480,0,89
AGT002,2026-07-09,450,0,112
AGT003,2026-07-09,480,0,108
AGT004,2026-07-09,480,480,0
AGT005,2026-07-09,0,0,0
AGT006,2026-07-09,510,0,88
AGT007,2026-07-09,450,0,83
AGT008,2026-07-09,0,0,0
AGT009,2026-07-09,510,510,0
AGT010,2026-07-09,480,0,76
AGT011,2026-07-09,480,0,75
AGT012,2026-07-09,480,120,120
AGT013,2026-07-09,510,0,129
AGT014,2026-07-09,480,0,131
AGT015,2026-07-09,480,0,134
AGT016,2026-07-09,510,0,124
AGT017,2026-07-09,480,0,134
AGT018,2026-07-09,480,0,113
AGT001,2026-07-10,0,0,0
AGT002,2026-07-10,450,0,71
AGT003,2026-07-10,480,480,0
AGT004,2026-07-10,450,0,96
AGT005,2026-07-10,480,0,124
AGT006,2026-07-10,0,0,0
AGT007,2026-07-10,480,0,94
AGT008,2026-07-10,480,0,94
AGT009,2026-07-10,480,0,130
AGT010,2026-07-10,480,0,110
AGT011,2026-07-10,480,0,111
AGT012,2026-07-10,0,0,0
AGT013,2026-07-10,480,0,95
AGT014,2026-07-10,480,0,88
AGT015,2026-07-10,480,0,130
AGT016,2026-07-10,0,0,0
AGT017,2026-07-10,480,0,108
AGT018,2026-07-10,480,0,83
AGT001,2026-07-11,480,0,102
AGT002,2026-07-11,0,0,0
AGT003,2026-07-11,0,0,0
AGT004,2026-07-11,0,0,0
AGT005,2026-07-11,480,0,97
AGT006,2026-07-11,0,0,0
AGT007,2026-07-11,480,0,127
AGT008,2026-07-11,480,0,85
AGT009,2026-07-11,480,0,93
AGT010,2026-07-11,480,0,102
AGT011,2026-07-11,0,0,0
AGT012,2026-07-11,0,0,0
AGT013,2026-07-11,480,0,100
AGT014,2026-07-11,450,0,96
AGT015,2026-07-11,0,0,0
AGT016,2026-07-11,0,0,0
AGT017,2026-07-11,0,0,0
AGT018,2026-07-11,480,0,99
AGT001,2026-07-12,450,0,92
AGT002,2026-07-12,0,0,0
AGT003,2026-07-12,0,0,0
AGT004,2026-07-12,480,0,74
AGT005,2026-07-12,480,0,97
AGT006,2026-07-12,480,0,133
AGT007,2026-07-12,0,0,0
AGT008,2026-07-12,480,0,81
AGT009,2026-07-12,480,0,102
AGT010,2026-07-12,0,0,0
AGT011,2026-07-12,0,0,0
AGT012,2026-07-12,0,0,0
AGT013,2026-07-12,480,0,122
AGT014,2026-07-12,480,0,127
AGT015,2026-07-12,450,0,98
AGT016,2026-07-12,0,0,0
AGT017,2026-07-12,0,0,0
AGT018,2026-07-12,480,0,93
AGT001,2026-07-13,0,0,0
AGT002,2026-07-13,480,0,113
AGT003,2026-07-13,450,0,101
AGT004,2026-07-13,510,60,131
AGT005,2026-07-13,480,0,101
AGT006,2026-07-13,480,0,130
AGT007,2026-07-13,480,0,123
AGT008,2026-07-13,480,0,107
AGT009,2026-07-13,450,0,71
AGT010,2026-07-13,480,60,115
AGT011,2026-07-13,0,0,0
AGT012,2026-07-13,510,0,126
AGT013,2026-07-13,480,0,92
AGT014,2026-07-13,480,0,134
AGT015,2026-07-13,480,0,89
AGT016,2026-07-13,480,0,111
AGT017,2026-07-13,0,0,0
AGT018,2026-07-13,450,0,84
AGT001,2026-07-14,480,0,107
AGT002,2026-07-14,450,0,71
AGT003,2026-07-14,480,0,73
AGT004,2026-07-14,480,0,76
AGT005,2026-07-14,480,0,123
AGT006,2026-07-14,510,0,125
AGT007,2026-07-14,450,0,98
AGT008,2026-07-14,0,0,0
AGT009,2026-07-14,480,0,113
AGT010,2026-07-14,510,0,102
AGT011,2026-07-14,510,0,110
AGT012,2026-07-14,510,0,101
AGT013,2026-07-14,510,0,95
AGT014,2026-07-14,480,0,94
AGT015,2026-07-14,480,0,86
AGT016,2026-07-14,480,0,76
AGT017,2026-07-14,480,0,106
AGT018,2026-07-14,510,0,102
AGT001,2026-07-15,480,0,127
AGT002,2026-07-15,0,0,0
AGT003,2026-07-15,0,0,0
AGT004,2026-07-15,480,480,0
AGT005,2026-07-15,480,0,99
AGT006,2026-07-15,480,0,132
AGT007,2026-07-15,480,0,99
AGT008,2026-07-15,480,0,104
AGT009,2026-07-15,510,0,124
AGT010,2026-07-15,480,0,105
AGT011,2026-07-15,480,0,124
AGT012,2026-07-15,0,0,0
AGT013,2026-07-15,480,0,78
AGT014,2026-07-15,450,0,123
AGT015,2026-07-15,480,0,72
AGT016,2026-07-15,450,0,108
AGT017,2026-07-15,480,0,125
AGT018,2026-07-15,0,0,0
AGT001,2026-07-16,480,0,102
AGT002,2026-07-16,0,0,0
AGT003,2026-07-16,510,0,141
AGT004,2026-07-16,450,0,82
AGT005,2026-07-16,480,0,83
AGT006,2026-07-16,480,0,127
AGT007,2026-07-16,480,0,103
AGT008,2026-07-16,480,0,100
AGT009,2026-07-16,0,0,0
AGT010,2026-07-16,450,0,99
AGT011,2026-07-16,450,0,110
AGT012,2026-07-16,480,0,76
AGT013,2026-07-16,480,0,78
AGT014,2026-07-16,450,0,74
AGT015,2026-07-16,480,0,91
AGT016,2026-07-16,480,30,104
AGT017,2026-07-16,480,0,120
AGT018,2026-07-16,450,0,72
AGT001,2026-07-17,0,0,0
AGT002,2026-07-17,450,0,116
AGT003,2026-07-17,480,0,108
AGT004,2026-07-17,0,0,0
AGT005,2026-07-17,450,0,78
AGT006,2026-07-17,480,0,116
AGT007,2026-07-17,480,0,129
AGT008,2026-07-17,0,0,0
AGT009,2026-07-17,450,0,107
AGT010,2026-07-17,480,0,129
AGT011,2026-07-17,480,0,89
AGT012,2026-07-17,480,30,103
AGT013,2026-07-17,480,0,90
AGT014,2026-07-17,480,0,115
AGT015,2026-07-17,480,0,79
AGT016,2026-07-17,480,0,86
AGT017,2026-07-17,0,0,0
AGT018,2026-07-17,480,0,91
AGT001,2026-07-18,0,0,0
AGT002,2026-07-18,0,0,0
AGT003,2026-07-18,0,0,0
AGT004,2026-07-18,480,0,126
AGT005,2026-07-18,450,0,101
AGT006,2026-07-18,0,0,0
AGT007,2026-07-18,480,0,81
AGT008,2026-07-18,480,0,91
AGT009,2026-07-18,0,0,0
AGT010,2026-07-18,0,0,0
AGT011,2026-07-18,450,30,84
AGT012,2026-07-18,450,0,120
AGT013,2026-07-18,480,0,123
AGT014,2026-07-18,0,0,0
AGT015,2026-07-18,480,0,95
AGT016,2026-07-18,480,0,72
AGT017,2026-07-18,480,0,93
AGT018,2026-07-18,510,0,88
AGT001,2026-07-19,0,0,0
AGT002,2026-07-19,480,0,94
AGT003,2026-07-19,480,0,107
AGT004,2026-07-19,480,0,104
AGT005,2026-07-19,480,0,124
AGT006,2026-07-19,0,0,0
AGT007,2026-07-19,480,60,94
AGT008,2026-07-19,0,0,0
AGT009,2026-07-19,510,0,117
AGT010,2026-07-19,480,0,87
AGT011,2026-07-19,480,0,116
AGT012,2026-07-19,480,0,98
AGT013,2026-07-19,0,0,0
AGT014,2026-07-19,0,0,0
AGT015,2026-07-19,480,0,126
AGT016,2026-07-19,0,0,0
AGT017,2026-07-19,480,0,104
AGT018,2026-07-19,0,0,0
AGT001,2026-07-20,450,0,89
AGT002,2026-07-20,480,0,112
AGT003,2026-07-20,0,0,0
AGT004,2026-07-20,0,0,0
AGT005,2026-07-20,450,0,88
AGT006,2026-07-20,450,0,121
AGT007,2026-07-20,510,0,88
AGT008,2026-07-20,480,0,86
AGT009,2026-07-20,480,0,81
AGT010,2026-07-20,510,0,80
AGT011,2026-07-20,480,0,100
AGT012,2026-07-20,480,0,95
AGT013,2026-07-20,480,120,85
AGT014,2026-07-20,480,0,82
AGT015,2026-07-20,450,0,86
AGT016,2026-07-20,480,0,134
AGT017,2026-07-20,480,0,83
AGT018,2026-07-20,450,30,114
AGT001,2026-07-21,480,0,115
AGT002,2026-07-21,450,0,122
AGT003,2026-07-21,480,0,77
AGT004,2026-07-21,480,0,90
AGT005,2026-07-21,480,0,106
AGT006,2026-07-21,0,0,0
AGT007,2026-07-21,480,0,99
AGT008,2026-07-21,0,0,0
AGT009,2026-07-21,480,0,118
AGT010,2026-07-21,480,0,134
AGT011,2026-07-21,480,30,117
AGT012,2026-07-21,450,0,111
AGT013,2026-07-21,480,0,88
AGT014,2026-07-21,480,0,118
AGT015,2026-07-21,480,0,92
AGT016,2026-07-21,480,0,116
AGT017,2026-07-21,480,0,82
AGT018,2026-07-21,480,0,85
AGT001,2026-07-22,480,0,134
AGT002,2026-07-22,0,0,0
AGT003,2026-07-22,510,0,82
AGT004,2026-07-22,0,0,0
AGT005,2026-07-22,480,0,106
AGT006,2026-07-22,480,0,81
AGT007,2026-07-22,450,0,119
AGT008,2026-07-22,480,0,114
AGT009,2026-07-22,0,0,0
AGT010,2026-07-22,480,0,81
AGT011,2026-07-22,480,0,124
AGT012,2026-07-22,510,60,138
AGT013,2026-07-22,510,0,90
AGT014,2026-07-22,450,0,78
AGT015,2026-07-22,480,0,97
AGT016,2026-07-22,480,0,122
AGT017,2026-07-22,480,0,117
AGT018,2026-07-22,510,0,131
AGT001,2026-07-23,480,0,133
AGT002,2026-07-23,480,60,104
AGT003,2026-07-23,480,30,92
AGT004,2026-07-23,480,0,132
AGT005,2026-07-23,480,0,127
AGT006,2026-07-23,0,0,0
AGT007,2026-07-23,480,0,128
AGT008,2026-07-23,0,0,0
AGT009,2026-07-23,480,30,73
AGT010,2026-07-23,450,0,93
AGT011,2026-07-23,480,0,112
AGT012,2026-07-23,480,0,103
AGT013,2026-07-23,0,0,0
AGT014,2026-07-23,480,0,74
AGT015,2026-07-23,450,0,89
AGT016,2026-07-23,480,0,89
AGT017,2026-07-23,0,0,0
AGT018,2026-07-23,480,0,121
AGT001,2026-07-24,450,0,71
AGT002,2026-07-24,480,60,73
AGT003,2026-07-24,480,0,108
AGT004,2026-07-24,450,0,122
AGT005,2026-07-24,480,0,94
AGT006,2026-07-24,510,0,95
AGT007,2026-07-24,0,0,0
AGT008,2026-07-24,510,0,105
AGT009,2026-07-24,480,0,78
AGT010,2026-07-24,450,0,106
AGT011,2026-07-24,480,0,117
AGT012,2026-07-24,480,0,76
AGT013,2026-07-24,0,0,0
AGT014,2026-07-24,450,0,91
AGT015,2026-07-24,480,0,125
AGT016,2026-07-24,480,0,105
AGT017,2026-07-24,450,0,113
AGT018,2026-07-24,480,0,122
AGT001,2026-07-25,0,0,0
AGT002,2026-07-25,480,0,101
AGT003,2026-07-25,480,0,114
AGT004,2026-07-25,480,0,133
AGT005,2026-07-25,0,0,0
AGT006,2026-07-25,0,0,0
AGT007,2026-07-25,0,0,0
AGT008,2026-07-25,0,0,0
AGT009,2026-07-25,480,0,98
AGT010,2026-07-25,480,0,108
AGT011,2026-07-25,480,0,85
AGT012,2026-07-25,480,0,92
AGT013,2026-07-25,0,0,0
AGT014,2026-07-25,0,0,0
AGT015,2026-07-25,0,0,0
AGT016,2026-07-25,510,0,108
AGT017,2026-07-25,0,0,0
AGT018,2026-07-25,480,0,94
AGT001,2026-07-26,0,0,0
AGT002,2026-07-26,480,0,95
AGT003,2026-07-26,480,0,83
AGT004,2026-07-26,480,0,103
AGT005,2026-07-26,480,0,89
AGT006,2026-07-26,0,0,0
AGT007,2026-07-26,0,0,0
AGT008,2026-07-26,0,0,0
AGT009,2026-07-26,480,0,106
AGT010,2026-07-26,0,0,0
AGT011,2026-07-26,480,0,104
AGT012,2026-07-26,510,0,136
AGT013,2026-07-26,0,0,0
AGT014,2026-07-26,450,0,73
AGT015,2026-07-26,0,0,0
AGT016,2026-07-26,0,0,0
AGT017,2026-07-26,480,0,113
AGT018,2026-07-26,480,0,115
AGT001,2026-07-27,480,0,126
AGT002,2026-07-27,0,0,0
AGT003,2026-07-27,480,0,83
AGT004,2026-07-27,480,0,95
AGT005,2026-07-27,510,0,101
AGT006,2026-07-27,480,0,131
AGT007,2026-07-27,0,0,0
AGT008,2026-07-27,480,0,103
AGT009,2026-07-27,480,0,83
AGT010,2026-07-27,480,0,113
AGT011,2026-07-27,450,0,115
AGT012,2026-07-27,450,0,70
AGT013,2026-07-27,480,0,127
AGT014,2026-07-27,480,0,80
AGT015,2026-07-27,480,0,130
AGT016,2026-07-27,0,0,0
AGT017,2026-07-27,480,0,119
AGT018,2026-07-27,0,0,0
AGT001,2026-07-28,0,0,0
AGT002,2026-07-28,450,0,88
AGT003,2026-07-28,480,0,112
AGT004,2026-07-28,480,0,106
AGT005,2026-07-28,450,0,76
AGT006,2026-07-28,480,0,111
AGT007,2026-07-28,0,0,0
AGT008,2026-07-28,480,0,73
AGT009,2026-07-28,450,0,112
AGT010,2026-07-28,0,0,0
AGT011,2026-07-28,480,120,122
AGT012,2026-07-28,450,0,115
AGT013,2026-07-28,480,0,74
AGT014,2026-07-28,480,120,111
AGT015,2026-07-28,510,0,84
AGT016,2026-07-28,480,0,84
AGT017,2026-07-28,480,0,103
AGT018,2026-07-28,480,0,85
AGT001,2026-07-29,480,60,93
AGT002,2026-07-29,480,0,121
AGT003,2026-07-29,450,60,93
AGT004,2026-07-29,0,0,0
AGT005,2026-07-29,480,0,76
AGT006,2026-07-29,0,0,0
AGT007,2026-07-29,480,480,0
AGT008,2026-07-29,0,0,0
AGT009,2026-07-29,480,0,76
AGT010,2026-07-29,480,0,83
AGT011,2026-07-29,480,0,73
AGT012,2026-07-29,510,0,134
AGT013,2026-07-29,0,0,0
AGT014,2026-07-29,0,0,0
AGT015,2026-07-29,480,0,87
AGT016,2026-07-29,480,0,122
AGT017,2026-07-29,480,0,109
AGT018,2026-07-29,480,0,127
AGT001,2026-07-30,450,0,97
AGT002,2026-07-30,480,0,79
AGT003,2026-07-30,510,0,101
AGT004,2026-07-30,480,0,109
AGT005,2026-07-30,450,450,0
AGT006,2026-07-30,0,0,0
AGT007,2026-07-30,510,0,110
AGT008,2026-07-30,510,0,110
AGT009,2026-07-30,480,0,131
AGT010,2026-07-30,480,0,105
AGT011,2026-07-30,480,0,119
AGT012,2026-07-30,480,0,92
AGT013,2026-07-30,480,0,117
AGT014,2026-07-30,480,0,113
AGT015,2026-07-30,480,0,99
AGT016,2026-07-30,480,0,122
AGT017,2026-07-30,450,0,89
AGT018,2026-07-30,0,0,0
AGT001,2026-07-31,0,0,0
AGT002,2026-07-31,480,0,116
AGT003,2026-07-31,0,0,0
AGT004,2026-07-31,480,0,95
AGT005,2026-07-31,480,0,123
AGT006,2026-07-31,480,0,91
AGT007,2026-07-31,480,0,119
AGT008,2026-07-31,510,0,95
AGT009,2026-07-31,480,0,114
AGT010,2026-07-31,0,0,0
AGT011,2026-07-31,480,0,107
AGT012,2026-07-31,0,0,0
AGT013,2026-07-31,510,0,85
AGT014,2026-07-31,450,120,95
AGT015,2026-07-31,450,0,111
AGT016,2026-07-31,450,0,99
AGT017,2026-07-31,0,0,0
AGT018,2026-07-31,480,480,0
AGT001,2026-08-01,0,0,0
AGT002,2026-08-01,480,0,82
AGT003,2026-08-01,480,0,110
AGT004,2026-08-01,480,0,120
AGT005,2026-08-01,450,0,72
AGT006,2026-08-01,480,0,95
AGT007,2026-08-01,480,0,116
AGT008,2026-08-01,0,0,0
AGT009,2026-08-01,0,0,0
AGT010,2026-08-01,0,0,0
AGT011,2026-08-01,480,0,77
AGT012,2026-08-01,0,0,0
AGT013,2026-08-01,0,0,0
AGT014,2026-08-01,480,0,87
AGT015,2026-08-01,0,0,0
AGT016,2026-08-01,480,0,115
AGT017,2026-08-01,480,0,105
AGT018,2026-08-01,0,0,0
AGT001,2026-08-02,0,0,0
AGT002,2026-08-02,480,0,109
AGT003,2026-08-02,0,0,0
AGT004,2026-08-02,480,0,104
AGT005,2026-08-02,480,0,76
AGT006,2026-08-02,480,0,100
AGT007,2026-08-02,0,0,0
AGT008,2026-08-02,0,0,0
AGT009,2026-08-02,0,0,0
AGT010,2026-08-02,480,0,89
AGT011,2026-08-02,0,0,0
AGT012,2026-08-02,480,0,115
AGT013,2026-08-02,0,0,0
AGT014,2026-08-02,450,450,0
AGT015,2026-08-02,0,0,0
AGT016,2026-08-02,450,0,117
AGT017,2026-08-02,0,0,0
AGT018,2026-08-02,450,0,69
AGT001,2026-08-03,480,480,0
AGT002,2026-08-03,480,0,78
AGT003,2026-08-03,450,0,86
AGT004,2026-08-03,510,0,142
AGT005,2026-08-03,450,0,76
AGT006,2026-08-03,480,0,92
AGT007,2026-08-03,480,0,75
AGT008,2026-08-03,0,0,0
AGT009,2026-08-03,450,0,125
AGT010,2026-08-03,0,0,0
AGT011,2026-08-03,480,0,103
AGT012,2026-08-03,480,0,99
AGT013,2026-08-03,0,0,0
AGT014,2026-08-03,480,0,100
AGT015,2026-08-03,480,120,130
AGT016,2026-08-03,510,0,142
AGT017,2026-08-03,480,0,120
AGT018,2026-08-03,480,0,104
AGT001,2026-08-04,0,0,0
AGT002,2026-08-04,480,0,90
AGT003,2026-08-04,480,0,103
AGT004,2026-08-04,0,0,0
AGT005,2026-08-04,510,0,84
AGT006,2026-08-04,480,0,98
AGT007,2026-08-04,480,0,97
AGT008,2026-08-04,480,0,84
AGT009,2026-08-04,480,0,113
AGT010,2026-08-04,480,0,131
AGT011,2026-08-04,480,0,112
AGT012,2026-08-04,480,0,80
AGT013,2026-08-04,480,0,131
AGT014,2026-08-04,480,0,97
AGT015,2026-08-04,480,0,98
AGT016,2026-08-04,480,0,93
AGT017,2026-08-04,480,0,96
AGT018,2026-08-04,480,0,80
AGT001,2026-08-05,480,0,89
AGT002,2026-08-05,510,0,105
AGT003,2026-08-05,0,0,0
AGT004,2026-08-05,0,0,0
AGT005,2026-08-05,480,0,98
AGT006,2026-08-05,510,0,83
AGT007,2026-08-05,480,0,98
AGT008,2026-08-05,0,0,0
AGT009,2026-08-05,0,0,0
AGT010,2026-08-05,0,0,0
AGT011,2026-08-05,480,0,102
AGT012,2026-08-05,480,0,85
AGT013,2026-08-05,480,0,112
AGT014,2026-08-05,480,0,88
AGT015,2026-08-05,450,0,94
AGT016,2026-08-05,0,0,0
AGT017,2026-08-05,450,0,78
AGT018,2026-08-05,480,0,74
AGT001,2026-08-06,480,0,111
AGT002,2026-08-06,0,0,0
AGT003,2026-08-06,480,0,96
AGT004,2026-08-06,480,0,131
AGT005,2026-08-06,480,0,78
AGT006,2026-08-06,480,0,128
AGT007,2026-08-06,480,0,128
AGT008,2026-08-06,450,0,108
AGT009,2026-08-06,480,0,134
AGT010,2026-08-06,510,0,136
AGT011,2026-08-06,450,0,104
AGT012,2026-08-06,480,0,103
AGT013,2026-08-06,480,0,93
AGT014,2026-08-06,510,0,130
AGT015,2026-08-06,480,0,111
AGT016,2026-08-06,480,0,80
AGT017,2026-08-06,450,0,71
AGT018,2026-08-06,0,0,0
AGT001,2026-08-07,480,0,131
AGT002,2026-08-07,0,0,0
AGT003,2026-08-07,450,0,113
AGT004,2026-08-07,480,0,96
AGT005,2026-08-07,480,0,123
AGT006,2026-08-07,480,0,74
AGT007,2026-08-07,450,0,123
AGT008,2026-08-07,0,0,0
AGT009,2026-08-07,480,0,75
AGT010,2026-08-07,480,0,104
AGT011,2026-08-07,450,0,73
AGT012,2026-08-07,0,0,0
AGT013,2026-08-07,450,0,74
AGT014,2026-08-07,480,0,80
AGT015,2026-08-07,480,0,106
AGT016,2026-08-07,480,0,116
AGT017,2026-08-07,450,0,93
AGT018,2026-08-07,450,0,112
AGT001,2026-08-08,0,0,0
AGT002,2026-08-08,0,0,0
AGT003,2026-08-08,450,0,74
AGT004,2026-08-08,480,0,99
AGT005,2026-08-08,0,0,0
AGT006,2026-08-08,480,0,86
AGT007,2026-08-08,480,0,121
AGT008,2026-08-08,480,480,0
AGT009,2026-08-08,0,0,0
AGT010,2026-08-08,0,0,0
AGT011,2026-08-08,0,0,0
AGT012,2026-08-08,480,0,105
AGT013,2026-08-08,0,0,0
AGT014,2026-08-08,450,0,107
AGT015,2026-08-08,0,0,0
AGT016,2026-08-08,0,0,0
AGT017,2026-08-08,0,0,0
AGT018,2026-08-08,480,0,108
AGT001,2026-08-09,0,0,0
AGT002,2026-08-09,480,0,124
AGT003,2026-08-09,480,0,115
AGT004,2026-08-09,0,0,0
AGT005,2026-08-09,0,0,0
AGT006,2026-08-09,0,0,0
AGT007,2026-08-09,450,0,82
AGT008,2026-08-09,480,0,105
AGT009,2026-08-09,450,0,115
AGT010,2026-08-09,0,0,0
AGT011,2026-08-09,480,0,89
AGT012,2026-08-09,480,0,91
AGT013,2026-08-09,480,0,73
AGT014,2026-08-09,0,0,0
AGT015,2026-08-09,480,0,103
AGT016,2026-08-09,450,0,96
AGT017,2026-08-09,0,0,0
AGT018,2026-08-09,450,0,105
AGT001,2026-08-10,480,0,85
AGT002,2026-08-10,0,0,0
AGT003,2026-08-10,480,0,72
AGT004,2026-08-10,480,0,125
AGT005,2026-08-10,480,0,78
AGT006,2026-08-10,480,0,100
AGT007,2026-08-10,480,0,86
AGT008,2026-08-10,0,0,0
AGT009,2026-08-10,480,0,73
AGT010,2026-08-10,480,0,107
AGT011,2026-08-10,480,0,98
AGT012,2026-08-10,450,0,116
AGT013,2026-08-10,480,0,108
AGT014,2026-08-10,480,0,77
AGT015,2026-08-10,480,0,87
AGT016,2026-08-10,480,0,105
AGT017,2026-08-10,480,0,129
AGT018,2026-08-10,510,0,82
AGT001,2026-08-11,480,0,72
AGT002,2026-08-11,480,0,88
AGT003,2026-08-11,0,0,0
AGT004,2026-08-11,480,480,0
AGT005,2026-08-11,480,0,117
AGT006,2026-08-11,450,0,95
AGT007,2026-08-11,480,0,93
AGT008,2026-08-11,480,120,115
AGT009,2026-08-11,480,0,119
AGT010,2026-08-11,480,0,91
AGT011,2026-08-11,480,60,118
AGT012,2026-08-11,480,0,88
AGT013,2026-08-11,0,0,0
AGT014,2026-08-11,480,0,118
AGT015,2026-08-11,480,0,122
AGT016,2026-08-11,450,0,90
AGT017,2026-08-11,0,0,0
AGT018,2026-08-11,480,0,110
AGT001,2026-08-12,510,30,112
AGT002,2026-08-12,0,0,0
AGT003,2026-08-12,0,0,0
AGT004,2026-08-12,480,0,99
AGT005,2026-08-12,480,0,117
AGT006,2026-08-12,450,0,91
AGT007,2026-08-12,0,0,0
AGT008,2026-08-12,480,0,132
AGT009,2026-08-12,480,480,0
AGT010,2026-08-12,480,0,117
AGT011,2026-08-12,480,0,90
AGT012,2026-08-12,480,0,113
AGT013,2026-08-12,480,30,132
AGT014,2026-08-12,0,0,0
AGT015,2026-08-12,480,0,89
AGT016,2026-08-12,480,0,115
AGT017,2026-08-12,510,0,91
AGT018,2026-08-12,450,0,124
AGT001,2026-08-13,0,0,0
AGT002,2026-08-13,480,0,84
AGT003,2026-08-13,510,0,124
AGT004,2026-08-13,0,0,0
AGT005,2026-08-13,480,0,82
AGT006,2026-08-13,480,480,0
AGT007,2026-08-13,480,0,115
AGT008,2026-08-13,480,0,107
AGT009,2026-08-13,0,0,0
AGT010,2026-08-13,480,120,93
AGT011,2026-08-13,480,0,100
AGT012,2026-08-13,480,0,111
AGT013,2026-08-13,480,0,87
AGT014,2026-08-13,0,0,0
AGT015,2026-08-13,450,0,69
AGT016,2026-08-13,480,0,77
AGT017,2026-08-13,450,0,85
AGT018,2026-08-13,0,0,0
AGT001,2026-08-14,480,0,103
AGT002,2026-08-14,450,0,106
AGT003,2026-08-14,450,0,103
AGT004,2026-08-14,480,0,78
AGT005,2026-08-14,480,0,86
AGT006,2026-08-14,480,30,74
AGT007,2026-08-14,480,0,129
AGT008,2026-08-14,480,0,85
AGT009,2026-08-14,510,0,142
AGT010,2026-08-14,480,0,117
AGT011,2026-08-14,510,0,142
AGT012,2026-08-14,480,0,73
AGT013,2026-08-14,0,0,0
AGT014,2026-08-14,480,0,96
AGT015,2026-08-14,480,0,113
AGT016,2026-08-14,480,0,112
AGT017,2026-08-14,480,0,130
AGT018,2026-08-14,480,0,90
AGT001,2026-08-15,480,0,75
AGT002,2026-08-15,0,0,0
AGT003,2026-08-15,480,0,77
AGT004,2026-08-15,0,0,0
AGT005,2026-08-15,0,0,0
AGT006,2026-08-15,0,0,0
AGT007,2026-08-15,0,0,0
AGT008,2026-08-15,510,0,129
AGT009,2026-08-15,0,0,0
AGT010,2026-08-15,480,0,127
AGT011,2026-08-15,480,0,99
AGT012,2026-08-15,480,0,122
AGT013,2026-08-15,480,0,113
AGT014,2026-08-15,480,0,107
AGT015,2026-08-15,450,0,105
AGT016,2026-08-15,0,0,0
AGT017,2026-08-15,480,0,122
AGT018,2026-08-15,0,0,0
AGT001,2026-08-16,450,0,77
AGT002,2026-08-16,480,120,114
AGT003,2026-08-16,0,0,0
AGT004,2026-08-16,480,0,125
AGT005,2026-08-16,0,0,0
AGT006,2026-08-16,0,0,0
AGT007,2026-08-16,0,0,0
AGT008,2026-08-16,0,0,0
AGT009,2026-08-16,480,0,73
AGT010,2026-08-16,480,0,133
AGT011,2026-08-16,0,0,0
AGT012,2026-08-16,450,0,94
AGT013,2026-08-16,480,0,124
AGT014,2026-08-16,0,0,0
AGT015,2026-08-16,0,0,0
AGT016,2026-08-16,0,0,0
AGT017,2026-08-16,480,0,100
AGT018,2026-08-16,450,0,105
AGT001,2026-08-17,450,0,83
AGT002,2026-08-17,450,0,95
AGT003,2026-08-17,480,0,124
AGT004,2026-08-17,480,0,125
AGT005,2026-08-17,480,0,119
AGT006,2026-08-17,480,0,134
AGT007,2026-08-17,480,0,117
AGT008,2026-08-17,0,0,0
AGT009,2026-08-17,480,0,95
AGT010,2026-08-17,480,0,106
AGT011,2026-08-17,480,480,0
AGT012,2026-08-17,450,0,104
AGT013,2026-08-17,480,0,87
AGT014,2026-08-17,480,0,117
AGT015,2026-08-17,480,0,117
AGT016,2026-08-17,450,0,118
AGT017,2026-08-17,480,0,110
AGT018,2026-08-17,480,0,99
AGT001,2026-08-18,0,0,0
AGT002,2026-08-18,450,0,78
AGT003,2026-08-18,450,0,69
AGT004,2026-08-18,450,0,93
AGT005,2026-08-18,0,0,0
AGT006,2026-08-18,480,0,81
AGT007,2026-08-18,510,0,103
AGT008,2026-08-18,480,0,121
AGT009,2026-08-18,450,0,73
AGT010,2026-08-18,0,0,0
AGT011,2026-08-18,480,0,106
AGT012,2026-08-18,480,0,114
AGT013,2026-08-18,480,60,121
AGT014,2026-08-18,480,0,105
AGT015,2026-08-18,480,0,112
AGT016,2026-08-18,480,0,112
AGT017,2026-08-18,480,0,104
AGT018,2026-08-18,450,0,86
AGT001,2026-08-19,480,0,125
AGT002,2026-08-19,450,0,105
AGT003,2026-08-19,450,450,0
AGT004,2026-08-19,480,0,111
AGT005,2026-08-19,0,0,0
AGT006,2026-08-19,480,0,83
AGT007,2026-08-19,480,0,116
AGT008,2026-08-19,510,120,120
AGT009,2026-08-19,480,0,99
AGT010,2026-08-19,450,0,91
AGT011,2026-08-19,480,0,74
AGT012,2026-08-19,480,0,78
AGT013,2026-08-19,480,0,92
AGT014,2026-08-19,480,30,131
AGT015,2026-08-19,0,0,0
AGT016,2026-08-19,480,0,84
AGT017,2026-08-19,480,0,73
AGT018,2026-08-19,480,0,100
AGT001,2026-08-20,510,0,124
AGT002,2026-08-20,450,0,107
AGT003,2026-08-20,0,0,0
AGT004,2026-08-20,450,0,112
AGT005,2026-08-20,0,0,0
AGT006,2026-08-20,480,0,114
AGT007,2026-08-20,0,0,0
AGT008,2026-08-20,480,0,117
AGT009,2026-08-20,510,0,130
AGT010,2026-08-20,480,0,99
AGT011,2026-08-20,480,0,88
AGT012,2026-08-20,480,0,128
AGT013,2026-08-20,480,0,97
AGT014,2026-08-20,480,30,116
AGT015,2026-08-20,450,0,86
AGT016,2026-08-20,480,0,99
AGT017,2026-08-20,480,0,92
AGT018,2026-08-20,480,0,93
AGT001,2026-08-21,510,0,117
AGT002,2026-08-21,480,0,76
AGT003,2026-08-21,0,0,0
AGT004,2026-08-21,480,120,118
AGT005,2026-08-21,480,0,128
AGT006,2026-08-21,480,0,99
AGT007,2026-08-21,510,0,122
AGT008,2026-08-21,0,0,0
AGT009,2026-08-21,510,0,119
AGT010,2026-08-21,450,0,121
AGT011,2026-08-21,480,0,112
AGT012,2026-08-21,480,0,84
AGT013,2026-08-21,450,0,116
AGT014,2026-08-21,450,0,126
AGT015,2026-08-21,480,0,131
AGT016,2026-08-21,480,0,129
AGT017,2026-08-21,0,0,0
AGT018,2026-08-21,480,0,101
AGT001,2026-08-22,480,0,125
AGT002,2026-08-22,0,0,0
AGT003,2026-08-22,0,0,0
AGT004,2026-08-22,480,60,74
AGT005,2026-08-22,480,0,115
AGT006,2026-08-22,480,0,94
AGT007,2026-08-22,480,0,113
AGT008,2026-08-22,0,0,0
AGT009,2026-08-22,0,0,0
AGT010,2026-08-22,480,0,129
AGT011,2026-08-22,450,0,107
AGT012,2026-08-22,480,0,101
AGT013,2026-08-22,450,0,100
AGT014,2026-08-22,480,120,107
AGT015,2026-08-22,480,0,81
AGT016,2026-08-22,0,0,0
AGT017,2026-08-22,480,0,76
AGT018,2026-08-22,480,0,99
AGT001,2026-08-23,0,0,0
AGT002,2026-08-23,480,0,114
AGT003,2026-08-23,480,0,132
AGT004,2026-08-23,510,0,93
AGT005,2026-08-23,480,0,102
AGT006,2026-08-23,0,0,0
AGT007,2026-08-23,450,0,103
AGT008,2026-08-23,0,0,0
AGT009,2026-08-23,0,0,0
AGT010,2026-08-23,0,0,0
AGT011,2026-08-23,480,0,101
AGT012,2026-08-23,0,0,0
AGT013,2026-08-23,0,0,0
AGT014,2026-08-23,0,0,0
AGT015,2026-08-23,0,0,0
AGT016,2026-08-23,0,0,0
AGT017,2026-08-23,510,0,98
AGT018,2026-08-23,480,0,84
AGT001,2026-08-24,480,0,120
AGT002,2026-08-24,480,0,122
AGT003,2026-08-24,480,0,103
AGT004,2026-08-24,480,0,117
AGT005,2026-08-24,480,480,0
AGT006,2026-08-24,480,0,108
AGT007,2026-08-24,480,0,121
AGT008,2026-08-24,480,0,94
AGT009,2026-08-24,480,0,117
AGT010,2026-08-24,480,0,118
AGT011,2026-08-24,480,0,132
AGT012,2026-08-24,480,0,119
AGT013,2026-08-24,480,0,98
AGT014,2026-08-24,480,0,133
AGT015,2026-08-24,510,0,139
AGT016,2026-08-24,480,0,106
AGT017,2026-08-24,480,0,127
AGT018,2026-08-24,480,0,134
AGT001,2026-08-25,0,0,0
AGT002,2026-08-25,450,0,111
AGT003,2026-08-25,480,0,98
AGT004,2026-08-25,0,0,0
AGT005,2026-08-25,480,0,119
AGT006,2026-08-25,480,0,129
AGT007,2026-08-25,450,0,69
AGT008,2026-08-25,0,0,0
AGT009,2026-08-25,450,0,82
AGT010,2026-08-25,480,0,96
AGT011,2026-08-25,480,0,109
AGT012,2026-08-25,480,0,123
AGT013,2026-08-25,480,0,130
AGT014,2026-08-25,480,0,88
AGT015,2026-08-25,480,0,91
AGT016,2026-08-25,480,0,101
AGT017,2026-08-25,480,0,112
AGT018,2026-08-25,480,0,119
AGT001,2026-08-26,480,0,104
AGT002,2026-08-26,480,0,110
AGT003,2026-08-26,480,0,100
AGT004,2026-08-26,0,0,0
AGT005,2026-08-26,480,0,88
AGT006,2026-08-26,480,0,117
AGT007,2026-08-26,510,0,84
AGT008,2026-08-26,0,0,0
AGT009,2026-08-26,450,0,121
AGT010,2026-08-26,450,0,123
AGT011,2026-08-26,480,0,124
AGT012,2026-08-26,0,0,0
AGT013,2026-08-26,480,30,122
AGT014,2026-08-26,450,0,75
AGT015,2026-08-26,450,0,114
AGT016,2026-08-26,480,0,91
AGT017,2026-08-26,480,480,0
AGT018,2026-08-26,480,0,83
AGT001,2026-08-27,480,0,77
AGT002,2026-08-27,480,0,80
AGT003,2026-08-27,480,0,116
AGT004,2026-08-27,480,0,110
AGT005,2026-08-27,450,0,93
AGT006,2026-08-27,480,480,0
AGT007,2026-08-27,480,0,78
AGT008,2026-08-27,480,0,127
AGT009,2026-08-27,480,0,126
AGT010,2026-08-27,480,0,109
AGT011,2026-08-27,480,0,79
AGT012,2026-08-27,480,0,74
AGT013,2026-08-27,480,0,100
AGT014,2026-08-27,0,0,0
AGT015,2026-08-27,480,30,87
AGT016,2026-08-27,450,0,69
AGT017,2026-08-27,0,0,0
AGT018,2026-08-27,480,0,100
AGT001,2026-08-28,480,0,89
AGT002,2026-08-28,480,0,97
AGT003,2026-08-28,480,0,99
AGT004,2026-08-28,0,0,0
AGT005,2026-08-28,450,0,104
AGT006,2026-08-28,480,120,72
AGT007,2026-08-28,480,0,80
AGT008,2026-08-28,510,0,80
AGT009,2026-08-28,510,0,105
AGT010,2026-08-28,480,0,121
AGT011,2026-08-28,480,0,108
AGT012,2026-08-28,480,0,134
AGT013,2026-08-28,0,0,0
AGT014,2026-08-28,480,0,100
AGT015,2026-08-28,450,0,100
AGT016,2026-08-28,480,0,106
AGT017,2026-08-28,480,0,84
AGT018,2026-08-28,480,0,78
AGT001,2026-08-29,0,0,0
AGT002,2026-08-29,0,0,0
AGT003,2026-08-29,510,0,126
AGT004,2026-08-29,480,0,128
AGT005,2026-08-29,480,0,82
AGT006,2026-08-29,0,0,0
AGT007,2026-08-29,0,0,0
AGT008,2026-08-29,0,0,0
AGT009,2026-08-29,0,0,0
AGT010,2026-08-29,480,0,130
AGT011,2026-08-29,480,0,90
AGT012,2026-08-29,0,0,0
AGT013,2026-08-29,480,0,92
AGT014,2026-08-29,480,0,128
AGT015,2026-08-29,480,0,124
AGT016,2026-08-29,480,0,87
AGT017,2026-08-29,480,0,123
AGT018,2026-08-29,0,0,0
AGT001,2026-08-30,450,0,102
AGT002,2026-08-30,480,0,98
AGT003,2026-08-30,480,0,123
AGT004,2026-08-30,480,30,122
AGT005,2026-08-30,480,0,76
AGT006,2026-08-30,450,0,98
AGT007,2026-08-30,0,0,0
AGT008,2026-08-30,480,0,72
AGT009,2026-08-30,0,0,0
AGT010,2026-08-30,0,0,0
AGT011,2026-08-30,0,0,0
AGT012,2026-08-30,480,0,76
AGT013,2026-08-30,480,0,75
AGT014,2026-08-30,0,0,0
AGT015,2026-08-30,0,0,0
AGT016,2026-08-30,0,0,0
AGT017,2026-08-30,0,0,0
AGT018,2026-08-30,480,0,129
AGT001,2026-08-31,480,0,112
AGT002,2026-08-31,480,0,73
AGT003,2026-08-31,480,0,124
AGT004,2026-08-31,480,0,125
AGT005,2026-08-31,480,0,122
AGT006,2026-08-31,480,0,133
AGT007,2026-08-31,480,0,94
AGT008,2026-08-31,480,0,128
AGT009,2026-08-31,510,0,120
AGT010,2026-08-31,480,60,119
AGT011,2026-08-31,480,0,84
AGT012,2026-08-31,480,0,126
AGT013,2026-08-31,480,480,0
AGT014,2026-08-31,510,0,87
AGT015,2026-08-31,480,0,91
AGT016,2026-08-31,0,0,0
AGT017,2026-08-31,480,0,97
AGT018,2026-08-31,0,0,0
AGT001,2026-09-01,0,0,0
AGT002,2026-09-01,480,0,131
AGT003,2026-09-01,480,0,129
AGT004,2026-09-01,480,0,120
AGT005,2026-09-01,480,0,123
AGT006,2026-09-01,480,0,127
AGT007,2026-09-01,480,120,91
AGT008,2026-09-01,510,0,128
AGT009,2026-09-01,480,0,105
AGT010,2026-09-01,0,0,0
AGT011,2026-09-01,450,0,82
AGT012,2026-09-01,480,0,91
AGT013,2026-09-01,450,0,101
AGT014,2026-09-01,0,0,0
AGT015,2026-09-01,480,0,130
AGT016,2026-09-01,480,0,82
AGT017,2026-09-01,480,0,89
AGT018,2026-09-01,510,30,108
AGT001,2026-09-02,0,0,0
AGT002,2026-09-02,0,0,0
AGT003,2026-09-02,480,0,110
AGT004,2026-09-02,480,0,108
AGT005,2026-09-02,480,0,76
AGT006,2026-09-02,480,0,129
AGT007,2026-09-02,480,0,97
AGT008,2026-09-02,480,0,92
AGT009,2026-09-02,0,0,0
AGT010,2026-09-02,0,0,0
AGT011,2026-09-02,480,0,127
AGT012,2026-09-02,480,0,96
AGT013,2026-09-02,450,0,88
AGT014,2026-09-02,0,0,0
AGT015,2026-09-02,480,0,82
AGT016,2026-09-02,450,0,117
AGT017,2026-09-02,480,0,131
AGT018,2026-09-02,480,0,110
AGT001,2026-09-03,480,0,77
AGT002,2026-09-03,450,0,99
AGT003,2026-09-03,480,0,117
AGT004,2026-09-03,480,0,129
AGT005,2026-09-03,450,450,0
AGT006,2026-09-03,450,0,89
AGT007,2026-09-03,480,0,127
AGT008,2026-09-03,480,0,120
AGT009,2026-09-03,450,0,74
AGT010,2026-09-03,480,0,76
AGT011,2026-09-03,480,0,124
AGT012,2026-09-03,480,0,87
AGT013,2026-09-03,480,0,90
AGT014,2026-09-03,480,120,120
AGT015,2026-09-03,510,0,131
AGT016,2026-09-03,480,0,132
AGT017,2026-09-03,480,0,105
AGT018,2026-09-03,480,0,106
AGT001,2026-09-04,480,0,112
AGT002,2026-09-04,0,0,0
AGT003,2026-09-04,450,0,85
AGT004,2026-09-04,510,0,92
AGT005,2026-09-04,0,0,0
AGT006,2026-09-04,480,0,116
AGT007,2026-09-04,480,0,100
AGT008,2026-09-04,480,0,102
AGT009,2026-09-04,480,0,83
AGT010,2026-09-04,0,0,0
AGT011,2026-09-04,480,0,98
AGT012,2026-09-04,0,0,0
AGT013,2026-09-04,0,0,0
AGT014,2026-09-04,480,0,86
AGT015,2026-09-04,480,0,109
AGT016,2026-09-04,480,0,93
AGT017,2026-09-04,480,0,89
AGT018,2026-09-04,480,0,95
AGT001,2026-09-05,480,0,80
AGT002,2026-09-05,480,0,119
AGT003,2026-09-05,0,0,0
AGT004,2026-09-05,480,0,108
AGT005,2026-09-05,0,0,0
AGT006,2026-09-05,480,480,0
AGT007,2026-09-05,480,0,114
AGT008,2026-09-05,0,0,0
AGT009,2026-09-05,450,0,117
AGT010,2026-09-05,480,0,121
AGT011,2026-09-05,0,0,0
AGT012,2026-09-05,450,120,103
AGT013,2026-09-05,0,0,0
AGT014,2026-09-05,0,0,0
AGT015,2026-09-05,480,0,84
AGT016,2026-09-05,450,0,75
AGT017,2026-09-05,0,0,0
AGT018,2026-09-05,480,0,101
AGT001,2026-09-06,0,0,0
AGT002,2026-09-06,480,0,87
AGT003,2026-09-06,480,0,103
AGT004,2026-09-06,480,0,113
AGT005,2026-09-06,480,0,110
AGT006,2026-09-06,0,0,0
AGT007,2026-09-06,0,0,0
AGT008,2026-09-06,0,0,0
AGT009,2026-09-06,480,0,102
AGT010,2026-09-06,0,0,0
AGT011,2026-09-06,0,0,0
AGT012,2026-09-06,510,0,137
AGT013,2026-09-06,0,0,0
AGT014,2026-09-06,0,0,0
AGT015,2026-09-06,480,0,117
AGT016,2026-09-06,480,0,100
AGT017,2026-09-06,0,0,0
AGT018,2026-09-06,0,0,0
AGT001,2026-09-07,480,0,112
AGT002,2026-09-07,480,0,129
AGT003,2026-09-07,480,480,0
AGT004,2026-09-07,480,120,134
AGT005,2026-09-07,480,0,100
AGT006,2026-09-07,480,0,109
AGT007,2026-09-07,480,480,0
AGT008,2026-09-07,510,0,131
AGT009,2026-09-07,450,0,76
AGT010,2026-09-07,480,0,117
AGT011,2026-09-07,0,0,0
AGT012,2026-09-07,480,0,80
AGT013,2026-09-07,480,0,78
AGT014,2026-09-07,480,0,92
AGT015,2026-09-07,450,450,0
AGT016,2026-09-07,450,0,76
AGT017,2026-09-07,480,0,128
AGT018,2026-09-07,0,0,0
AGT001,2026-09-08,510,0,86
AGT002,2026-09-08,480,0,75
AGT003,2026-09-08,480,0,90
AGT004,2026-09-08,480,0,122
AGT005,2026-09-08,480,0,77
AGT006,2026-09-08,510,0,111
AGT007,2026-09-08,480,0,87
AGT008,2026-09-08,480,0,132
AGT009,2026-09-08,480,0,122
AGT010,2026-09-08,480,0,129
AGT011,2026-09-08,480,0,107
AGT012,2026-09-08,480,0,103
AGT013,2026-09-08,480,0,121
AGT014,2026-09-08,480,0,84
AGT015,2026-09-08,480,0,86
AGT016,2026-09-08,450,0,92
AGT017,2026-09-08,480,0,114
AGT018,2026-09-08,450,0,83
AGT001,2026-09-09,480,0,102
AGT002,2026-09-09,0,0,0
AGT003,2026-09-09,510,0,115
AGT004,2026-09-09,450,0,110
AGT005,2026-09-09,480,0,130
AGT006,2026-09-09,510,0,88
AGT007,2026-09-09,480,0,89
AGT008,2026-09-09,480,0,123
AGT009,2026-09-09,480,120,132
AGT010,2026-09-09,480,0,119
AGT011,2026-09-09,510,0,109
AGT012,2026-09-09,0,0,0
AGT013,2026-09-09,480,0,73
AGT014,2026-09-09,480,0,122
AGT015,2026-09-09,450,0,74
AGT016,2026-09-09,0,0,0
AGT017,2026-09-09,0,0,0
AGT018,2026-09-09,0,0,0
AGT001,2026-09-10,480,0,129
AGT002,2026-09-10,480,0,112
AGT003,2026-09-10,480,0,127
AGT004,2026-09-10,480,0,92
AGT005,2026-09-10,450,450,0
AGT006,2026-09-10,0,0,0
AGT007,2026-09-10,480,480,0
AGT008,2026-09-10,510,0,94
AGT009,2026-09-10,480,0,118
AGT010,2026-09-10,480,0,121
AGT011,2026-09-10,450,0,77
AGT012,2026-09-10,480,0,129
AGT013,2026-09-10,0,0,0
AGT014,2026-09-10,480,0,111
AGT015,2026-09-10,450,0,107
AGT016,2026-09-10,510,0,109
AGT017,2026-09-10,480,0,114
AGT018,2026-09-10,450,0,115
AGT001,2026-09-11,480,0,79
AGT002,2026-09-11,0,0,0
AGT003,2026-09-11,510,0,107
AGT004,2026-09-11,480,0,127
AGT005,2026-09-11,510,0,133
AGT006,2026-09-11,450,0,104
AGT007,2026-09-11,0,0,0
AGT008,2026-09-11,480,0,78
AGT009,2026-09-11,480,0,100
AGT010,2026-09-11,480,0,87
AGT011,2026-09-11,480,0,132
AGT012,2026-09-11,480,120,100
AGT013,2026-09-11,480,0,90
AGT014,2026-09-11,510,0,133
AGT015,2026-09-11,480,0,89
AGT016,2026-09-11,0,0,0
AGT017,2026-09-11,510,0,141
AGT018,2026-09-11,450,0,85
AGT001,2026-09-12,480,0,87
AGT002,2026-09-12,0,0,0
AGT003,2026-09-12,480,0,101
AGT004,2026-09-12,480,30,119
AGT005,2026-09-12,0,0,0
AGT006,2026-09-12,480,0,128
AGT007,2026-09-12,480,0,86
AGT008,2026-09-12,480,0,97
AGT009,2026-09-12,450,0,92
AGT010,2026-09-12,510,0,120
AGT011,2026-09-12,510,0,110
AGT012,2026-09-12,0,0,0
AGT013,2026-09-12,0,0,0
AGT014,2026-09-12,450,0,99
AGT015,2026-09-12,480,0,117
AGT016,2026-09-12,0,0,0
AGT017,2026-09-12,0,0,0
AGT018,2026-09-12,0,0,0
AGT001,2026-09-13,0,0,0
AGT002,2026-09-13,480,60,102
AGT003,2026-09-13,480,0,134
AGT004,2026-09-13,0,0,0
AGT005,2026-09-13,0,0,0
AGT006,2026-09-13,0,0,0
AGT007,2026-09-13,450,0,114
AGT008,2026-09-13,510,0,89
AGT009,2026-09-13,510,0,78
AGT010,2026-09-13,480,0,73
AGT011,2026-09-13,0,0,0
AGT012,2026-09-13,0,0,0
AGT013,2026-09-13,450,0,94
AGT014,2026-09-13,510,0,110
AGT015,2026-09-13,480,0,72
AGT016,2026-09-13,0,0,0
AGT017,2026-09-13,0,0,0
AGT018,2026-09-13,480,0,133
AGT001,2026-09-14,480,480,0
AGT002,2026-09-14,480,0,95
AGT003,2026-09-14,480,0,93
AGT004,2026-09-14,480,0,123
AGT005,2026-09-14,0,0,0
AGT006,2026-09-14,0,0,0
AGT007,2026-09-14,480,0,103
AGT008,2026-09-14,480,0,85
AGT009,2026-09-14,480,0,93
AGT010,2026-09-14,0,0,0
AGT011,2026-09-14,450,0,87
AGT012,2026-09-14,480,480,0
AGT013,2026-09-14,480,120,100
AGT014,2026-09-14,0,0,0
AGT015,2026-09-14,480,0,76
AGT016,2026-09-14,480,0,124
AGT017,2026-09-14,480,0,129
AGT018,2026-09-14,480,0,133
AGT001,2026-09-15,480,0,84
AGT002,2026-09-15,480,0,79
AGT003,2026-09-15,480,0,126
AGT004,2026-09-15,0,0,0
AGT005,2026-09-15,480,0,133
AGT006,2026-09-15,0,0,0
AGT007,2026-09-15,480,0,72
AGT008,2026-09-15,480,0,98
AGT009,2026-09-15,480,0,122
AGT010,2026-09-15,480,0,133
AGT011,2026-09-15,0,0,0
AGT012,2026-09-15,480,0,87
AGT013,2026-09-15,450,0,83
AGT014,2026-09-15,480,0,108
AGT015,2026-09-15,480,0,120
AGT016,2026-09-15,0,0,0
AGT017,2026-09-15,480,0,119
AGT018,2026-09-15,480,0,73
AGT001,2026-09-16,480,0,132
AGT002,2026-09-16,480,0,84
AGT003,2026-09-16,0,0,0
AGT004,2026-09-16,480,0,94
AGT005,2026-09-16,450,0,83
AGT006,2026-09-16,510,0,140
AGT007,2026-09-16,480,120,77
AGT008,2026-09-16,480,0,78
AGT009,2026-09-16,0,0,0
AGT010,2026-09-16,480,0,91
AGT011,2026-09-16,480,0,125
AGT012,2026-09-16,480,0,85
AGT013,2026-09-16,480,0,110
AGT014,2026-09-16,480,0,127
AGT015,2026-09-16,480,0,113
AGT016,2026-09-16,480,60,85
AGT017,2026-09-16,510,510,0
AGT018,2026-09-16,480,0,125
AGT001,2026-09-17,480,0,94
AGT002,2026-09-17,480,0,124
AGT003,2026-09-17,480,0,86
AGT004,2026-09-17,0,0,0
AGT005,2026-09-17,480,0,109
AGT006,2026-09-17,450,0,79
AGT007,2026-09-17,480,0,85
AGT008,2026-09-17,480,120,100
AGT009,2026-09-17,480,0,123
AGT010,2026-09-17,480,0,128
AGT011,2026-09-17,480,0,129
AGT012,2026-09-17,0,0,0
AGT013,2026-09-17,0,0,0
AGT014,2026-09-17,0,0,0
AGT015,2026-09-17,480,0,99
AGT016,2026-09-17,480,0,79
AGT017,2026-09-17,480,0,89
AGT018,2026-09-17,480,0,133
AGT001,2026-09-18,450,0,79
AGT002,2026-09-18,480,0,79
AGT003,2026-09-18,450,0,87
AGT004,2026-09-18,450,0,81
AGT005,2026-09-18,510,0,90
AGT006,2026-09-18,450,120,98
AGT007,2026-09-18,480,0,92
AGT008,2026-09-18,480,0,113
AGT009,2026-09-18,480,30,112
AGT010,2026-09-18,0,0,0
AGT011,2026-09-18,480,0,104
AGT012,2026-09-18,480,0,75
AGT013,2026-09-18,480,0,107
AGT014,2026-09-18,480,0,126
AGT015,2026-09-18,480,0,80
AGT016,2026-09-18,450,0,70
AGT017,2026-09-18,480,0,100
AGT018,2026-09-18,480,0,102
AGT001,2026-09-19,0,0,0
AGT002,2026-09-19,0,0,0
AGT003,2026-09-19,0,0,0
AGT004,2026-09-19,510,0,91
AGT005,2026-09-19,0,0,0
AGT006,2026-09-19,480,0,125
AGT007,2026-09-19,480,0,99
AGT008,2026-09-19,480,0,122
AGT009,2026-09-19,480,0,85
AGT010,2026-09-19,0,0,0
AGT011,2026-09-19,0,0,0
AGT012,2026-09-19,0,0,0
AGT013,2026-09-19,480,0,131
AGT014,2026-09-19,450,0,112
AGT015,2026-09-19,480,0,103
AGT016,2026-09-19,480,0,77
AGT017,2026-09-19,480,0,89
AGT018,2026-09-19,0,0,0
AGT001,2026-09-20,0,0,0
AGT002,2026-09-20,0,0,0
AGT003,2026-09-20,450,0,119
AGT004,2026-09-20,0,0,0
AGT005,2026-09-20,480,0,125
AGT006,2026-09-20,0,0,0
AGT007,2026-09-20,480,0,132
AGT008,2026-09-20,480,0,110
AGT009,2026-09-20,0,0,0
AGT010,2026-09-20,0,0,0
AGT011,2026-09-20,480,0,87
AGT012,2026-09-20,480,0,87
AGT013,2026-09-20,0,0,0
AGT014,2026-09-20,0,0,0
AGT015,2026-09-20,450,0,123
AGT016,2026-09-20,0,0,0
AGT017,2026-09-20,480,0,81
AGT018,2026-09-20,0,0,0
AGT001,2026-09-21,480,0,92
AGT002,2026-09-21,480,0,97
AGT003,2026-09-21,480,0,96
AGT004,2026-09-21,480,0,125
AGT005,2026-09-21,0,0,0
AGT006,2026-09-21,480,0,129
AGT007,2026-09-21,480,0,117
AGT008,2026-09-21,0,0,0
AGT009,2026-09-21,0,0,0
AGT010,2026-09-21,450,0,124
AGT011,2026-09-21,0,0,0
AGT012,2026-09-21,510,0,87
AGT013,2026-09-21,510,0,130
AGT014,2026-09-21,480,0,87
AGT015,2026-09-21,480,0,133
AGT016,2026-09-21,480,60,87
AGT017,2026-09-21,480,0,111
AGT018,2026-09-21,510,0,94
AGT001,2026-09-22,0,0,0
AGT002,2026-09-22,450,0,79
AGT003,2026-09-22,480,0,120
AGT004,2026-09-22,510,0,118
AGT005,2026-09-22,480,0,82
AGT006,2026-09-22,480,0,131
AGT007,2026-09-22,450,0,107
AGT008,2026-09-22,450,0,102
AGT009,2026-09-22,480,0,107
AGT010,2026-09-22,480,0,81
AGT011,2026-09-22,480,0,110
AGT012,2026-09-22,480,480,0
AGT013,2026-09-22,510,0,139
AGT014,2026-09-22,480,0,112
AGT015,2026-09-22,450,0,70
AGT016,2026-09-22,450,0,98
AGT017,2026-09-22,480,0,103
AGT018,2026-09-22,0,0,0
AGT001,2026-09-23,480,0,95
AGT002,2026-09-23,480,0,83
AGT003,2026-09-23,480,0,89
AGT004,2026-09-23,480,30,96
AGT005,2026-09-23,510,120,118
AGT006,2026-09-23,480,0,86
AGT007,2026-09-23,0,0,0
AGT008,2026-09-23,480,0,121
AGT009,2026-09-23,480,0,127
AGT010,2026-09-23,480,0,113
AGT011,2026-09-23,480,0,90
AGT012,2026-09-23,480,120,118
AGT013,2026-09-23,0,0,0
AGT014,2026-09-23,480,0,113
AGT015,2026-09-23,480,0,130
AGT016,2026-09-23,480,0,99
AGT017,2026-09-23,480,0,119
AGT018,2026-09-23,0,0,0
AGT001,2026-09-24,480,0,114
AGT002,2026-09-24,480,120,104
AGT003,2026-09-24,480,0,87
AGT004,2026-09-24,480,0,97
AGT005,2026-09-24,510,0,109
AGT006,2026-09-24,480,0,92
AGT007,2026-09-24,480,0,95
AGT008,2026-09-24,510,30,101
AGT009,2026-09-24,0,0,0
AGT010,2026-09-24,480,0,95
AGT011,2026-09-24,480,30,100
AGT012,2026-09-24,480,0,132
AGT013,2026-09-24,480,0,97
AGT014,2026-09-24,450,0,76
AGT015,2026-09-24,480,0,90
AGT016,2026-09-24,480,0,117
AGT017,2026-09-24,480,0,122
AGT018,2026-09-24,480,0,108
AGT001,2026-09-25,480,0,101
AGT002,2026-09-25,480,0,102
AGT003,2026-09-25,480,0,116
AGT004,2026-09-25,510,510,0
AGT005,2026-09-25,480,0,95
AGT006,2026-09-25,480,60,125
AGT007,2026-09-25,480,0,118
AGT008,2026-09-25,0,0,0
AGT009,2026-09-25,0,0,0
AGT010,2026-09-25,480,0,91
AGT011,2026-09-25,480,0,103
AGT012,2026-09-25,0,0,0
AGT013,2026-09-25,480,0,104
AGT014,2026-09-25,450,0,79
AGT015,2026-09-25,480,0,128
AGT016,2026-09-25,450,0,84
AGT017,2026-09-25,480,0,86
AGT018,2026-09-25,480,480,0
AGT001,2026-09-26,480,0,131
AGT002,2026-09-26,0,0,0
AGT003,2026-09-26,480,60,103
AGT004,2026-09-26,480,0,117
AGT005,2026-09-26,480,0,107
AGT006,2026-09-26,0,0,0
AGT007,2026-09-26,510,0,84
AGT008,2026-09-26,0,0,0
AGT009,2026-09-26,0,0,0
AGT010,2026-09-26,0,0,0
AGT011,2026-09-26,480,0,105
AGT012,2026-09-26,480,0,125
AGT013,2026-09-26,0,0,0
AGT014,2026-09-26,0,0,0
AGT015,2026-09-26,480,30,112
AGT016,2026-09-26,0,0,0
AGT017,2026-09-26,480,0,100
AGT018,2026-09-26,480,0,75
AGT001,2026-09-27,480,120,115
AGT002,2026-09-27,0,0,0
AGT003,2026-09-27,480,0,117
AGT004,2026-09-27,480,0,94
AGT005,2026-09-27,480,0,74
AGT006,2026-09-27,480,0,128
AGT007,2026-09-27,0,0,0
AGT008,2026-09-27,0,0,0
AGT009,2026-09-27,0,0,0
AGT010,2026-09-27,0,0,0
AGT011,2026-09-27,480,0,103
AGT012,2026-09-27,480,0,74
AGT013,2026-09-27,450,0,101
AGT014,2026-09-27,480,0,92
AGT015,2026-09-27,0,0,0
AGT016,2026-09-27,0,0,0
AGT017,2026-09-27,0,0,0
AGT018,2026-09-27,0,0,0
AGT001,2026-09-28,480,0,105
AGT002,2026-09-28,510,0,134
AGT003,2026-09-28,480,0,86
AGT004,2026-09-28,480,0,134
AGT005,2026-09-28,480,0,133
AGT006,2026-09-28,450,0,118
AGT007,2026-09-28,480,0,126
AGT008,2026-09-28,450,0,103
AGT009,2026-09-28,480,0,86
AGT010,2026-09-28,0,0,0
AGT011,2026-09-28,480,0,78
AGT012,2026-09-28,480,0,99
AGT013,2026-09-28,0,0,0
AGT014,2026-09-28,480,0,80
AGT015,2026-09-28,480,0,110
AGT016,2026-09-28,0,0,0
AGT017,2026-09-28,450,0,106
AGT018,2026-09-28,0,0,0
AGT001,2026-09-29,480,0,106
AGT002,2026-09-29,480,0,78
AGT003,2026-09-29,0,0,0
AGT004,2026-09-29,0,0,0
AGT005,2026-09-29,480,0,99
AGT006,2026-09-29,480,0,128
AGT007,2026-09-29,480,0,81
AGT008,2026-09-29,0,0,0
AGT009,2026-09-29,480,0,101
AGT010,2026-09-29,450,0,115
AGT011,2026-09-29,480,0,101
AGT012,2026-09-29,480,0,99
AGT013,2026-09-29,480,0,121
AGT014,2026-09-29,0,0,0
AGT015,2026-09-29,510,0,106
AGT016,2026-09-29,0,0,0
AGT017,2026-09-29,0,0,0
AGT018,2026-09-29,480,0,123
AGT001,2026-09-30,450,0,122
AGT002,2026-09-30,0,0,0
AGT003,2026-09-30,480,0,73
AGT004,2026-09-30,0,0,0
AGT005,2026-09-30,480,0,120
AGT006,2026-09-30,480,0,86
AGT007,2026-09-30,480,0,132
AGT008,2026-09-30,510,0,81
AGT009,2026-09-30,480,0,131
AGT010,2026-09-30,480,0,87
AGT011,2026-09-30,510,0,88
AGT012,2026-09-30,0,0,0
AGT013,2026-09-30,480,0,89
AGT014,2026-09-30,450,0,121
AGT015,2026-09-30,480,0,96
AGT016,2026-09-30,480,0,115
AGT017,2026-09-30,450,0,72
AGT018,2026-09-30,510,30,117
