team,work_date,handling_minutes,productive_minutes,weekday,forecast_handling_minutes,forecast_history_days,productive_minutes_per_fte,target_utilization,required_fte,available_fte,staffing_gap_fte
billing_account,2025-10-01,1974.0,1885,2,,0,374.40000000000003,0.85,,5.034722222222221,
billing_account,2025-10-02,1402.0,1066,3,,0,374.40000000000003,0.85,,2.847222222222222,
billing_account,2025-10-03,1410.0,1128,4,,0,374.40000000000003,0.85,,3.0128205128205123,
billing_account,2025-10-04,583.0,751,5,,0,374.40000000000003,0.85,,2.005876068376068,
billing_account,2025-10-05,628.0,1406,6,,0,374.40000000000003,0.85,,3.75534188034188,
billing_account,2025-10-06,1410.0,1073,0,,0,374.40000000000003,0.85,,2.8659188034188032,
billing_account,2025-10-07,1653.0,1612,1,,0,374.40000000000003,0.85,,4.305555555555555,
billing_account,2025-10-08,981.0,1416,2,,1,374.40000000000003,0.85,,3.7820512820512815,
billing_account,2025-10-09,747.0,797,3,,1,374.40000000000003,0.85,,2.128739316239316,
billing_account,2025-10-10,1634.0,1814,4,,1,374.40000000000003,0.85,,4.845085470085469,
billing_account,2025-10-11,921.0,718,5,,1,374.40000000000003,0.85,,1.9177350427350426,
billing_account,2025-10-12,428.0,722,6,,1,374.40000000000003,0.85,,1.9284188034188032,
billing_account,2025-10-13,1202.0,1207,0,,1,374.40000000000003,0.85,,3.223824786324786,
billing_account,2025-10-14,1157.0,1870,1,,1,374.40000000000003,0.85,,4.994658119658119,
billing_account,2025-10-15,1551.0,1440,2,,2,374.40000000000003,0.85,,3.846153846153846,
billing_account,2025-10-16,741.0,1476,3,,2,374.40000000000003,0.85,,3.942307692307692,
billing_account,2025-10-17,977.0,1440,4,,2,374.40000000000003,0.85,,3.846153846153846,
billing_account,2025-10-18,1030.0,1548,5,,2,374.40000000000003,0.85,,4.134615384615384,
billing_account,2025-10-19,765.0,1545,6,,2,374.40000000000003,0.85,,4.126602564102564,
billing_account,2025-10-20,1727.0,1766,0,,2,374.40000000000003,0.85,,4.7168803418803416,
billing_account,2025-10-21,1300.0,1903,1,,2,374.40000000000003,0.85,,5.082799145299145,
billing_account,2025-10-22,854.0,1871,2,,3,374.40000000000003,0.85,,4.99732905982906,
billing_account,2025-10-23,1456.0,1793,3,,3,374.40000000000003,0.85,,4.788995726495726,
billing_account,2025-10-24,1022.0,1892,4,,3,374.40000000000003,0.85,,5.053418803418803,
billing_account,2025-10-25,929.0,804,5,,3,374.40000000000003,0.85,,2.1474358974358974,
billing_account,2025-10-26,807.0,743,6,,3,374.40000000000003,0.85,,1.9845085470085468,
billing_account,2025-10-27,1594.0,1886,0,,3,374.40000000000003,0.85,,5.037393162393162,
billing_account,2025-10-28,1410.0,1135,1,,3,374.40000000000003,0.85,,3.0315170940170937,
billing_account,2025-10-29,1470.0,1143,2,1340.0,4,374.40000000000003,0.85,4.2106586224233284,3.052884615384615,1.1577740070387135
billing_account,2025-10-30,1884.0,1471,3,1086.5,4,374.40000000000003,0.85,3.4140899949723478,3.928952991452991,-0.5148629964806433
billing_account,2025-10-31,1470.0,1098,4,1260.75,4,374.40000000000003,0.85,3.961632730015083,2.9326923076923075,1.0289404223227754
billing_account,2025-11-01,1032.0,1116,5,865.75,4,374.40000000000003,0.85,2.720431121166415,2.9807692307692304,-0.2603381096028152
billing_account,2025-11-02,289.0,797,6,657.0,4,374.40000000000003,0.85,2.0644796380090495,2.128739316239316,-0.06425967823026646
billing_account,2025-11-03,1216.0,1462,0,1483.25,4,374.40000000000003,0.85,4.660790598290598,3.9049145299145294,0.7558760683760686
billing_account,2025-11-04,1440.0,1139,1,1380.0,4,374.40000000000003,0.85,4.336349924585218,3.0422008547008543,1.294149069884364
billing_account,2025-11-05,1698.0,1586,2,1214.0,4,374.40000000000003,0.85,3.8147310206133733,4.236111111111111,-0.4213800904977374
billing_account,2025-11-06,1112.0,1154,3,1207.0,4,374.40000000000003,0.85,3.7927350427350426,3.082264957264957,0.7104700854700856
billing_account,2025-11-07,1430.0,1434,4,1275.75,4,374.40000000000003,0.85,4.008766968325792,3.830128205128205,0.17863876319758676
billing_account,2025-11-08,480.0,366,5,978.0,4,374.40000000000003,0.85,3.07315233785822,0.9775641025641024,2.0955882352941178
billing_account,2025-11-09,566.0,1127,6,572.25,4,374.40000000000003,0.85,1.7981711915535445,3.0101495726495724,-1.2119783810960278
billing_account,2025-11-10,2370.0,1842,0,1434.75,4,374.40000000000003,0.85,4.508389894419306,4.919871794871795,-0.4114819004524888
billing_account,2025-11-11,894.0,2259,1,1326.75,4,374.40000000000003,0.85,4.169023378582202,6.033653846153846,-1.8646304675716436
billing_account,2025-11-12,1112.0,1653,2,1393.25,4,374.40000000000003,0.85,4.377985168426345,4.415064102564102,-0.037078934137757535
billing_account,2025-11-13,1333.0,2150,3,1298.25,4,374.40000000000003,0.85,4.079468325791855,5.742521367521367,-1.663053041729512
billing_account,2025-11-14,966.0,1838,4,1224.75,4,374.40000000000003,0.85,3.8485105580693815,4.909188034188034,-1.0606774761186526
billing_account,2025-11-15,601.0,1062,5,867.75,4,374.40000000000003,0.85,2.7267156862745097,2.8365384615384612,-0.10982277526395157
billing_account,2025-11-16,1042.0,1448,6,606.75,4,374.40000000000003,0.85,1.9065799396681749,3.867521367521367,-1.9609414278531923
billing_account,2025-11-17,2161.0,1776,0,1726.75,4,374.40000000000003,0.85,5.425936400201106,4.743589743589743,0.6823466566113634
billing_account,2025-11-18,1309.0,2253,1,1261.0,4,374.40000000000003,0.85,3.9624183006535945,6.017628205128204,-2.05520990447461
billing_account,2025-11-19,1194.0,2283,2,1283.5,4,374.40000000000003,0.85,4.0331196581196584,6.09775641025641,-2.0646367521367512
billing_account,2025-11-20,1451.0,1752,3,1446.25,4,374.40000000000003,0.85,4.54452614379085,4.679487179487179,-0.1349610356963291
billing_account,2025-11-21,1241.0,1841,4,1222.0,4,374.40000000000003,0.85,3.8398692810457513,4.917200854700854,-1.077331573655103
billing_account,2025-11-22,955.0,1168,5,760.5,4,374.40000000000003,0.85,2.389705882352941,3.1196581196581192,-0.7299522373051781
billing_account,2025-11-23,1092.0,1917,6,676.0,4,374.40000000000003,0.85,2.1241830065359477,5.1201923076923075,-2.9960093011563598
billing_account,2025-11-24,1827.0,1525,0,1835.25,4,374.40000000000003,0.85,5.766874057315234,4.073183760683761,1.6936902966314733
billing_account,2025-11-25,1406.0,1500,1,1263.25,4,374.40000000000003,0.85,3.969488436400201,4.006410256410256,-0.036921820010055395
billing_account,2025-11-26,1210.0,1517,2,1368.5,4,374.40000000000003,0.85,4.3002136752136755,4.051816239316239,0.24839743589743613
billing_account,2025-11-27,1692.0,1802,3,1445.0,4,374.40000000000003,0.85,4.5405982905982905,4.813034188034187,-0.2724358974358969
billing_account,2025-11-28,1667.0,1928,4,1276.75,4,374.40000000000003,0.85,4.011909250879839,5.149572649572649,-1.1376633986928102
billing_account,2025-11-29,660.0,1494,5,767.0,4,374.40000000000003,0.85,2.4101307189542482,3.990384615384615,-1.5802538964303667
billing_account,2025-11-30,205.0,1474,6,747.25,4,374.40000000000003,0.85,2.348070638511815,3.9369658119658117,-1.588895173453997
billing_account,2025-12-01,982.0,1679,0,1893.5,4,374.40000000000003,0.85,5.949912016088486,4.484508547008547,1.4654034690799396
billing_account,2025-12-02,2564.0,2269,1,1262.25,4,374.40000000000003,0.85,3.9663461538461537,6.060363247863247,-2.0940170940170932
billing_account,2025-12-03,1411.0,1857,2,1303.5,4,374.40000000000003,0.85,4.095965309200603,4.959935897435897,-0.8639705882352935
billing_account,2025-12-04,1121.0,1788,3,1397.0,4,374.40000000000003,0.85,4.389768728004022,4.7756410256410255,-0.3858722976370039
billing_account,2025-12-05,959.0,976,4,1326.0,4,374.40000000000003,0.85,4.166666666666667,2.6068376068376065,1.5598290598290605
billing_account,2025-12-06,960.0,783,5,674.0,4,374.40000000000003,0.85,2.117898441427853,2.0913461538461537,0.026552287581699474
billing_account,2025-12-07,655.0,1732,6,726.25,4,374.40000000000003,0.85,2.2820827048768226,4.626068376068376,-2.343985671191553
billing_account,2025-12-08,1417.0,1182,0,1835.0,4,374.40000000000003,0.85,5.766088486676722,3.157051282051282,2.60903720462544
billing_account,2025-12-09,2040.0,2240,1,1543.25,4,374.40000000000003,0.85,4.849327551533434,5.982905982905982,-1.1335784313725483
billing_account,2025-12-10,1242.0,2325,2,1231.75,4,374.40000000000003,0.85,3.870506535947712,6.209935897435897,-2.3394293614881847
billing_account,2025-12-11,1016.0,1841,3,1399.25,4,374.40000000000003,0.85,4.396838863750628,4.917200854700854,-0.5203619909502262
billing_account,2025-12-12,1326.0,1551,4,1208.25,4,374.40000000000003,0.85,3.796662895927602,4.142628205128204,-0.34596530920060253
billing_account,2025-12-13,409.0,782,5,794.0,4,374.40000000000003,0.85,2.4949723479135244,2.0886752136752134,0.40629713423831104
billing_account,2025-12-14,216.0,1105,6,748.5,4,374.40000000000003,0.85,2.351998491704374,2.951388888888889,-0.5993903971845147
billing_account,2025-12-15,1336.0,2201,0,1596.75,4,374.40000000000003,0.85,5.017439668174962,5.878739316239316,-0.861299648064354
billing_account,2025-12-16,665.0,2295,1,1829.75,4,374.40000000000003,0.85,5.749591503267974,6.129807692307692,-0.380216189039718
billing_account,2025-12-17,988.0,2044,2,1264.25,4,374.40000000000003,0.85,3.9726307189542482,5.459401709401709,-1.4867709904474604
billing_account,2025-12-18,797.0,1827,3,1320.0,4,374.40000000000003,0.85,4.147812971342383,4.879807692307692,-0.731994720965309
billing_account,2025-12-19,1088.0,1909,4,1298.25,4,374.40000000000003,0.85,4.079468325791855,5.098824786324786,-1.019356460532931
billing_account,2025-12-20,239.0,1078,5,746.0,4,374.40000000000003,0.85,2.344142785319256,2.879273504273504,-0.5351307189542478
billing_account,2025-12-21,445.0,1721,6,542.0,4,374.40000000000003,0.85,1.7031171442936148,4.596688034188034,-2.893570889894419
billing_account,2025-12-22,1677.0,2254,0,1390.5,4,374.40000000000003,0.85,4.369343891402715,6.020299145299145,-1.6509552538964298
billing_account,2025-12-23,1673.0,1550,1,1668.75,4,374.40000000000003,0.85,5.243684012066365,4.139957264957265,1.1037267471091
billing_account,2025-12-24,1410.0,1111,2,1212.75,4,374.40000000000003,0.85,3.8108031674208145,2.96741452991453,0.8433886375062847
billing_account,2025-12-25,1134.0,2285,3,1156.5,4,374.40000000000003,0.85,3.634049773755656,6.1030982905982905,-2.4690485168426344
billing_account,2025-12-26,626.0,1422,4,1260.0,4,374.40000000000003,0.85,3.959276018099547,3.798076923076923,0.1611990950226243
billing_account,2025-12-27,660.0,2302,5,567.0,4,374.40000000000003,0.85,1.7816742081447963,6.1485042735042725,-4.366830065359476
billing_account,2025-12-28,886.0,1382,6,380.25,4,374.40000000000003,0.85,1.1948529411764706,3.691239316239316,-2.4963863750628454
billing_account,2025-12-29,1308.0,1513,0,1353.0,4,374.40000000000003,0.85,4.251508295625943,4.041132478632479,0.21037581699346397
billing_account,2025-12-30,2319.0,2230,1,1735.5,4,374.40000000000003,0.85,5.453431372549019,5.956196581196581,-0.5027652086475616
billing_account,2025-12-31,1226.0,1821,2,1262.75,4,374.40000000000003,0.85,3.9679172951231774,4.863782051282051,-0.8958647561588737
billing_account,2026-01-01,1890.0,1481,3,1017.0,4,374.40000000000003,0.85,3.195701357466063,3.9556623931623927,-0.7599610356963296
billing_account,2026-01-02,978.0,2197,4,999.75,4,374.40000000000003,0.85,3.141496983408748,5.868055555555555,-2.7265585721468075
billing_account,2026-01-03,660.0,818,5,567.0,4,374.40000000000003,0.85,1.7816742081447963,2.1848290598290596,-0.40315485168426335
billing_account,2026-01-04,245.0,753,6,550.5,4,374.40000000000003,0.85,1.7298265460030164,2.0112179487179485,-0.281391402714932
billing_account,2026-01-05,1255.0,1502,0,1434.5,4,374.40000000000003,0.85,4.507604323780794,4.011752136752136,0.49585218702865763
billing_account,2026-01-06,1209.0,1883,1,1674.25,4,374.40000000000003,0.85,5.260966566113625,5.0293803418803416,0.23158622423328357
billing_account,2026-01-07,1317.0,1855,2,1216.5,4,374.40000000000003,0.85,3.8225867269984914,4.954594017094017,-1.1320072900955256
billing_account,2026-01-08,1144.0,1808,3,1209.25,4,374.40000000000003,0.85,3.799805178481649,4.829059829059829,-1.0292546505781797
billing_account,2026-01-09,1840.0,2244,4,1004.5,4,374.40000000000003,0.85,3.1564228255404725,5.993589743589743,-2.8371669180492702
billing_account,2026-01-10,550.0,1155,5,492.0,4,374.40000000000003,0.85,1.546003016591252,3.0849358974358974,-1.5389328808446454
billing_account,2026-01-11,944.0,1557,6,448.0,4,374.40000000000003,0.85,1.4077425842131723,4.158653846153846,-2.7509112619406735
billing_account,2026-01-12,1263.0,1515,0,1394.0,4,374.40000000000003,0.85,4.38034188034188,4.046474358974359,0.3338675213675213
billing_account,2026-01-13,873.0,2281,1,1466.5,4,374.40000000000003,0.85,4.608157365510307,6.092414529914529,-1.4842571644042222
billing_account,2026-01-14,1740.0,1325,2,1235.25,4,374.40000000000003,0.85,3.8815045248868776,3.538995726495726,0.34250879839115145
billing_account,2026-01-15,1281.0,1795,3,1241.25,4,374.40000000000003,0.85,3.900358220211161,4.7943376068376065,-0.8939793866264454
billing_account,2026-01-16,719.0,1515,4,1133.0,4,374.40000000000003,0.85,3.5602061337355453,4.046474358974359,-0.4862682252388133
billing_account,2026-01-17,302.0,723,5,527.25,4,374.40000000000003,0.85,1.6567684766214177,1.9310897435897434,-0.2743212669683257
billing_account,2026-01-18,280.0,779,6,630.0,4,374.40000000000003,0.85,1.9796380090497736,2.080662393162393,-0.10102438411261949
billing_account,2026-01-19,1498.0,2362,0,1375.75,4,374.40000000000003,0.85,4.322995223730517,6.308760683760683,-1.9857654600301657
billing_account,2026-01-20,667.0,1457,1,1518.5,4,374.40000000000003,0.85,4.771556058320764,3.891559829059829,0.8799962292609349
billing_account,2026-01-21,1320.0,2204,2,1423.25,4,374.40000000000003,0.85,4.472253645047762,5.886752136752136,-1.4144984917043741
billing_account,2026-01-22,1812.0,1824,3,1362.25,4,374.40000000000003,0.85,4.28057440925088,4.871794871794871,-0.5912204625439914
billing_account,2026-01-23,936.0,1888,4,1040.75,4,374.40000000000003,0.85,3.2703305681246855,5.042735042735043,-1.772404474610357
billing_account,2026-01-24,575.0,725,5,543.0,4,374.40000000000003,0.85,1.706259426847662,1.9364316239316237,-0.23017219708396164
billing_account,2026-01-25,554.0,1912,6,588.75,4,374.40000000000003,0.85,1.8500188536953242,5.1068376068376065,-3.2568187531422823
billing_account,2026-01-26,1373.0,1485,0,1331.0,4,374.40000000000003,0.85,4.182378079436903,3.9663461538461533,0.2160319255907499
billing_account,2026-01-27,2272.0,1941,1,1267.0,4,374.40000000000003,0.85,3.9812719959778784,5.184294871794871,-1.203022875816993
billing_account,2026-01-28,1007.0,2236,2,1400.75,4,374.40000000000003,0.85,4.4015522875816995,5.972222222222221,-1.570669934640522
billing_account,2026-01-29,1920.0,1511,3,1531.75,4,374.40000000000003,0.85,4.81319130216189,4.035790598290598,0.777400703871292
billing_account,2026-01-30,1204.0,2269,4,1118.25,4,374.40000000000003,0.85,3.513857466063348,6.060363247863247,-2.546505781799899
billing_account,2026-01-31,813.0,1549,5,521.75,4,374.40000000000003,0.85,1.6394859225741578,4.1372863247863245,-2.4978004022121665
billing_account,2026-02-01,578.0,1118,6,505.75,4,374.40000000000003,0.85,1.5892094017094016,2.9861111111111107,-1.396901709401709
billing_account,2026-02-02,1148.0,2141,0,1347.25,4,374.40000000000003,0.85,4.233440170940171,5.718482905982905,-1.4850427350427342
billing_account,2026-02-03,1185.0,1898,1,1255.25,4,374.40000000000003,0.85,3.944350175967823,5.069444444444444,-1.1250942684766208
billing_account,2026-02-04,1108.0,2246,2,1346.0,4,374.40000000000003,0.85,4.229512317747612,5.9989316239316235,-1.7694193061840116
billing_account,2026-02-05,798.0,2289,3,1539.25,4,374.40000000000003,0.85,4.836758421317245,6.113782051282051,-1.2770236299648063
billing_account,2026-02-06,708.0,1498,4,1174.75,4,374.40000000000003,0.85,3.6913964303670186,4.001068376068376,-0.30967194570135703
billing_account,2026-02-07,881.0,1101,5,560.0,4,374.40000000000003,0.85,1.7596782302664655,2.9407051282051277,-1.1810268979386622
billing_account,2026-02-08,228.0,772,6,589.0,4,374.40000000000003,0.85,1.850804424333836,2.0619658119658117,-0.21116138763197578
billing_account,2026-02-09,1782.0,2229,0,1320.5,4,374.40000000000003,0.85,4.149384112619407,5.9535256410256405,-1.8041415284062339
billing_account,2026-02-10,1221.0,2196,1,1249.25,4,374.40000000000003,0.85,3.9254964806435395,5.865384615384615,-1.9398881347410755
billing_account,2026-02-11,1208.0,1076,2,1293.75,4,374.40000000000003,0.85,4.065328054298642,2.8739316239316235,1.1913964303670186
billing_account,2026-02-12,1096.0,2223,3,1452.75,4,374.40000000000003,0.85,4.564950980392156,5.937499999999999,-1.3725490196078427
billing_account,2026-02-13,1099.0,1913,4,891.75,4,374.40000000000003,0.85,2.802130467571644,5.109508547008547,-2.3073780794369028
billing_account,2026-02-14,937.0,1203,5,642.75,4,374.40000000000003,0.85,2.0197021116138765,3.2131410256410255,-1.193438914027149
billing_account,2026-02-15,765.0,696,6,410.0,4,374.40000000000003,0.85,1.2883358471593764,1.8589743589743588,-0.5706385118149824
billing_account,2026-02-16,2122.0,2202,0,1450.25,4,374.40000000000003,0.85,4.557095274007039,5.8814102564102555,-1.3243149824032168
billing_account,2026-02-17,1081.0,1918,1,1336.25,4,374.40000000000003,0.85,4.198875062845651,5.122863247863247,-0.9239881850175964
billing_account,2026-02-18,1587.0,1800,2,1160.75,4,374.40000000000003,0.85,3.6474044746103567,4.8076923076923075,-1.1602878330819508
billing_account,2026-02-19,1732.0,2192,3,1406.5,4,374.40000000000003,0.85,4.419620412267471,5.854700854700854,-1.4350804424333834
billing_account,2026-02-20,741.0,1937,4,986.75,4,374.40000000000003,0.85,3.1006473102061336,5.173611111111111,-2.072963800904977
billing_account,2026-02-21,766.0,1481,5,801.5,4,374.40000000000003,0.85,2.5185394670688788,3.9556623931623927,-1.4371229260935139
billing_account,2026-02-22,758.0,1471,6,531.25,4,374.40000000000003,0.85,1.6693376068376067,3.928952991452991,-2.259615384615384
billing_account,2026-02-23,1635.0,2159,0,1606.25,4,374.40000000000003,0.85,5.047291352438411,5.766559829059829,-0.7192684766214175
billing_account,2026-02-24,1079.0,1857,1,1439.75,4,374.40000000000003,0.85,4.524101307189542,4.959935897435897,-0.43583459024635474
billing_account,2026-02-25,1931.0,2203,2,1227.5,4,374.40000000000003,0.85,3.8571518350930116,5.884081196581196,-2.0269293614881843
billing_account,2026-02-26,1515.0,1455,3,1386.5,4,374.40000000000003,0.85,4.356774761186526,3.8862179487179485,0.4705568124685775
billing_account,2026-02-27,313.0,2206,4,938.0,4,374.40000000000003,0.85,2.9474610356963296,5.892094017094016,-2.9446329813976866
billing_account,2026-02-28,837.0,1520,5,849.25,4,374.40000000000003,0.85,2.6685834590246356,4.05982905982906,-1.391245600804424
billing_account,2026-03-01,786.0,1494,6,582.25,4,374.40000000000003,0.85,1.829594017094017,3.990384615384615,-2.160790598290598
billing_account,2026-03-02,1602.0,2304,0,1671.75,4,374.40000000000003,0.85,5.2531108597285066,6.153846153846153,-0.9007352941176467
billing_account,2026-03-03,1446.0,1971,1,1141.5,4,374.40000000000003,0.85,3.586915535444947,5.264423076923077,-1.6775075414781297
billing_account,2026-03-04,1249.0,1804,2,1458.5,4,374.40000000000003,0.85,4.583019105077929,4.818376068376068,-0.23535696329813938
billing_account,2026-03-05,1823.0,2212,3,1285.25,4,374.40000000000003,0.85,4.038618652589241,5.908119658119658,-1.8695010055304166
billing_account,2026-03-06,1845.0,1450,4,715.25,4,374.40000000000003,0.85,2.2475175967823025,3.8728632478632474,-1.625345651080945
billing_account,2026-03-07,686.0,1862,5,855.25,4,374.40000000000003,0.85,2.687437154348919,4.973290598290598,-2.285853443941679
billing_account,2026-03-08,404.0,721,6,634.25,4,374.40000000000003,0.85,1.9929927099044746,1.925747863247863,0.06724484665661157
billing_account,2026-03-09,1266.0,1111,0,1785.25,4,374.40000000000003,0.85,5.609759929612871,2.96741452991453,2.642345399698341
billing_account,2026-03-10,1540.0,1903,1,1206.75,4,374.40000000000003,0.85,3.791949472096531,5.082799145299145,-1.2908496732026138
billing_account,2026-03-11,1939.0,2245,2,1493.75,4,374.40000000000003,0.85,4.6937845651080945,5.996260683760683,-1.3024761186525886
billing_account,2026-03-12,1306.0,1483,3,1541.5,4,374.40000000000003,0.85,4.843828557063851,3.961004273504273,0.8828242835595783
billing_account,2026-03-13,1124.0,1913,4,999.5,4,374.40000000000003,0.85,3.1407114127702362,5.109508547008547,-1.9687971342383106
billing_account,2026-03-14,1020.0,1521,5,806.5,4,374.40000000000003,0.85,2.534250879839115,4.0625,-1.528249120160885
billing_account,2026-03-15,492.0,1578,6,678.25,4,374.40000000000003,0.85,2.131253142282554,4.214743589743589,-2.0834904474610356
billing_account,2026-03-16,2257.0,2154,0,1656.25,4,374.40000000000003,0.85,5.204405480140774,5.753205128205128,-0.548799648064354
billing_account,2026-03-17,1270.0,1853,1,1286.5,4,374.40000000000003,0.85,4.0425465057818,4.949252136752136,-0.9067056309703361
billing_account,2026-03-18,983.0,1870,2,1676.5,4,374.40000000000003,0.85,5.268036701860231,4.994658119658119,0.27337858220211153
billing_account,2026-03-19,1195.0,2206,3,1594.0,4,374.40000000000003,0.85,5.008798391151332,5.892094017094016,-0.8832956259426838
billing_account,2026-03-20,866.0,2155,4,1005.75,4,374.40000000000003,0.85,3.1603506787330318,5.755876068376068,-2.5955253896430364
billing_account,2026-03-21,541.0,1105,5,827.25,4,374.40000000000003,0.85,2.5994532428355956,2.951388888888889,-0.3519356460532932
billing_account,2026-03-22,832.0,1183,6,610.0,4,374.40000000000003,0.85,1.9167923579688284,3.159722222222222,-1.2429298642533935
billing_account,2026-03-23,1281.0,1984,0,1690.0,4,374.40000000000003,0.85,5.310457516339869,5.299145299145299,0.011312217194570096
billing_account,2026-03-24,1572.0,1842,1,1333.75,4,374.40000000000003,0.85,4.191019356460533,4.919871794871795,-0.7288524384112618
billing_account,2026-03-25,1002.0,2239,2,1525.5,4,374.40000000000003,0.85,4.793552036199095,5.980235042735043,-1.1866830065359473
billing_account,2026-03-26,1606.0,2354,3,1459.75,4,374.40000000000003,0.85,4.586946958270487,6.287393162393162,-1.7004462041226747
billing_account,2026-03-27,811.0,2107,4,1037.0,4,374.40000000000003,0.85,3.2585470085470085,5.6276709401709395,-2.369123931623931
billing_account,2026-03-28,764.0,1458,5,771.0,4,374.40000000000003,0.85,2.4226998491704372,3.8942307692307687,-1.4715309200603315
billing_account,2026-03-29,737.0,1489,6,628.5,4,374.40000000000003,0.85,1.9749245852187027,3.9770299145299144,-2.0021053293112114
billing_account,2026-03-30,1592.0,1864,0,1601.5,4,374.40000000000003,0.85,5.032365510306686,4.978632478632478,0.0537330316742084
billing_account,2026-03-31,1223.0,2261,1,1457.0,4,374.40000000000003,0.85,4.578305681246857,6.038995726495726,-1.4606900452488683
billing_account,2026-04-01,1446.0,1761,2,1293.25,4,374.40000000000003,0.85,4.063756913021619,4.7035256410256405,-0.6397687280040216
billing_account,2026-04-02,1336.0,1853,3,1482.5,4,374.40000000000003,0.85,4.658433886375063,4.949252136752136,-0.29081825037707354
billing_account,2026-04-03,897.0,1334,4,1161.5,4,374.40000000000003,0.85,3.6497611865258923,3.563034188034188,0.08672699849170451
billing_account,2026-04-04,701.0,733,5,752.75,4,374.40000000000003,0.85,2.3653531925590747,1.9577991452991452,0.4075540472599295
billing_account,2026-04-05,655.0,1467,6,616.25,4,374.40000000000003,0.85,1.936431623931624,3.9182692307692304,-1.9818376068376065
billing_account,2026-04-06,1170.0,1534,0,1599.0,4,374.40000000000003,0.85,5.0245098039215685,4.097222222222221,0.9272875816993471
billing_account,2026-04-07,1287.0,1856,1,1401.25,4,374.40000000000003,0.85,4.403123428858723,4.9572649572649565,-0.5541415284062339
billing_account,2026-04-08,1362.0,1488,2,1342.5,4,374.40000000000003,0.85,4.218514328808446,3.974358974358974,0.24415535444947212
billing_account,2026-04-09,1240.0,2214,3,1360.75,4,374.40000000000003,0.85,4.275860985419809,5.913461538461538,-1.6376005530417297
billing_account,2026-04-10,1318.0,1847,4,924.5,4,374.40000000000003,0.85,2.9050402212166917,4.933226495726495,-2.028186274509803
billing_account,2026-04-11,935.0,1074,5,756.5,4,374.40000000000003,0.85,2.377136752136752,2.868589743589743,-0.49145299145299104
billing_account,2026-04-12,1033.0,1886,6,679.0,4,374.40000000000003,0.85,2.1336098541980895,5.037393162393162,-2.9037833081950724
billing_account,2026-04-13,924.0,1752,0,1575.0,4,374.40000000000003,0.85,4.949095022624435,4.679487179487179,0.2696078431372557
billing_account,2026-04-14,1126.0,1969,1,1338.0,4,374.40000000000003,0.85,4.204374057315234,5.259081196581196,-1.054707139265962
billing_account,2026-04-15,1256.0,1920,2,1198.25,4,374.40000000000003,0.85,3.765240070387129,5.128205128205128,-1.3629650578179988
billing_account,2026-04-16,1520.0,1458,3,1344.25,4,374.40000000000003,0.85,4.2240133232780295,3.8942307692307687,0.32978255404726076
billing_account,2026-04-17,826.0,1888,4,973.0,4,374.40000000000003,0.85,3.0574409250879837,5.042735042735043,-1.9852941176470589
billing_account,2026-04-18,798.0,1885,5,735.25,4,374.40000000000003,0.85,2.310363247863248,5.034722222222221,-2.7243589743589736
billing_account,2026-04-19,1091.0,1137,6,814.25,4,374.40000000000003,0.85,2.5586035696329814,3.036858974358974,-0.4782554047259926
billing_account,2026-04-20,1486.0,2305,0,1241.75,4,374.40000000000003,0.85,3.9019293614881847,6.156517094017094,-2.254587732528909
billing_account,2026-04-21,566.0,1950,1,1302.0,4,374.40000000000003,0.85,4.091251885369532,5.208333333333333,-1.117081447963801
billing_account,2026-04-22,2125.0,1929,2,1266.5,4,374.40000000000003,0.85,3.9797008547008548,5.152243589743589,-1.1725427350427347
billing_account,2026-04-23,2101.0,2231,3,1425.5,4,374.40000000000003,0.85,4.479323780794369,5.95886752136752,-1.4795437405731517
billing_account,2026-04-24,1482.0,2214,4,963.0,4,374.40000000000003,0.85,3.026018099547511,5.913461538461538,-2.887443438914027
billing_account,2026-04-25,490.0,1495,5,799.5,4,374.40000000000003,0.85,2.5122549019607843,3.9930555555555554,-1.480800653594771
billing_account,2026-04-26,894.0,729,6,879.0,4,374.40000000000003,0.85,2.7620663650075414,1.9471153846153844,0.8149509803921571
billing_account,2026-04-27,1220.0,1899,0,1293.0,4,374.40000000000003,0.85,4.062971342383107,5.072115384615384,-1.0091440422322773
billing_account,2026-04-28,1158.0,1892,1,1050.5,4,374.40000000000003,0.85,3.3009678230266464,5.053418803418803,-1.7524509803921569
billing_account,2026-04-29,1399.0,2231,2,1547.25,4,374.40000000000003,0.85,4.861896681749623,5.95886752136752,-1.0969708396178977
billing_account,2026-04-30,2103.0,1818,3,1549.25,4,374.40000000000003,0.85,4.868181246857717,4.85576923076923,0.012412016088487299
billing_account,2026-05-01,1907.0,1902,4,1130.75,4,374.40000000000003,0.85,3.553135997988939,5.080128205128204,-1.5269922071392652
billing_account,2026-05-02,544.0,1481,5,731.0,4,374.40000000000003,0.85,2.297008547008547,3.9556623931623927,-1.6586538461538458
billing_account,2026-05-03,699.0,1098,6,918.25,4,374.40000000000003,0.85,2.885400955253896,2.9326923076923075,-0.047291352438411316
billing_account,2026-05-04,1307.0,1843,0,1200.0,4,374.40000000000003,0.85,3.770739064856712,4.922542735042734,-1.1518036701860224
billing_account,2026-05-05,1816.0,1821,1,1034.25,4,374.40000000000003,0.85,3.2499057315233784,4.863782051282051,-1.6138763197586727
billing_account,2026-05-06,1226.0,1448,2,1535.5,4,374.40000000000003,0.85,4.824974861739568,3.867521367521367,0.9574534942182007
billing_account,2026-05-07,1351.0,2150,3,1741.0,4,374.40000000000003,0.85,5.47071392659628,5.742521367521367,-0.27180744092508746
billing_account,2026-05-08,1380.0,1934,4,1383.25,4,374.40000000000003,0.85,4.346562342885872,5.1655982905982905,-0.8190359477124183
billing_account,2026-05-09,990.0,758,5,691.75,4,374.40000000000003,0.85,2.173673956762192,2.0245726495726495,0.14910130718954262
billing_account,2026-05-10,479.0,744,6,929.25,4,374.40000000000003,0.85,2.9199660633484164,1.987179487179487,0.9327865761689293
billing_account,2026-05-11,907.0,1892,0,1234.25,4,374.40000000000003,0.85,3.8783622423328303,5.053418803418803,-1.175056561085973
billing_account,2026-05-12,1380.0,1529,1,1166.5,4,374.40000000000003,0.85,3.6654725992961286,4.083867521367521,-0.4183949220713927
billing_account,2026-05-13,1664.0,1861,2,1501.5,4,374.40000000000003,0.85,4.7181372549019605,4.970619658119658,-0.2524824032176971
billing_account,2026-05-14,1172.0,2237,3,1768.75,4,374.40000000000003,0.85,5.557912267471091,5.974893162393162,-0.41698089492207124
billing_account,2026-05-15,1036.0,2265,4,1398.75,4,374.40000000000003,0.85,4.395267722473605,6.049679487179486,-1.6544117647058814
billing_account,2026-05-16,178.0,1517,5,705.5,4,374.40000000000003,0.85,2.216880341880342,4.051816239316239,-1.8349358974358974
billing_account,2026-05-17,411.0,392,6,790.75,4,374.40000000000003,0.85,2.4847599296128706,1.0470085470085468,1.4377513826043238
billing_account,2026-05-18,1116.0,1838,0,1230.0,4,374.40000000000003,0.85,3.8650075414781297,4.909188034188034,-1.0441804927099043
billing_account,2026-05-19,1194.0,992,1,1230.0,4,374.40000000000003,0.85,3.8650075414781297,2.6495726495726495,1.2154348919054803
billing_account,2026-05-20,1075.0,2216,2,1603.5,4,374.40000000000003,0.85,5.038650075414781,5.918803418803418,-0.8801533433886375
billing_account,2026-05-21,774.0,2207,3,1681.75,4,374.40000000000003,0.85,5.284533685268979,5.8947649572649565,-0.6102312719959775
billing_account,2026-05-22,1072.0,1515,4,1451.25,4,374.40000000000003,0.85,4.560237556561086,4.046474358974359,0.5137631975867274
billing_account,2026-05-23,784.0,1543,5,550.5,4,374.40000000000003,0.85,1.7298265460030164,4.121260683760683,-2.391434137757667
billing_account,2026-05-24,664.0,769,6,620.75,4,374.40000000000003,0.85,1.9505718954248366,2.0539529914529915,-0.10338109602815493
billing_account,2026-05-25,1120.0,1871,0,1137.5,4,374.40000000000003,0.85,3.574346405228758,4.99732905982906,-1.4229826546003017
billing_account,2026-05-26,1733.0,2221,1,1387.0,4,374.40000000000003,0.85,4.358345902463549,5.932158119658119,-1.57381221719457
billing_account,2026-05-27,1605.0,2296,2,1341.0,4,374.40000000000003,0.85,4.213800904977376,6.132478632478632,-1.9186777275012563
billing_account,2026-05-28,1611.0,2211,3,1350.0,4,374.40000000000003,0.85,4.242081447963801,5.905448717948717,-1.6633672699849162
billing_account,2026-05-29,822.0,1873,4,1348.75,4,374.40000000000003,0.85,4.238153594771242,5.0026709401709395,-0.7645173453996978
billing_account,2026-05-30,463.0,1858,5,624.0,4,374.40000000000003,0.85,1.9607843137254901,4.962606837606837,-3.001822523881347
billing_account,2026-05-31,621.0,1469,6,563.25,4,374.40000000000003,0.85,1.769890648567119,3.9236111111111107,-2.1537204625439914
billing_account,2026-06-01,905.0,1869,0,1112.5,4,374.40000000000003,0.85,3.4957893413775767,4.991987179487179,-1.4961978381096022
billing_account,2026-06-02,1361.0,1760,1,1530.75,4,374.40000000000003,0.85,4.810049019607843,4.7008547008547,0.10919431875314256
billing_account,2026-06-03,1000.0,2266,2,1392.5,4,374.40000000000003,0.85,4.3756284565108094,6.052350427350427,-1.6767219708396173
billing_account,2026-06-04,1451.0,1495,3,1227.0,4,374.40000000000003,0.85,3.855580693815988,3.9930555555555554,-0.13747486173956736
billing_account,2026-06-05,1192.0,1341,4,1077.5,4,374.40000000000003,0.85,3.3858094519859225,3.5817307692307687,-0.19592131724484618
billing_account,2026-06-06,908.0,1911,5,603.75,4,374.40000000000003,0.85,1.897153092006033,5.104166666666666,-3.2070135746606327
billing_account,2026-06-07,465.0,682,6,543.75,4,374.40000000000003,0.85,1.7086161387631975,1.8215811965811963,-0.11296505781799882
billing_account,2026-06-08,1380.0,1065,0,1012.0,4,374.40000000000003,0.85,3.179989944695827,2.844551282051282,0.3354386626445449
billing_account,2026-06-09,1440.0,1100,1,1417.0,4,374.40000000000003,0.85,4.4526143790849675,2.938034188034188,1.5145801910507797
billing_account,2026-06-10,1309.0,2246,2,1336.0,4,374.40000000000003,0.85,4.1980894922071395,5.9989316239316235,-1.800842131724484
billing_account,2026-06-11,923.0,1876,3,1252.0,4,374.40000000000003,0.85,3.934137757667169,5.010683760683761,-1.0765460030165914
billing_account,2026-06-12,861.0,2231,4,1030.5,4,374.40000000000003,0.85,3.2381221719457014,5.95886752136752,-2.720745349421819
billing_account,2026-06-13,599.0,1123,5,583.25,4,374.40000000000003,0.85,1.8327362996480643,2.9994658119658117,-1.1667295123177475
billing_account,2026-06-14,935.0,761,6,540.25,4,374.40000000000003,0.85,1.6976181498240321,2.0325854700854697,-0.3349673202614376
billing_account,2026-06-15,867.0,1848,0,1130.25,4,374.40000000000003,0.85,3.5515648567119156,4.935897435897435,-1.3843325791855197
billing_account,2026-06-16,845.0,2296,1,1432.0,4,374.40000000000003,0.85,4.499748617395676,6.132478632478632,-1.6327300150829558
billing_account,2026-06-17,1083.0,2301,2,1247.25,4,374.40000000000003,0.85,3.919211915535445,6.145833333333333,-2.226621417797888
billing_account,2026-06-18,1159.0,1749,3,1189.75,4,374.40000000000003,0.85,3.7385306686777273,4.671474358974359,-0.9329436902966313
billing_account,2026-06-19,1286.0,1866,4,986.75,4,374.40000000000003,0.85,3.1006473102061336,4.983974358974359,-1.883327048768225
billing_account,2026-06-20,804.0,2190,5,688.5,4,374.40000000000003,0.85,2.1634615384615383,5.849358974358974,-3.6858974358974352
billing_account,2026-06-21,247.0,757,6,671.25,4,374.40000000000003,0.85,2.109257164404223,2.021901709401709,0.08735545500251396
billing_account,2026-06-22,1483.0,1905,0,1068.0,4,374.40000000000003,0.85,3.3559577677224737,5.0881410256410255,-1.7321832579185519
billing_account,2026-06-23,1678.0,2328,1,1344.75,4,374.40000000000003,0.85,4.225584464555053,6.217948717948717,-1.9923642533936645
billing_account,2026-06-24,775.0,2246,2,1249.25,4,374.40000000000003,0.85,3.9254964806435395,5.9989316239316235,-2.073435143288084
billing_account,2026-06-25,912.0,2251,3,1286.0,4,374.40000000000003,0.85,4.040975364504776,6.0122863247863245,-1.9713109602815484
billing_account,2026-06-26,1200.0,1492,4,1040.25,4,374.40000000000003,0.85,3.268759426847662,3.9850427350427347,-0.7162833081950728
billing_account,2026-06-27,1107.0,1052,5,693.5,4,374.40000000000003,0.85,2.1791729512317746,2.8098290598290596,-0.630656108597285
billing_account,2026-06-28,671.0,1124,6,567.0,4,374.40000000000003,0.85,1.7816742081447963,3.0021367521367517,-1.2204625439919554
billing_account,2026-06-29,1310.0,2240,0,1158.75,4,374.40000000000003,0.85,3.641119909502262,5.982905982905982,-2.34178607340372
billing_account,2026-06-30,1236.0,1897,1,1331.0,4,374.40000000000003,0.85,4.182378079436903,5.066773504273503,-0.8843954248366002
billing_account,2026-07-01,1816.0,1588,2,1041.75,4,374.40000000000003,0.85,3.2734728506787327,4.2414529914529915,-0.9679801407742588
billing_account,2026-07-02,795.0,1975,3,1111.25,4,374.40000000000003,0.85,3.4918614881850174,5.275106837606837,-1.78324534942182
billing_account,2026-07-03,958.0,2252,4,1134.75,4,374.40000000000003,0.85,3.565705128205128,6.014957264957264,-2.449252136752136
billing_account,2026-07-04,519.0,2178,5,854.5,4,374.40000000000003,0.85,2.6850804424333834,5.817307692307692,-3.1322272498743082
billing_account,2026-07-05,1189.0,1970,6,579.5,4,374.40000000000003,0.85,1.820952740070387,5.261752136752136,-3.440799396681749
billing_account,2026-07-06,1663.0,1801,0,1260.0,4,374.40000000000003,0.85,3.959276018099547,4.810363247863247,-0.8510872297636998
billing_account,2026-07-07,1058.0,2288,1,1299.75,4,374.40000000000003,0.85,4.084181749622926,6.111111111111111,-2.026929361488185
billing_account,2026-07-08,1401.0,2252,2,1245.75,4,374.40000000000003,0.85,3.914498491704374,6.014957264957264,-2.10045877325289
billing_account,2026-07-09,1609.0,2175,3,947.25,4,374.40000000000003,0.85,2.976527149321267,5.809294871794871,-2.8327677224736045
billing_account,2026-07-10,978.0,1896,4,1076.25,4,374.40000000000003,0.85,3.3818815987933633,5.064102564102564,-1.6822209653092006
billing_account,2026-07-11,1278.0,1115,5,757.25,4,374.40000000000003,0.85,2.3794934640522873,2.9780982905982905,-0.5986048265460031
billing_account,2026-07-12,884.0,1450,6,760.5,4,374.40000000000003,0.85,2.389705882352941,3.8728632478632474,-1.4831573655103063
billing_account,2026-07-13,1644.0,1860,0,1330.75,4,374.40000000000003,0.85,4.181592508798391,4.967948717948717,-0.786356209150326
billing_account,2026-07-14,1271.0,2381,1,1204.25,4,374.40000000000003,0.85,3.784093765711413,6.359508547008547,-2.575414781297134
billing_account,2026-07-15,1218.0,1834,2,1268.75,4,374.40000000000003,0.85,3.986770990447461,4.898504273504273,-0.9117332830568126
billing_account,2026-07-16,532.0,2251,3,1118.75,4,374.40000000000003,0.85,3.5154286073403718,6.0122863247863245,-2.4968577174459528
billing_account,2026-07-17,1796.0,1939,4,1105.5,4,374.40000000000003,0.85,3.473793363499246,5.178952991452991,-1.7051596279537446
billing_account,2026-07-18,732.0,1959,5,927.0,4,374.40000000000003,0.85,2.91289592760181,5.232371794871795,-2.319475867269985
billing_account,2026-07-19,700.0,730,6,747.75,4,374.40000000000003,0.85,2.3496417797888385,1.9497863247863245,0.39985545500251396
billing_account,2026-07-20,961.0,2086,0,1525.0,4,374.40000000000003,0.85,4.791980894922071,5.571581196581196,-0.7796003016591246
billing_account,2026-07-21,1635.0,2299,1,1310.75,4,374.40000000000003,0.85,4.118746857717446,6.140491452991452,-2.021744595274006
billing_account,2026-07-22,1322.0,2275,2,1302.5,4,374.40000000000003,0.85,4.092823026646556,6.076388888888888,-1.9835658622423322
billing_account,2026-07-23,634.0,1517,3,962.0,4,374.40000000000003,0.85,3.022875816993464,4.051816239316239,-1.0289404223227754
billing_account,2026-07-24,1237.0,1784,4,1233.0,4,374.40000000000003,0.85,3.8744343891402715,4.764957264957265,-0.8905228758169934
billing_account,2026-07-25,876.0,788,5,909.0,4,374.40000000000003,0.85,2.8563348416289593,2.1047008547008543,0.751633986928105
billing_account,2026-07-26,235.0,1109,6,861.0,4,374.40000000000003,0.85,2.7055052790346905,2.9620726495726495,-0.25656737053795897
billing_account,2026-07-27,1112.0,1464,0,1394.5,4,374.40000000000003,0.85,4.381913021618904,3.9102564102564097,0.47165661136249426
billing_account,2026-07-28,1276.0,2249,1,1300.0,4,374.40000000000003,0.85,4.084967320261438,6.006944444444444,-1.9219771241830061
billing_account,2026-07-29,1036.0,1475,2,1439.25,4,374.40000000000003,0.85,4.522530165912519,3.9396367521367517,0.5828934137757673
billing_account,2026-07-30,1373.0,1830,3,892.5,4,374.40000000000003,0.85,2.8044871794871793,4.887820512820513,-2.0833333333333335
billing_account,2026-07-31,814.0,1350,4,1242.25,4,374.40000000000003,0.85,3.9035005027652083,3.6057692307692304,0.29773127199597793
billing_account,2026-08-01,711.0,1133,5,851.25,4,374.40000000000003,0.85,2.67486802413273,3.0261752136752134,-0.3513071895424833
billing_account,2026-08-02,900.0,714,6,752.0,4,374.40000000000003,0.85,2.3629964806435395,1.907051282051282,0.4559451985922576
billing_account,2026-08-03,1346.0,1714,0,1345.0,4,374.40000000000003,0.85,4.226370035193565,4.577991452991452,-0.3516214177978876
billing_account,2026-08-04,616.0,2285,1,1310.0,4,374.40000000000003,0.85,4.11639014580191,6.1030982905982905,-1.9867081447963804
billing_account,2026-08-05,1636.0,1894,2,1244.25,4,374.40000000000003,0.85,3.9097850678733033,5.058760683760683,-1.1489756158873798
billing_account,2026-08-06,738.0,1915,3,1037.0,4,374.40000000000003,0.85,3.2585470085470085,5.114850427350427,-1.8563034188034182
billing_account,2026-08-07,1142.0,2209,4,1206.25,4,374.40000000000003,0.85,3.7903783308195074,5.900106837606837,-2.10972850678733
billing_account,2026-08-08,802.0,715,5,899.25,4,374.40000000000003,0.85,2.8256975867269984,1.909722222222222,0.9159753645047763
billing_account,2026-08-09,1225.0,1483,6,679.75,4,374.40000000000003,0.85,2.1359665661136247,3.961004273504273,-1.8250377073906483
billing_account,2026-08-10,1275.0,2322,0,1265.75,4,374.40000000000003,0.85,3.977344142785319,6.201923076923077,-2.2245789341377575
billing_account,2026-08-11,1404.0,1450,1,1199.5,4,374.40000000000003,0.85,3.769167923579688,3.8728632478632474,-0.10369532428355921
billing_account,2026-08-12,1277.0,1819,2,1303.0,4,374.40000000000003,0.85,4.094394167923579,4.85844017094017,-0.764046003016591
billing_account,2026-08-13,1469.0,1542,3,819.25,4,374.40000000000003,0.85,2.5743149824032177,4.118589743589744,-1.544274761186526
billing_account,2026-08-14,1291.0,1859,4,1247.25,4,374.40000000000003,0.85,3.919211915535445,4.965277777777778,-1.0460658622423327
billing_account,2026-08-15,315.0,1443,5,780.25,4,374.40000000000003,0.85,2.4517659627953745,3.8541666666666665,-1.402400703871292
billing_account,2026-08-16,575.0,1081,6,765.0,4,374.40000000000003,0.85,2.4038461538461537,2.8872863247863245,-0.4834401709401708
billing_account,2026-08-17,1767.0,2202,0,1173.5,4,374.40000000000003,0.85,3.6874685771744593,5.8814102564102555,-2.193941679235796
billing_account,2026-08-18,1737.0,2150,1,1232.75,4,374.40000000000003,0.85,3.8736488185017595,5.742521367521367,-1.8688725490196076
billing_account,2026-08-19,1635.0,1890,2,1317.75,4,374.40000000000003,0.85,4.140742835595777,5.0480769230769225,-0.9073340874811455
billing_account,2026-08-20,466.0,2237,3,1053.5,4,374.40000000000003,0.85,3.310394670688788,5.974893162393162,-2.6644984917043737
billing_account,2026-08-21,814.0,1737,4,1121.0,4,374.40000000000003,0.85,3.5224987430869783,4.639423076923077,-1.1169243338360983
billing_account,2026-08-22,804.0,1787,5,676.0,4,374.40000000000003,0.85,2.1241830065359477,4.772970085470085,-2.6487870789341375
billing_account,2026-08-23,844.0,808,6,733.75,4,374.40000000000003,0.85,2.305649824032177,2.158119658119658,0.147530165912519
billing_account,2026-08-24,2011.0,2173,0,1375.0,4,374.40000000000003,0.85,4.320638511814982,5.803952991452991,-1.4833144796380084
billing_account,2026-08-25,1285.0,2239,1,1258.25,4,374.40000000000003,0.85,3.9537770236299647,5.980235042735043,-2.026458019105078
billing_account,2026-08-26,922.0,1825,2,1396.0,4,374.40000000000003,0.85,4.386626445449974,4.874465811965812,-0.48783936651583737
billing_account,2026-08-27,1271.0,1504,3,1011.5,4,374.40000000000003,0.85,3.1784188034188032,4.017094017094017,-0.8386752136752138
billing_account,2026-08-28,1243.0,1902,4,1015.25,4,374.40000000000003,0.85,3.1902023629964806,5.080128205128204,-1.8899258421317238
billing_account,2026-08-29,636.0,1846,5,658.0,4,374.40000000000003,0.85,2.067621920563097,4.930555555555555,-2.8629336349924586
billing_account,2026-08-30,536.0,756,6,886.0,4,374.40000000000003,0.85,2.784062342885872,2.019230769230769,0.764831573655103
billing_account,2026-08-31,1470.0,1195,0,1599.75,4,374.40000000000003,0.85,5.026866515837104,3.191773504273504,1.8350930115636
billing_account,2026-09-01,1353.0,1860,1,1260.5,4,374.40000000000003,0.85,3.960847159376571,4.967948717948717,-1.0071015585721463
billing_account,2026-09-02,1117.0,1812,2,1367.5,4,374.40000000000003,0.85,4.297071392659628,4.839743589743589,-0.5426721970839612
billing_account,2026-09-03,1219.0,2106,3,986.0,4,374.40000000000003,0.85,3.0982905982905984,5.624999999999999,-2.5267094017094007
billing_account,2026-09-04,852.0,1928,4,1122.5,4,374.40000000000003,0.85,3.527212166918049,5.149572649572649,-1.6223604826545999
billing_account,2026-09-05,349.0,1150,5,639.25,4,374.40000000000003,0.85,2.0087041226747107,3.0715811965811963,-1.0628770739064857
billing_account,2026-09-06,398.0,743,6,795.0,4,374.40000000000003,0.85,2.4981146304675717,1.9845085470085468,0.5136060834590248
billing_account,2026-09-07,1675.0,1516,0,1630.75,4,374.40000000000003,0.85,5.124277275012569,4.049145299145299,1.0751319758672704
billing_account,2026-09-08,1931.0,2240,1,1444.75,4,374.40000000000003,0.85,4.539812719959778,5.982905982905982,-1.4430932629462037
billing_account,2026-09-09,817.0,1141,2,1237.75,4,374.40000000000003,0.85,3.8893602312719957,3.0475427350427347,0.841817496229261
billing_account,2026-09-10,919.0,1814,3,1106.25,4,374.40000000000003,0.85,3.476150075414781,4.845085470085469,-1.3689353946706881
billing_account,2026-09-11,1231.0,1892,4,1050.0,4,374.40000000000003,0.85,3.2993966817496228,5.053418803418803,-1.7540221216691805
billing_account,2026-09-12,911.0,714,5,526.0,4,374.40000000000003,0.85,1.6528406234288586,1.907051282051282,-0.2542106586224233
billing_account,2026-09-13,481.0,1511,6,588.25,4,374.40000000000003,0.85,1.8484477124183005,4.035790598290598,-2.1873428858722974
billing_account,2026-09-14,1690.0,1718,0,1730.75,4,374.40000000000003,0.85,5.438505530417295,4.588675213675213,0.8498303167420822
billing_account,2026-09-15,1005.0,1867,1,1576.5,4,374.40000000000003,0.85,4.953808446455505,4.986645299145299,-0.03283685268979397
billing_account,2026-09-16,1740.0,1780,2,1122.75,4,374.40000000000003,0.85,3.5279977375565608,4.754273504273504,-1.2262757667169435
billing_account,2026-09-17,557.0,1520,3,968.75,4,374.40000000000003,0.85,3.044086224233283,4.05982905982906,-1.0157428355957765
billing_account,2026-09-18,1515.0,2265,4,1035.0,4,374.40000000000003,0.85,3.252262443438914,6.049679487179486,-2.7974170437405723
billing_account,2026-09-19,672.0,1858,5,675.0,4,374.40000000000003,0.85,2.1210407239819005,4.962606837606837,-2.841566113624937
billing_account,2026-09-20,257.0,726,6,564.75,4,374.40000000000003,0.85,1.77460407239819,1.9391025641025639,-0.16449849170437392
billing_account,2026-09-21,1313.0,2238,0,1711.5,4,374.40000000000003,0.85,5.378016591251885,5.977564102564102,-0.5995475113122168
billing_account,2026-09-22,1109.0,1848,1,1393.5,4,374.40000000000003,0.85,4.378770739064857,4.935897435897435,-0.5571266968325785
billing_account,2026-09-23,843.0,1459,2,1149.0,4,374.40000000000003,0.85,3.6104826546003017,3.896901709401709,-0.2864190548014074
billing_account,2026-09-24,1113.0,2240,3,991.5,4,374.40000000000003,0.85,3.1155731523378583,5.982905982905982,-2.867332830568124
billing_account,2026-09-25,1635.0,1859,4,1210.25,4,374.40000000000003,0.85,3.8029474610356964,4.965277777777778,-1.1623303167420813
billing_account,2026-09-26,805.0,1123,5,642.0,4,374.40000000000003,0.85,2.017345399698341,2.9994658119658117,-0.9821204122674709
billing_account,2026-09-27,930.0,737,6,418.0,4,374.40000000000003,0.85,1.3134741075917546,1.9684829059829059,-0.6550087983911512
billing_account,2026-09-28,1383.0,1114,0,1537.0,4,374.40000000000003,0.85,4.829688285570638,2.97542735042735,1.8542609351432882
billing_account,2026-09-29,1470.0,1120,1,1349.5,4,374.40000000000003,0.85,4.240510306686777,2.991452991452991,1.2490573152337858
billing_account,2026-09-30,2272.0,2210,2,1129.25,4,374.40000000000003,0.85,3.5484225741578683,5.902777777777778,-2.3543552036199094
general_support,2025-10-01,650.0,1141,2,,0,374.40000000000003,0.85,,3.0475427350427347,
general_support,2025-10-02,1092.0,1457,3,,0,374.40000000000003,0.85,,3.891559829059829,
general_support,2025-10-03,636.0,1516,4,,0,374.40000000000003,0.85,,4.049145299145299,
general_support,2025-10-04,291.0,1419,5,,0,374.40000000000003,0.85,,3.790064102564102,
general_support,2025-10-05,698.0,1489,6,,0,374.40000000000003,0.85,,3.9770299145299144,
general_support,2025-10-06,1330.0,1223,0,,0,374.40000000000003,0.85,,3.266559829059829,
general_support,2025-10-07,1364.0,1464,1,,0,374.40000000000003,0.85,,3.9102564102564097,
general_support,2025-10-08,985.0,1067,2,,1,374.40000000000003,0.85,,2.8498931623931623,
general_support,2025-10-09,1429.0,1570,3,,1,374.40000000000003,0.85,,4.193376068376068,
general_support,2025-10-10,903.0,1900,4,,1,374.40000000000003,0.85,,5.0747863247863245,
general_support,2025-10-11,470.0,764,5,,1,374.40000000000003,0.85,,2.0405982905982905,
general_support,2025-10-12,180.0,772,6,,1,374.40000000000003,0.85,,2.0619658119658117,
general_support,2025-10-13,675.0,1446,0,,1,374.40000000000003,0.85,,3.862179487179487,
general_support,2025-10-14,647.0,1842,1,,1,374.40000000000003,0.85,,4.919871794871795,
general_support,2025-10-15,838.0,1112,2,,2,374.40000000000003,0.85,,2.9700854700854697,
general_support,2025-10-16,616.0,1511,3,,2,374.40000000000003,0.85,,4.035790598290598,
general_support,2025-10-17,1045.0,1785,4,,2,374.40000000000003,0.85,,4.767628205128204,
general_support,2025-10-18,867.0,1511,5,,2,374.40000000000003,0.85,,4.035790598290598,
general_support,2025-10-19,418.0,1497,6,,2,374.40000000000003,0.85,,3.9983974358974357,
general_support,2025-10-20,1324.0,1877,0,,2,374.40000000000003,0.85,,5.0133547008547,
general_support,2025-10-21,1358.0,1853,1,,2,374.40000000000003,0.85,,4.949252136752136,
general_support,2025-10-22,885.0,1491,2,,3,374.40000000000003,0.85,,3.9823717948717947,
general_support,2025-10-23,1440.0,1129,3,,3,374.40000000000003,0.85,,3.0154914529914527,
general_support,2025-10-24,1064.0,1883,4,,3,374.40000000000003,0.85,,5.0293803418803416,
general_support,2025-10-25,960.0,770,5,,3,374.40000000000003,0.85,,2.0566239316239314,
general_support,2025-10-26,734.0,732,6,,3,374.40000000000003,0.85,,1.9551282051282048,
general_support,2025-10-27,1440.0,1105,0,,3,374.40000000000003,0.85,,2.951388888888889,
general_support,2025-10-28,1892.0,1864,1,,3,374.40000000000003,0.85,,4.978632478632478,
general_support,2025-10-29,1261.0,1909,2,839.5,4,374.40000000000003,0.85,2.6379462041226747,5.098824786324786,-2.4608785822021115
general_support,2025-10-30,1393.0,1324,3,1144.25,4,374.40000000000003,0.85,3.595556812468577,3.536324786324786,0.05923202614379086
general_support,2025-10-31,1835.0,1499,4,912.0,4,374.40000000000003,0.85,2.865761689291101,4.003739316239316,-1.137977626948215
general_support,2025-11-01,659.0,1037,5,647.0,4,374.40000000000003,0.85,2.033056812468577,2.769764957264957,-0.7367081447963799
general_support,2025-11-02,263.0,1115,6,507.5,4,374.40000000000003,0.85,1.5947083961789843,2.9780982905982905,-1.3833898944193062
general_support,2025-11-03,1220.0,1451,0,1192.25,4,374.40000000000003,0.85,3.7463863750628454,3.875534188034188,-0.12914781297134237
general_support,2025-11-04,1680.0,1755,1,1315.25,4,374.40000000000003,0.85,4.132887129210658,4.6875,-0.5546128707893416
general_support,2025-11-05,1384.0,1428,2,992.25,4,374.40000000000003,0.85,3.1179298642533935,3.814102564102564,-0.6961726998491704
general_support,2025-11-06,843.0,1466,3,1219.5,4,374.40000000000003,0.85,3.832013574660633,3.9155982905982905,-0.08358471593765726
general_support,2025-11-07,723.0,1855,4,1211.75,4,374.40000000000003,0.85,3.8076608848667672,4.954594017094017,-1.1469331322272498
general_support,2025-11-08,1401.0,1177,5,739.0,4,374.40000000000003,0.85,2.322146807440925,3.143696581196581,-0.8215497737556561
general_support,2025-11-09,430.0,1506,6,398.75,4,374.40000000000003,0.85,1.2529851684263449,4.022435897435897,-2.7694507290095522
general_support,2025-11-10,1819.0,1937,0,1164.75,4,374.40000000000003,0.85,3.659973604826546,5.173611111111111,-1.5136375062845646
general_support,2025-11-11,1890.0,1504,1,1394.25,4,374.40000000000003,0.85,4.381127450980392,4.017094017094017,0.3640334338863749
general_support,2025-11-12,751.0,1113,2,1092.0,4,374.40000000000003,0.85,3.4313725490196076,2.97275641025641,0.4586161387631975
general_support,2025-11-13,924.0,1545,3,1073.0,4,374.40000000000003,0.85,3.37166918049271,4.126602564102564,-0.754933383609854
general_support,2025-11-14,1509.0,1505,4,1166.75,4,374.40000000000003,0.85,3.6662581699346406,4.0197649572649565,-0.35350678733031593
general_support,2025-11-15,286.0,1074,5,971.75,4,374.40000000000003,0.85,3.053513071895425,2.868589743589743,0.1849233283056817
general_support,2025-11-16,546.0,1197,6,461.25,4,374.40000000000003,0.85,1.4493778280542986,3.197115384615384,-1.7477375565610855
general_support,2025-11-17,1281.0,1146,0,1450.75,4,374.40000000000003,0.85,4.558666415284062,3.0608974358974357,1.4977689793866262
general_support,2025-11-18,1094.0,1476,1,1705.0,4,374.40000000000003,0.85,5.357591754650578,3.942307692307692,1.4152840623428857
general_support,2025-11-19,1133.0,1432,2,1070.25,4,374.40000000000003,0.85,3.3630279034690798,3.8247863247863245,-0.46175842131724476
general_support,2025-11-20,1552.0,1936,3,1150.0,4,374.40000000000003,0.85,3.613624937154349,5.17094017094017,-1.5573152337858214
general_support,2025-11-21,1039.0,1492,4,1282.75,4,374.40000000000003,0.85,4.030762946204122,3.9850427350427347,0.04572021116138769
general_support,2025-11-22,647.0,1498,5,826.5,4,374.40000000000003,0.85,2.5970965309200604,4.001068376068376,-1.4039718451483152
general_support,2025-11-23,588.0,715,6,493.25,4,374.40000000000003,0.85,1.549930869783811,1.909722222222222,-0.3597913524384111
general_support,2025-11-24,1890.0,1487,0,1440.0,4,374.40000000000003,0.85,4.524886877828054,3.9716880341880336,0.5531988436400206
general_support,2025-11-25,768.0,1811,1,1639.0,4,374.40000000000003,0.85,5.1502011060834585,4.837072649572649,0.31312845651080945
general_support,2025-11-26,1064.0,1209,2,1132.25,4,374.40000000000003,0.85,3.55784942182001,3.2291666666666665,0.32868275515334355
general_support,2025-11-27,953.0,1356,3,1178.0,4,374.40000000000003,0.85,3.701608848667672,3.6217948717948714,0.07981397687280056
general_support,2025-11-28,776.0,1798,4,1276.5,4,374.40000000000003,0.85,4.011123680241327,4.802350427350427,-0.7912267471090999
general_support,2025-11-29,832.0,1054,5,748.25,4,374.40000000000003,0.85,2.351212921065862,2.81517094017094,-0.46395801910507783
general_support,2025-11-30,797.0,1569,6,456.75,4,374.40000000000003,0.85,1.435237556561086,4.190705128205128,-2.7554675716440418
general_support,2025-12-01,425.0,1409,0,1552.5,4,374.40000000000003,0.85,4.878393665158371,3.7633547008547006,1.1150389643036704
general_support,2025-12-02,1659.0,1506,1,1358.0,4,374.40000000000003,0.85,4.267219708396179,4.022435897435897,0.244783810960282
general_support,2025-12-03,707.0,1840,2,1083.0,4,374.40000000000003,0.85,3.4030920060331824,4.914529914529914,-1.5114379084967315
general_support,2025-12-04,1402.0,1943,3,1068.0,4,374.40000000000003,0.85,3.3559577677224737,5.189636752136751,-1.8336789844142776
general_support,2025-12-05,1214.0,1556,4,1011.75,4,374.40000000000003,0.85,3.1792043740573153,4.155982905982905,-0.9767785319255902
general_support,2025-12-06,726.0,1154,5,791.5,4,374.40000000000003,0.85,2.4871166415284063,3.082264957264957,-0.5951483157365507
general_support,2025-12-07,145.0,723,6,590.25,4,374.40000000000003,0.85,1.854732277526395,1.9310897435897434,-0.07635746606334837
general_support,2025-12-08,877.0,1447,0,1353.75,4,374.40000000000003,0.85,4.253865007541478,3.864850427350427,0.38901458019105073
general_support,2025-12-09,1251.0,1117,1,1352.75,4,374.40000000000003,0.85,4.250722724987431,2.9834401709401708,1.2672825540472599
general_support,2025-12-10,602.0,1487,2,913.75,4,374.40000000000003,0.85,2.8712606837606836,3.9716880341880336,-1.10042735042735
general_support,2025-12-11,1333.0,1848,3,1207.75,4,374.40000000000003,0.85,3.7950917546505782,4.935897435897435,-1.140805681246857
general_support,2025-12-12,803.0,1849,4,1134.5,4,374.40000000000003,0.85,3.564919557566616,4.938568376068376,-1.3736488185017595
general_support,2025-12-13,290.0,1558,5,622.75,4,374.40000000000003,0.85,1.956856460532931,4.161324786324786,-2.204468325791855
general_support,2025-12-14,221.0,719,6,519.0,4,374.40000000000003,0.85,1.6308446455505279,1.9204059829059827,-0.28956133735545486
general_support,2025-12-15,1025.0,1925,0,1118.25,4,374.40000000000003,0.85,3.513857466063348,5.141559829059829,-1.6277023629964806
general_support,2025-12-16,846.0,1491,1,1193.0,4,374.40000000000003,0.85,3.748743086978381,3.9823717948717947,-0.2336287078934136
general_support,2025-12-17,667.0,1852,2,876.5,4,374.40000000000003,0.85,2.7542106586224233,4.946581196581196,-2.1923705379587726
general_support,2025-12-18,607.0,1153,3,1310.0,4,374.40000000000003,0.85,4.11639014580191,3.079594017094017,1.036796128707893
general_support,2025-12-19,666.0,1511,4,958.0,4,374.40000000000003,0.85,3.010306686777275,4.035790598290598,-1.025483911513323
general_support,2025-12-20,497.0,1187,5,623.75,4,374.40000000000003,0.85,1.9599987430869783,3.1704059829059825,-1.2104072398190042
general_support,2025-12-21,653.0,1858,6,437.75,4,374.40000000000003,0.85,1.375534188034188,4.962606837606837,-3.587072649572649
general_support,2025-12-22,975.0,1932,0,1054.25,4,374.40000000000003,0.85,3.312751382604324,5.16025641025641,-1.847505027652086
general_support,2025-12-23,560.0,1107,1,1131.0,4,374.40000000000003,0.85,3.553921568627451,2.956730769230769,0.5971907993966816
general_support,2025-12-24,978.0,1379,2,760.0,4,374.40000000000003,0.85,2.3881347410759175,3.6832264957264953,-1.2950917546505778
general_support,2025-12-25,1334.0,1136,3,1073.75,4,374.40000000000003,0.85,3.374025892408245,3.034188034188034,0.33983785822021106
general_support,2025-12-26,860.0,1077,4,864.75,4,374.40000000000003,0.85,2.717288838612368,2.876602564102564,-0.15931372549019596
general_support,2025-12-27,666.0,1089,5,586.25,4,374.40000000000003,0.85,1.842163147310206,2.908653846153846,-1.0664906988436398
general_support,2025-12-28,799.0,1553,6,454.0,4,374.40000000000003,0.85,1.426596279537456,4.147970085470085,-2.721373805932629
general_support,2025-12-29,1477.0,1873,0,825.5,4,374.40000000000003,0.85,2.593954248366013,5.0026709401709395,-2.4087166918049263
general_support,2025-12-30,716.0,1905,1,1079.0,4,374.40000000000003,0.85,3.3905228758169934,5.0881410256410255,-1.6976181498240321
general_support,2025-12-31,1196.0,1567,2,738.5,4,374.40000000000003,0.85,2.320575666163901,4.185363247863248,-1.8647875816993467
general_support,2026-01-01,527.0,1874,3,1169.0,4,374.40000000000003,0.85,3.6733283056812467,5.00534188034188,-1.3320135746606332
general_support,2026-01-02,1430.0,1508,4,885.75,4,374.40000000000003,0.85,2.7832767722473606,4.027777777777778,-1.244501005530417
general_support,2026-01-03,862.0,998,5,544.75,4,374.40000000000003,0.85,1.7117584213172448,2.6655982905982905,-0.9538398692810457
general_support,2026-01-04,563.0,1174,6,454.5,4,374.40000000000003,0.85,1.4281674208144797,3.13568376068376,-1.7075163398692805
general_support,2026-01-05,775.0,1158,0,1088.5,4,374.40000000000003,0.85,3.4203745600804423,3.0929487179487176,0.32742584213172465
general_support,2026-01-06,767.0,1460,1,843.25,4,374.40000000000003,0.85,2.649729763700352,3.899572649572649,-1.249842885872297
general_support,2026-01-07,1195.0,1932,2,860.75,4,374.40000000000003,0.85,2.704719708396179,5.16025641025641,-2.4555367018602308
general_support,2026-01-08,1260.0,1989,3,950.25,4,374.40000000000003,0.85,2.9859539969834086,5.312499999999999,-2.3265460030165905
general_support,2026-01-09,908.0,1808,4,939.75,4,374.40000000000003,0.85,2.9529600301659125,4.829059829059829,-1.8760997988939163
general_support,2026-01-10,470.0,704,5,578.75,4,374.40000000000003,0.85,1.8185960281548517,1.88034188034188,-0.06174585218702844
general_support,2026-01-11,872.0,816,6,559.0,4,374.40000000000003,0.85,1.7565359477124183,2.1794871794871793,-0.422951231774761
general_support,2026-01-12,609.0,1397,0,1063.0,4,374.40000000000003,0.85,3.3402463549522374,3.7313034188034186,-0.3910570638511812
general_support,2026-01-13,976.0,1816,1,722.25,4,374.40000000000003,0.85,2.2695135746606336,4.85042735042735,-2.5809137757667164
general_support,2026-01-14,929.0,1815,2,1009.0,4,374.40000000000003,0.85,3.170563097033685,4.84775641025641,-1.6771933132227246
general_support,2026-01-15,1437.0,1832,3,932.0,4,374.40000000000003,0.85,2.928607340372046,4.893162393162393,-1.9645550527903466
general_support,2026-01-16,441.0,1561,4,966.0,4,374.40000000000003,0.85,3.035444947209653,4.1693376068376065,-1.1338926596279535
general_support,2026-01-17,292.0,713,5,623.75,4,374.40000000000003,0.85,1.9599987430869783,1.9043803418803418,0.055618401206636525
general_support,2026-01-18,281.0,1150,6,721.75,4,374.40000000000003,0.85,2.2679424333836096,3.0715811965811963,-0.8036387631975868
general_support,2026-01-19,1063.0,1490,0,959.0,4,374.40000000000003,0.85,3.0134489693313222,3.9797008547008543,-0.9662518853695321
general_support,2026-01-20,850.0,1506,1,754.75,4,374.40000000000003,0.85,2.371637757667169,4.022435897435897,-1.6507981397687277
general_support,2026-01-21,1045.0,1879,2,1074.5,4,374.40000000000003,0.85,3.376382604323781,5.018696581196581,-1.6423139768728001
general_support,2026-01-22,1764.0,1515,3,1139.5,4,374.40000000000003,0.85,3.5806309703368524,4.046474358974359,-0.4658433886375062
general_support,2026-01-23,908.0,1454,4,909.75,4,374.40000000000003,0.85,2.8586915535444946,3.883547008547008,-1.0248554550025135
general_support,2026-01-24,601.0,1206,5,572.5,4,374.40000000000003,0.85,1.7989567621920564,3.221153846153846,-1.4221970839617895
general_support,2026-01-25,125.0,737,6,628.75,4,374.40000000000003,0.85,1.9757101558572145,1.9684829059829059,0.007227249874308672
general_support,2026-01-26,1004.0,1837,0,981.0,4,374.40000000000003,0.85,3.0825791855203617,4.906517094017094,-1.823937908496732
general_support,2026-01-27,1440.0,1150,1,827.25,4,374.40000000000003,0.85,2.5994532428355956,3.0715811965811963,-0.4721279537456007
general_support,2026-01-28,1076.0,1389,2,1091.25,4,374.40000000000003,0.85,3.4290158371040724,3.709935897435897,-0.2809200603318245
general_support,2026-01-29,1036.0,1496,3,1247.0,4,374.40000000000003,0.85,3.918426344896933,3.9957264957264953,-0.07730015082956232
general_support,2026-01-30,957.0,1503,4,921.75,4,374.40000000000003,0.85,2.8963989441930615,4.014423076923077,-1.118024132730015
general_support,2026-01-31,493.0,1459,5,556.25,4,374.40000000000003,0.85,1.7478946706887883,3.896901709401709,-2.149007038712921
general_support,2026-02-01,448.0,1052,6,460.25,4,374.40000000000003,0.85,1.4462355455002514,2.8098290598290596,-1.3635935143288083
general_support,2026-02-02,1055.0,1501,0,862.75,4,374.40000000000003,0.85,2.7110042735042734,4.009081196581196,-1.2980769230769225
general_support,2026-02-03,404.0,1551,1,1008.25,4,374.40000000000003,0.85,3.16820638511815,4.142628205128204,-0.9744218200100545
general_support,2026-02-04,1006.0,1549,2,1061.25,4,374.40000000000003,0.85,3.3347473604826545,4.1372863247863245,-0.80253896430367
general_support,2026-02-05,908.0,1443,3,1374.25,4,374.40000000000003,0.85,4.318281799899447,3.8541666666666665,0.4641151332327804
general_support,2026-02-06,1200.0,1885,4,803.5,4,374.40000000000003,0.85,2.5248240321769733,5.034722222222221,-2.509898190045248
general_support,2026-02-07,954.0,737,5,464.0,4,374.40000000000003,0.85,1.4580191050779285,1.9684829059829059,-0.5104638009049773
general_support,2026-02-08,613.0,1141,6,431.5,4,374.40000000000003,0.85,1.3558949220713927,3.0475427350427347,-1.691647812971342
general_support,2026-02-09,1482.0,1524,0,932.75,4,374.40000000000003,0.85,2.9309640522875817,4.07051282051282,-1.1395487682252385
general_support,2026-02-10,861.0,1469,1,917.5,4,374.40000000000003,0.85,2.883044243338361,3.9236111111111107,-1.0405668677727498
general_support,2026-02-11,485.0,1512,2,1014.0,4,374.40000000000003,0.85,3.1862745098039214,4.038461538461538,-0.852187028657617
general_support,2026-02-12,663.0,1477,3,1286.25,4,374.40000000000003,0.85,4.041760935143288,3.944978632478632,0.09678230266465615
general_support,2026-02-13,769.0,1893,4,876.5,4,374.40000000000003,0.85,2.7542106586224233,5.056089743589743,-2.3018790849673194
general_support,2026-02-14,378.0,1166,5,585.0,4,374.40000000000003,0.85,1.838235294117647,3.114316239316239,-1.276080945198592
general_support,2026-02-15,437.0,1075,6,366.75,4,374.40000000000003,0.85,1.1524321266968325,2.8712606837606836,-1.718828557063851
general_support,2026-02-16,1340.0,1402,0,1151.0,4,374.40000000000003,0.85,3.616767219708396,3.7446581196581192,-0.12789089994972302
general_support,2026-02-17,1109.0,1458,1,888.75,4,374.40000000000003,0.85,2.7927036199095023,3.8942307692307687,-1.1015271493212664
general_support,2026-02-18,773.0,1472,2,903.0,4,374.40000000000003,0.85,2.837481146304676,3.9316239316239314,-1.0941427853192556
general_support,2026-02-19,885.0,1841,3,1092.75,4,374.40000000000003,0.85,3.4337292609351433,4.917200854700854,-1.483471593765711
general_support,2026-02-20,224.0,1503,4,958.5,4,374.40000000000003,0.85,3.0118778280542986,4.014423076923077,-1.002545248868778
general_support,2026-02-21,930.0,745,5,606.5,4,374.40000000000003,0.85,1.905794369029663,1.9898504273504272,-0.08405605832076413
general_support,2026-02-22,108.0,1111,6,405.75,4,374.40000000000003,0.85,1.2749811463046756,2.96741452991453,-1.6924333836098542
general_support,2026-02-23,1036.0,1818,0,1220.25,4,374.40000000000003,0.85,3.834370286576169,4.85576923076923,-1.021398944193061
general_support,2026-02-24,658.0,1561,1,953.5,4,374.40000000000003,0.85,2.9961664152840624,4.1693376068376065,-1.173171191553544
general_support,2026-02-25,960.0,737,2,835.0,4,374.40000000000003,0.85,2.623805932629462,1.9684829059829059,0.6553230266465562
general_support,2026-02-26,703.0,1485,3,873.0,4,374.40000000000003,0.85,2.743212669683258,3.9663461538461533,-1.2231334841628954
general_support,2026-02-27,286.0,1206,4,787.5,4,374.40000000000003,0.85,2.4745475113122173,3.221153846153846,-0.7466063348416285
general_support,2026-02-28,434.0,634,5,688.75,4,374.40000000000003,0.85,2.1642471091000504,1.6933760683760681,0.4708710407239822
general_support,2026-03-01,638.0,735,6,401.5,4,374.40000000000003,0.85,1.2616264454499748,1.9631410256410255,-0.7015145801910507
general_support,2026-03-02,1076.0,1826,0,1228.25,4,374.40000000000003,0.85,3.859508547008547,4.877136752136752,-1.0176282051282053
general_support,2026-03-03,1473.0,1573,1,758.0,4,374.40000000000003,0.85,2.381850175967823,4.201388888888888,-1.8195387129210654
general_support,2026-03-04,878.0,1458,2,806.0,4,374.40000000000003,0.85,2.5326797385620914,3.8942307692307687,-1.3615510306686773
general_support,2026-03-05,1136.0,1363,3,789.75,4,374.40000000000003,0.85,2.4816176470588234,3.6404914529914527,-1.1588738059326293
general_support,2026-03-06,1733.0,1476,4,619.75,4,374.40000000000003,0.85,1.9474296128707893,3.942307692307692,-1.9948780794369028
general_support,2026-03-07,789.0,726,5,674.0,4,374.40000000000003,0.85,2.117898441427853,1.9391025641025639,0.17879587732528934
general_support,2026-03-08,169.0,744,6,449.0,4,374.40000000000003,0.85,1.4108848667672196,1.987179487179487,-0.5762946204122674
general_support,2026-03-09,1252.0,1130,0,1233.5,4,374.40000000000003,0.85,3.876005530417295,3.018162393162393,0.857843137254902
general_support,2026-03-10,1296.0,1135,1,1025.25,4,374.40000000000003,0.85,3.221625188536953,3.0315170940170937,0.19010809451985944
general_support,2026-03-11,1262.0,1598,2,774.0,4,374.40000000000003,0.85,2.432126696832579,4.268162393162393,-1.8360356963298137
general_support,2026-03-12,1258.0,2240,3,846.75,4,374.40000000000003,0.85,2.6607277526395174,5.982905982905982,-3.3221782302664646
general_support,2026-03-13,1719.0,1401,4,753.0,4,374.40000000000003,0.85,2.3661387631975868,3.7419871794871793,-1.3758484162895925
general_support,2026-03-14,571.0,759,5,632.75,4,374.40000000000003,0.85,1.9882792860734038,2.0272435897435894,-0.03896430367018566
general_support,2026-03-15,604.0,1145,6,338.0,4,374.40000000000003,0.85,1.0620915032679739,3.0582264957264953,-1.9961349924585214
general_support,2026-03-16,1879.0,2260,0,1176.0,4,374.40000000000003,0.85,3.6953242835595774,6.036324786324786,-2.3410005027652088
general_support,2026-03-17,320.0,1899,1,1134.0,4,374.40000000000003,0.85,3.5633484162895925,5.072115384615384,-1.5087669683257916
general_support,2026-03-18,712.0,1585,2,968.25,4,374.40000000000003,0.85,3.0425150829562595,4.23344017094017,-1.1909250879839108
general_support,2026-03-19,712.0,1145,3,995.5,4,374.40000000000003,0.85,3.1281422825540472,3.0582264957264953,0.06991578682755195
general_support,2026-03-20,1014.0,1531,4,990.5,4,374.40000000000003,0.85,3.112430869783811,4.089209401709401,-0.9767785319255902
general_support,2026-03-21,598.0,707,5,681.0,4,374.40000000000003,0.85,2.139894419306184,1.8883547008547006,0.2515397184514834
general_support,2026-03-22,609.0,756,6,379.75,4,374.40000000000003,0.85,1.193281799899447,2.019230769230769,-0.8259489693313222
general_support,2026-03-23,579.0,2021,0,1310.75,4,374.40000000000003,0.85,4.118746857717446,5.397970085470085,-1.279223227752639
general_support,2026-03-24,1042.0,2241,1,936.75,4,374.40000000000003,0.85,2.9435331825037707,5.9855769230769225,-3.0420437405731517
general_support,2026-03-25,949.0,2270,2,953.0,4,374.40000000000003,0.85,2.9945952740070387,6.063034188034187,-3.0684389140271486
general_support,2026-03-26,1184.0,2309,3,952.25,4,374.40000000000003,0.85,2.992238562091503,6.167200854700854,-3.1749622926093513
general_support,2026-03-27,387.0,1833,4,1188.0,4,374.40000000000003,0.85,3.733031674208145,4.895833333333333,-1.1628016591251882
general_support,2026-03-28,291.0,1106,5,598.0,4,374.40000000000003,0.85,1.8790849673202614,2.954059829059829,-1.0749748617395674
general_support,2026-03-29,806.0,1514,6,505.0,4,374.40000000000003,0.85,1.5868526897938662,4.043803418803418,-2.4569507290095522
general_support,2026-03-30,530.0,2157,0,1196.5,4,374.40000000000003,0.85,3.7597410759175465,5.761217948717948,-2.0014768728004015
general_support,2026-03-31,757.0,1439,1,1032.75,4,374.40000000000003,0.85,3.2451923076923075,3.8434829059829054,-0.5982905982905979
general_support,2026-04-01,1512.0,1881,2,950.25,4,374.40000000000003,0.85,2.9859539969834086,5.024038461538461,-2.038084464555052
general_support,2026-04-02,1006.0,1884,3,1072.5,4,374.40000000000003,0.85,3.3700980392156863,5.032051282051282,-1.6619532428355956
general_support,2026-04-03,1266.0,1130,4,1213.25,4,374.40000000000003,0.85,3.812374308697838,3.018162393162393,0.794211915535445
general_support,2026-04-04,726.0,1930,5,562.25,4,374.40000000000003,0.85,1.7667483660130718,5.15491452991453,-3.3881661639014578
general_support,2026-04-05,260.0,752,6,547.0,4,374.40000000000003,0.85,1.718828557063851,2.0085470085470085,-0.28971845148315745
general_support,2026-04-06,968.0,2269,0,1060.0,4,374.40000000000003,0.85,3.3308195072900952,6.060363247863247,-2.7295437405731517
general_support,2026-04-07,707.0,1428,1,853.75,4,374.40000000000003,0.85,2.682723730517848,3.814102564102564,-1.1313788335847157
general_support,2026-04-08,761.0,2203,2,1108.75,4,374.40000000000003,0.85,3.4840057817998993,5.884081196581196,-2.4000754147812966
general_support,2026-04-09,517.0,1857,3,1040.0,4,374.40000000000003,0.85,3.2679738562091503,4.959935897435897,-1.6919620412267466
general_support,2026-04-10,561.0,2105,4,1096.5,4,374.40000000000003,0.85,3.4455128205128203,5.62232905982906,-2.1768162393162394
general_support,2026-04-11,792.0,730,5,546.5,4,374.40000000000003,0.85,1.7172574157868274,1.9497863247863245,-0.23252890899949707
general_support,2026-04-12,361.0,1088,6,569.75,4,374.40000000000003,0.85,1.7903154851684262,2.905982905982906,-1.1156674208144797
general_support,2026-04-13,715.0,1601,0,989.0,4,374.40000000000003,0.85,3.10771744595274,4.276175213675213,-1.1684577677224728
general_support,2026-04-14,1062.0,1892,1,706.5,4,374.40000000000003,0.85,2.2200226244343892,5.053418803418803,-2.833396178984414
general_support,2026-04-15,717.0,1856,2,983.5,4,374.40000000000003,0.85,3.0904348919054803,4.9572649572649565,-1.8668300653594763
general_support,2026-04-16,1130.0,2132,3,854.75,4,374.40000000000003,0.85,2.6858660130718954,5.694444444444444,-3.0085784313725483
general_support,2026-04-17,530.0,1879,4,807.0,4,374.40000000000003,0.85,2.5358220211161386,5.018696581196581,-2.4828745600804423
general_support,2026-04-18,344.0,1168,5,601.75,4,374.40000000000003,0.85,1.8908685268979386,3.1196581196581192,-1.2287895927601806
general_support,2026-04-19,602.0,1019,6,509.0,4,374.40000000000003,0.85,1.5994218200100552,2.721688034188034,-1.122266214177979
general_support,2026-04-20,1148.0,1580,0,698.0,4,374.40000000000003,0.85,2.193313222724987,4.220085470085469,-2.026772247360482
general_support,2026-04-21,901.0,1855,1,892.0,4,374.40000000000003,0.85,2.8029160382101557,4.954594017094017,-2.1516779788838614
general_support,2026-04-22,361.0,2307,2,984.75,4,374.40000000000003,0.85,3.094362745098039,6.161858974358974,-3.0674962292609345
general_support,2026-04-23,1471.0,1848,3,959.25,4,374.40000000000003,0.85,3.014234539969834,4.935897435897435,-1.9216628959276014
general_support,2026-04-24,768.0,1426,4,686.0,4,374.40000000000003,0.85,2.15560583207642,3.8087606837606836,-1.6531548516842633
general_support,2026-04-25,452.0,1861,5,538.25,4,374.40000000000003,0.85,1.6913335847159376,4.970619658119658,-3.27928607340372
general_support,2026-04-26,455.0,1101,6,507.25,4,374.40000000000003,0.85,1.5939228255404725,2.9407051282051277,-1.3467823026646553
general_support,2026-04-27,764.0,2194,0,840.25,4,374.40000000000003,0.85,2.64030291603821,5.860042735042734,-3.2197398190045243
general_support,2026-04-28,1241.0,2323,1,856.75,4,374.40000000000003,0.85,2.69215057817999,6.204594017094016,-3.512443438914026
general_support,2026-04-29,1070.0,1959,2,837.75,4,374.40000000000003,0.85,2.6324472096530918,5.232371794871795,-2.599924585218703
general_support,2026-04-30,690.0,1851,3,1031.0,4,374.40000000000003,0.85,3.239693313222725,4.943910256410256,-1.7042169431875314
general_support,2026-05-01,1242.0,2252,4,781.25,4,374.40000000000003,0.85,2.4549082453494218,6.014957264957264,-3.5600490196078423
general_support,2026-05-02,518.0,713,5,578.5,4,374.40000000000003,0.85,1.8178104575163399,1.9043803418803418,-0.08656988436400193
general_support,2026-05-03,930.0,725,6,419.5,4,374.40000000000003,0.85,1.3181875314228255,1.9364316239316237,-0.6182440925087982
general_support,2026-05-04,1094.0,1778,0,898.75,4,374.40000000000003,0.85,2.824126445449975,4.7489316239316235,-1.9248051784816487
general_support,2026-05-05,1298.0,1889,1,977.75,4,374.40000000000003,0.85,3.0723667672197084,5.045405982905982,-1.9730392156862737
general_support,2026-05-06,1547.0,1823,2,727.25,4,374.40000000000003,0.85,2.28522498743087,4.869123931623931,-2.583898944193061
general_support,2026-05-07,989.0,1568,3,952.0,4,374.40000000000003,0.85,2.9914529914529915,4.188034188034187,-1.1965811965811959
general_support,2026-05-08,1123.0,1921,4,775.25,4,374.40000000000003,0.85,2.4360545500251383,5.130876068376068,-2.69482151835093
general_support,2026-05-09,480.0,401,5,526.5,4,374.40000000000003,0.85,1.6544117647058822,1.0710470085470085,0.5833647561588737
general_support,2026-05-10,1267.0,1091,6,587.0,4,374.40000000000003,0.85,1.8445198592257415,2.913995726495726,-1.0694758672699847
general_support,2026-05-11,1195.0,2181,0,930.25,4,374.40000000000003,0.85,2.9231083459024636,5.825320512820512,-2.9022121669180483
general_support,2026-05-12,1583.0,1956,1,1125.5,4,374.40000000000003,0.85,3.536639014580191,5.224358974358974,-1.6877199597787826
general_support,2026-05-13,1103.0,2269,2,923.75,4,374.40000000000003,0.85,2.9026835093011565,6.060363247863247,-3.1576797385620905
general_support,2026-05-14,1283.0,2267,3,1070.0,4,374.40000000000003,0.85,3.362242332830568,6.055021367521367,-2.692779034690799
general_support,2026-05-15,940.0,1930,4,915.75,4,374.40000000000003,0.85,2.877545248868778,5.15491452991453,-2.2773692810457518
general_support,2026-05-16,620.0,1452,5,448.5,4,374.40000000000003,0.85,1.409313725490196,3.8782051282051277,-2.468891402714932
general_support,2026-05-17,301.0,1855,6,813.5,4,374.40000000000003,0.85,2.5562468577174458,4.954594017094017,-2.3983471593765713
general_support,2026-05-18,1030.0,1487,0,1050.25,4,374.40000000000003,0.85,3.300182252388135,3.9716880341880336,-0.6715057817998988
general_support,2026-05-19,1455.0,1552,1,1255.75,4,374.40000000000003,0.85,3.9459213172448466,4.145299145299145,-0.19937782805429816
general_support,2026-05-20,1493.0,2256,2,1020.25,4,374.40000000000003,0.85,3.205913775766717,6.025641025641025,-2.819727249874308
general_support,2026-05-21,773.0,2161,3,1108.25,4,374.40000000000003,0.85,3.4824346405228757,5.771901709401709,-2.289467068878833
general_support,2026-05-22,892.0,1494,4,1018.25,4,374.40000000000003,0.85,3.1996292106586224,3.990384615384615,-0.7907554047259926
general_support,2026-05-23,680.0,1457,5,517.5,4,374.40000000000003,0.85,1.626131221719457,3.891559829059829,-2.2654286073403718
general_support,2026-05-24,644.0,1084,6,738.25,4,374.40000000000003,0.85,2.3197900955253896,2.8952991452991452,-0.5755090497737556
general_support,2026-05-25,764.0,1486,0,1020.75,4,374.40000000000003,0.85,3.2074849170437405,3.9690170940170937,-0.7615321769733532
general_support,2026-05-26,1783.0,1740,1,1394.25,4,374.40000000000003,0.85,4.381127450980392,4.647435897435897,-0.266308446455505
general_support,2026-05-27,969.0,1732,2,1303.25,4,374.40000000000003,0.85,4.095179738562091,4.626068376068376,-0.5308886375062842
general_support,2026-05-28,1035.0,1824,3,933.75,4,374.40000000000003,0.85,2.934106334841629,4.871794871794871,-1.9376885369532424
general_support,2026-05-29,1957.0,1848,4,1049.25,4,374.40000000000003,0.85,3.2970399698340875,4.935897435897435,-1.6388574660633477
general_support,2026-05-30,544.0,1117,5,574.5,4,374.40000000000003,0.85,1.8052413273001509,2.9834401709401708,-1.17819884364002
general_support,2026-05-31,267.0,771,6,785.5,4,374.40000000000003,0.85,2.468262946204123,2.059294871794872,0.408968074409251
general_support,2026-06-01,1370.0,1811,0,1020.75,4,374.40000000000003,0.85,3.2074849170437405,4.837072649572649,-1.6295877325289085
general_support,2026-06-02,701.0,2286,1,1529.75,4,374.40000000000003,0.85,4.8069067370537955,6.10576923076923,-1.2988624937154345
general_support,2026-06-03,1253.0,1959,2,1278.0,4,374.40000000000003,0.85,4.015837104072398,5.232371794871795,-1.2165346907993966
general_support,2026-06-04,1107.0,1513,3,1020.0,4,374.40000000000003,0.85,3.205128205128205,4.041132478632479,-0.8360042735042739
general_support,2026-06-05,726.0,1769,4,1228.0,4,374.40000000000003,0.85,3.8587229763700353,4.724893162393162,-0.8661701860231266
general_support,2026-06-06,664.0,1980,5,581.0,4,374.40000000000003,0.85,1.825666163901458,5.288461538461538,-3.4627953745600806
general_support,2026-06-07,1077.0,1518,6,619.75,4,374.40000000000003,0.85,1.9474296128707893,4.054487179487179,-2.1070575666163895
general_support,2026-06-08,2138.0,2224,0,1089.75,4,374.40000000000003,0.85,3.4243024132730016,5.9401709401709395,-2.515868526897938
general_support,2026-06-09,1835.0,2287,1,1380.5,4,374.40000000000003,0.85,4.3379210658622425,6.10844017094017,-1.7705191050779279
general_support,2026-06-10,780.0,2251,2,1204.5,4,374.40000000000003,0.85,3.7848793363499245,6.0122863247863245,-2.2274069884364
general_support,2026-06-11,1039.0,1853,3,1049.5,4,374.40000000000003,0.85,3.297825540472599,4.949252136752136,-1.6514265962795371
general_support,2026-06-12,586.0,1538,4,1128.75,4,374.40000000000003,0.85,3.5468514328808447,4.107905982905983,-0.5610545500251383
general_support,2026-06-13,680.0,980,5,627.0,4,374.40000000000003,0.85,1.9702111613876319,2.617521367521367,-0.6473102061337352
general_support,2026-06-14,0.0,0,6,572.25,4,374.40000000000003,0.85,1.7981711915535445,0.0,1.7981711915535445
general_support,2026-06-15,725.0,1874,0,1325.5,4,374.40000000000003,0.85,4.165095525389643,5.00534188034188,-0.840246354952237
general_support,2026-06-16,1599.0,1476,1,1443.5,4,374.40000000000003,0.85,4.535884866767219,3.942307692307692,0.5935771744595271
general_support,2026-06-17,946.0,1753,2,1123.75,4,374.40000000000003,0.85,3.5311400201106085,4.682158119658119,-1.1510180995475108
general_support,2026-06-18,1095.0,1541,3,988.5,4,374.40000000000003,0.85,3.1061463046757165,4.115918803418803,-1.0097724987430867
general_support,2026-06-19,878.0,1958,4,1040.25,4,374.40000000000003,0.85,3.268759426847662,5.229700854700854,-1.9609414278531925
general_support,2026-06-20,632.0,1448,5,642.0,4,374.40000000000003,0.85,2.017345399698341,3.867521367521367,-1.8501759678230263
general_support,2026-06-21,438.0,671,6,497.0,4,374.40000000000003,0.85,1.5617144293614882,1.7922008547008546,-0.23048642533936636
general_support,2026-06-22,928.0,2245,0,1249.25,4,374.40000000000003,0.85,3.9254964806435395,5.996260683760683,-2.0707642031171436
general_support,2026-06-23,1013.0,2246,1,1479.5,4,374.40000000000003,0.85,4.649007038712921,5.9989316239316235,-1.3499245852187025
general_support,2026-06-24,1441.0,1841,2,987.0,4,374.40000000000003,0.85,3.1014328808446456,4.917200854700854,-1.8157679738562087
general_support,2026-06-25,702.0,2156,3,1069.0,4,374.40000000000003,0.85,3.359100050276521,5.758547008547008,-2.3994469582704867
general_support,2026-06-26,663.0,1137,4,1036.75,4,374.40000000000003,0.85,3.2577614379084965,3.036858974358974,0.22090246354952248
general_support,2026-06-27,189.0,1132,5,630.0,4,374.40000000000003,0.85,1.9796380090497736,3.0235042735042734,-1.0438662644544998
general_support,2026-06-28,377.0,1103,6,445.5,4,374.40000000000003,0.85,1.3998868778280542,2.946047008547008,-1.5461601307189539
general_support,2026-06-29,1844.0,1926,0,1290.25,4,374.40000000000003,0.85,4.054330065359477,5.144230769230769,-1.089900703871292
general_support,2026-06-30,794.0,1890,1,1287.0,4,374.40000000000003,0.85,4.044117647058823,5.0480769230769225,-1.003959276018099
general_support,2026-07-01,1873.0,2265,2,1105.0,4,374.40000000000003,0.85,3.4722222222222223,6.049679487179486,-2.577457264957264
general_support,2026-07-02,793.0,2251,3,985.75,4,374.40000000000003,0.85,3.0975050276520864,6.0122863247863245,-2.914781297134238
general_support,2026-07-03,1441.0,2246,4,713.25,4,374.40000000000003,0.85,2.241233031674208,5.9989316239316235,-3.7576985922574155
general_support,2026-07-04,345.0,1465,5,541.25,4,374.40000000000003,0.85,1.7007604323780794,3.91292735042735,-2.2121669180492707
general_support,2026-07-05,525.0,1055,6,473.0,4,374.40000000000003,0.85,1.486299648064354,2.81784188034188,-1.3315422322775259
general_support,2026-07-06,791.0,1900,0,1408.75,4,374.40000000000003,0.85,4.4266905480140775,5.0747863247863245,-0.6480957767722471
general_support,2026-07-07,1185.0,1483,1,1310.25,4,374.40000000000003,0.85,4.117175716440422,3.961004273504273,0.15617144293614915
general_support,2026-07-08,745.0,2237,2,1260.0,4,374.40000000000003,0.85,3.959276018099547,5.974893162393162,-2.0156171442936146
general_support,2026-07-09,1177.0,1523,3,907.25,4,374.40000000000003,0.85,2.8508358471593764,4.06784188034188,-1.2170060331825034
general_support,2026-07-10,1308.0,1089,4,892.0,4,374.40000000000003,0.85,2.8029160382101557,2.908653846153846,-0.10573780794369014
general_support,2026-07-11,663.0,761,5,461.5,4,374.40000000000003,0.85,1.4501633986928104,2.0325854700854697,-0.5824220713926593
general_support,2026-07-12,526.0,1494,6,335.0,4,374.40000000000003,0.85,1.0526646556058321,3.990384615384615,-2.937719959778783
general_support,2026-07-13,935.0,1764,0,1072.0,4,374.40000000000003,0.85,3.3685268979386627,4.711538461538461,-1.3430115635997981
general_support,2026-07-14,1060.0,2305,1,1147.75,4,374.40000000000003,0.85,3.6065548014077424,6.156517094017094,-2.5499622926093513
general_support,2026-07-15,1440.0,1082,2,1251.25,4,374.40000000000003,0.85,3.931781045751634,2.889957264957265,1.041823780794369
general_support,2026-07-16,440.0,1865,3,941.75,4,374.40000000000003,0.85,2.959244595274007,4.981303418803418,-2.0220588235294112
general_support,2026-07-17,1271.0,1442,4,1072.5,4,374.40000000000003,0.85,3.3700980392156863,3.851495726495726,-0.48139768728003984
general_support,2026-07-18,345.0,703,5,457.25,4,374.40000000000003,0.85,1.4368086978381096,1.87767094017094,-0.44086224233283033
general_support,2026-07-19,444.0,1491,6,466.5,4,374.40000000000003,0.85,1.4658748114630467,3.9823717948717947,-2.5164969834087483
general_support,2026-07-20,635.0,1420,0,1124.5,4,374.40000000000003,0.85,3.5334967320261437,3.7927350427350426,-0.2592383107088989
general_support,2026-07-21,495.0,1860,1,1013.0,4,374.40000000000003,0.85,3.183132227249874,4.967948717948717,-1.784816490698843
general_support,2026-07-22,1381.0,1547,2,1374.75,4,374.40000000000003,0.85,4.31985294117647,4.131944444444444,0.18790849673202636
general_support,2026-07-23,1190.0,1722,3,778.0,4,374.40000000000003,0.85,2.444695827048768,4.599358974358974,-2.1546631473102056
general_support,2026-07-24,1085.0,2227,4,1170.75,4,374.40000000000003,0.85,3.6788273001508296,5.94818376068376,-2.26935646053293
general_support,2026-07-25,421.0,1092,5,385.5,4,374.40000000000003,0.85,1.2113499245852186,2.9166666666666665,-1.705316742081448
general_support,2026-07-26,579.0,1550,6,468.0,4,374.40000000000003,0.85,1.4705882352941175,4.139957264957265,-2.669369029663147
general_support,2026-07-27,1566.0,1894,0,1051.25,4,374.40000000000003,0.85,3.303324534942182,5.058760683760683,-1.755436148818501
general_support,2026-07-28,1147.0,1847,1,883.5,4,374.40000000000003,0.85,2.776206636500754,4.933226495726495,-2.157019859225741
general_support,2026-07-29,627.0,1387,2,1359.75,4,374.40000000000003,0.85,4.272718702865761,3.7045940170940166,0.5681246857717448
general_support,2026-07-30,1851.0,1534,3,900.0,4,374.40000000000003,0.85,2.8280542986425337,4.097222222222221,-1.2691679235796878
general_support,2026-07-31,774.0,1495,4,1276.25,4,374.40000000000003,0.85,4.010338109602816,3.9930555555555554,0.017282554047260312
general_support,2026-08-01,748.0,1891,5,443.5,4,374.40000000000003,0.85,1.3936023127199597,5.050747863247863,-3.657145550527903
general_support,2026-08-02,674.0,1531,6,518.5,4,374.40000000000003,0.85,1.6292735042735043,4.089209401709401,-2.459935897435897
general_support,2026-08-03,1190.0,1896,0,981.75,4,374.40000000000003,0.85,3.0849358974358974,5.064102564102564,-1.9791666666666665
general_support,2026-08-04,667.0,1575,1,971.75,4,374.40000000000003,0.85,3.053513071895425,4.206730769230769,-1.1532176973353443
general_support,2026-08-05,745.0,1605,2,1048.25,4,374.40000000000003,0.85,3.2938976872800403,4.286858974358974,-0.9929612870789333
general_support,2026-08-06,1007.0,1856,3,1164.5,4,374.40000000000003,0.85,3.659188034188034,4.9572649572649565,-1.2980769230769225
general_support,2026-08-07,1049.0,1833,4,1109.5,4,374.40000000000003,0.85,3.486362493715435,4.895833333333333,-1.409470839617898
general_support,2026-08-08,485.0,1151,5,544.25,4,374.40000000000003,0.85,1.7101872800402211,3.0742521367521363,-1.3640648567119151
general_support,2026-08-09,883.0,721,6,555.75,4,374.40000000000003,0.85,1.7463235294117647,1.925747863247863,-0.17942433383609835
general_support,2026-08-10,1229.0,1940,0,1081.5,4,374.40000000000003,0.85,3.3983785822021115,5.181623931623931,-1.7832453494218194
general_support,2026-08-11,1095.0,1518,1,842.25,4,374.40000000000003,0.85,2.646587481146305,4.054487179487179,-1.407899698340874
general_support,2026-08-12,1150.0,1471,2,1048.25,4,374.40000000000003,0.85,3.2938976872800403,3.928952991452991,-0.6350553041729508
general_support,2026-08-13,1166.0,1180,3,1122.0,4,374.40000000000003,0.85,3.5256410256410255,3.1517094017094016,0.37393162393162394
general_support,2026-08-14,1154.0,2240,4,1044.75,4,374.40000000000003,0.85,3.282899698340875,5.982905982905982,-2.700006284565107
general_support,2026-08-15,342.0,808,5,499.75,4,374.40000000000003,0.85,1.5703557063851181,2.158119658119658,-0.5877639517345399
general_support,2026-08-16,776.0,974,6,645.0,4,374.40000000000003,0.85,2.0267722473604826,2.601495726495726,-0.5747234791352436
general_support,2026-08-17,832.0,2140,0,1155.0,4,374.40000000000003,0.85,3.629336349924585,5.715811965811965,-2.08647561588738
general_support,2026-08-18,446.0,1509,1,851.0,4,374.40000000000003,0.85,2.674082453494218,4.030448717948717,-1.3563662644544991
general_support,2026-08-19,1281.0,1466,2,975.75,4,374.40000000000003,0.85,3.066082202111614,3.9155982905982905,-0.8495160884866766
general_support,2026-08-20,943.0,1433,3,1303.5,4,374.40000000000003,0.85,4.095965309200603,3.8274572649572645,0.26850804424333896
general_support,2026-08-21,912.0,1772,4,1015.5,4,374.40000000000003,0.85,3.1909879336349922,4.732905982905982,-1.5419180492709899
general_support,2026-08-22,941.0,1452,5,499.0,4,374.40000000000003,0.85,1.5679989944695827,3.8782051282051277,-2.3102061337355453
general_support,2026-08-23,477.0,1509,6,728.0,4,374.40000000000003,0.85,2.287581699346405,4.030448717948717,-1.742867018602312
general_support,2026-08-24,1604.0,1830,0,1204.25,4,374.40000000000003,0.85,3.784093765711413,4.887820512820513,-1.1037267471091
general_support,2026-08-25,1306.0,1433,1,838.75,4,374.40000000000003,0.85,2.635589492207139,3.8274572649572645,-1.1918677727501255
general_support,2026-08-26,934.0,1881,2,950.75,4,374.40000000000003,0.85,2.987525138260432,5.024038461538461,-2.0365133232780286
general_support,2026-08-27,1330.0,1894,3,1241.75,4,374.40000000000003,0.85,3.9019293614881847,5.058760683760683,-1.1568313222724984
general_support,2026-08-28,496.0,1789,4,972.25,4,374.40000000000003,0.85,3.0550842131724485,4.778311965811965,-1.7232277526395166
general_support,2026-08-29,346.0,1134,5,629.0,4,374.40000000000003,0.85,1.9764957264957264,3.0288461538461537,-1.0523504273504274
general_support,2026-08-30,397.0,2171,6,702.5,4,374.40000000000003,0.85,2.2074534942182003,5.798611111111111,-3.5911576168929105
general_support,2026-08-31,1536.0,2191,0,1213.75,4,374.40000000000003,0.85,3.8139454499748617,5.852029914529914,-2.038084464555052
general_support,2026-09-01,918.0,1770,1,878.5,4,374.40000000000003,0.85,2.760495223730518,4.727564102564102,-1.9670688788335844
general_support,2026-09-02,1069.0,1497,2,1027.5,4,374.40000000000003,0.85,3.2286953242835597,3.9983974358974357,-0.769702111613876
general_support,2026-09-03,1523.0,1829,3,1111.5,4,374.40000000000003,0.85,3.4926470588235294,4.885149572649572,-1.392502513826043
general_support,2026-09-04,1111.0,1515,4,902.75,4,374.40000000000003,0.85,2.836695575666164,4.046474358974359,-1.2097787833081948
general_support,2026-09-05,813.0,1133,5,528.5,4,374.40000000000003,0.85,1.6606963298139767,3.0261752136752134,-1.3654788838612366
general_support,2026-09-06,767.0,1507,6,633.25,4,374.40000000000003,0.85,1.9898504273504274,4.025106837606837,-2.0352564102564097
general_support,2026-09-07,708.0,1696,0,1300.25,4,374.40000000000003,0.85,4.08575289089995,4.52991452991453,-0.44416163901458017
general_support,2026-09-08,799.0,2379,1,941.25,4,374.40000000000003,0.85,2.9576734539969833,6.354166666666666,-3.3964932126696827
general_support,2026-09-09,958.0,1885,2,1108.5,4,374.40000000000003,0.85,3.4832202111613877,5.034722222222221,-1.5515020110608337
general_support,2026-09-10,1398.0,1460,3,1240.5,4,374.40000000000003,0.85,3.898001508295626,3.899572649572649,-0.0015711412770231803
general_support,2026-09-11,927.0,1880,4,918.25,4,374.40000000000003,0.85,2.885400955253896,5.021367521367521,-2.135966566113625
general_support,2026-09-12,291.0,1455,5,610.5,4,374.40000000000003,0.85,1.918363499245852,3.8862179487179485,-1.9678544494720964
general_support,2026-09-13,168.0,664,6,604.25,4,374.40000000000003,0.85,1.8987242332830567,1.7735042735042734,0.1252199597787833
general_support,2026-09-14,874.0,1129,0,1170.0,4,374.40000000000003,0.85,3.676470588235294,3.0154914529914527,0.6609791352438412
general_support,2026-09-15,399.0,1498,1,867.25,4,374.40000000000003,0.85,2.725144544997486,4.001068376068376,-1.2759238310708896
general_support,2026-09-16,882.0,1867,2,1060.5,4,374.40000000000003,0.85,3.332390648567119,4.986645299145299,-1.65425465057818
general_support,2026-09-17,1391.0,1878,3,1298.5,4,374.40000000000003,0.85,4.080253896430367,5.0160256410256405,-0.9357717445952733
general_support,2026-09-18,935.0,2156,4,861.5,4,374.40000000000003,0.85,2.707076420311714,5.758547008547008,-3.0514705882352935
general_support,2026-09-19,510.0,774,5,597.75,4,374.40000000000003,0.85,1.8782993966817496,2.067307692307692,-0.18900829562594246
general_support,2026-09-20,567.0,686,6,452.25,4,374.40000000000003,0.85,1.4210972850678734,1.8322649572649572,-0.41116767219708383
general_support,2026-09-21,1448.0,1861,0,1180.5,4,374.40000000000003,0.85,3.70946455505279,4.970619658119658,-1.2611551030668675
general_support,2026-09-22,987.0,1870,1,855.5,4,374.40000000000003,0.85,2.6882227249874306,4.994658119658119,-2.3064353946706886
general_support,2026-09-23,570.0,2193,2,960.75,4,374.40000000000003,0.85,3.0189479638009047,5.857371794871795,-2.83842383107089
general_support,2026-09-24,1165.0,2187,3,1410.5,4,374.40000000000003,0.85,4.43218954248366,5.841346153846153,-1.4091566113624934
general_support,2026-09-25,1426.0,1801,4,867.25,4,374.40000000000003,0.85,2.725144544997486,4.810363247863247,-2.085218702865761
general_support,2026-09-26,507.0,1402,5,490.0,4,374.40000000000003,0.85,1.5397184514831572,3.7446581196581192,-2.204939668174962
general_support,2026-09-27,782.0,1752,6,474.75,4,374.40000000000003,0.85,1.4917986425339367,4.679487179487179,-3.1876885369532424
general_support,2026-09-28,862.0,2170,0,1141.5,4,374.40000000000003,0.85,3.586915535444947,5.79594017094017,-2.2090246354952234
general_support,2026-09-29,1364.0,1509,1,775.75,4,374.40000000000003,0.85,2.437625691302162,4.030448717948717,-1.5928230266465553
general_support,2026-09-30,720.0,1489,2,869.75,4,374.40000000000003,0.85,2.733000251382604,3.9770299145299144,-1.2440296631473102
technical_support,2025-10-01,1110.0,1941,2,,0,374.40000000000003,0.85,,5.184294871794871,
technical_support,2025-10-02,1368.0,1136,3,,0,374.40000000000003,0.85,,3.034188034188034,
technical_support,2025-10-03,1271.0,1128,4,,0,374.40000000000003,0.85,,3.0128205128205123,
technical_support,2025-10-04,898.0,1557,5,,0,374.40000000000003,0.85,,4.158653846153846,
technical_support,2025-10-05,770.0,725,6,,0,374.40000000000003,0.85,,1.9364316239316237,
technical_support,2025-10-06,1055.0,1455,0,,0,374.40000000000003,0.85,,3.8862179487179485,
technical_support,2025-10-07,1440.0,1133,1,,0,374.40000000000003,0.85,,3.0261752136752134,
technical_support,2025-10-08,1439.0,1630,2,,1,374.40000000000003,0.85,,4.353632478632478,
technical_support,2025-10-09,1193.0,1772,3,,1,374.40000000000003,0.85,,4.732905982905982,
technical_support,2025-10-10,1459.0,1539,4,,1,374.40000000000003,0.85,,4.1105769230769225,
technical_support,2025-10-11,929.0,1163,5,,1,374.40000000000003,0.85,,3.1063034188034186,
technical_support,2025-10-12,638.0,1116,6,,1,374.40000000000003,0.85,,2.9807692307692304,
technical_support,2025-10-13,1844.0,1468,0,,1,374.40000000000003,0.85,,3.9209401709401708,
technical_support,2025-10-14,1754.0,1506,1,,1,374.40000000000003,0.85,,4.022435897435897,
technical_support,2025-10-15,1724.0,1553,2,,2,374.40000000000003,0.85,,4.147970085470085,
technical_support,2025-10-16,1386.0,1832,3,,2,374.40000000000003,0.85,,4.893162393162393,
technical_support,2025-10-17,990.0,816,4,,2,374.40000000000003,0.85,,2.1794871794871793,
technical_support,2025-10-18,930.0,708,5,,2,374.40000000000003,0.85,,1.8910256410256407,
technical_support,2025-10-19,990.0,813,6,,2,374.40000000000003,0.85,,2.1714743589743586,
technical_support,2025-10-20,1440.0,1172,0,,2,374.40000000000003,0.85,,3.13034188034188,
technical_support,2025-10-21,1896.0,1809,1,,2,374.40000000000003,0.85,,4.831730769230769,
technical_support,2025-10-22,1030.0,1480,2,,3,374.40000000000003,0.85,,3.9529914529914527,
technical_support,2025-10-23,1860.0,1417,3,,3,374.40000000000003,0.85,,3.784722222222222,
technical_support,2025-10-24,1172.0,1902,4,,3,374.40000000000003,0.85,,5.080128205128204,
technical_support,2025-10-25,960.0,798,5,,3,374.40000000000003,0.85,,2.1314102564102564,
technical_support,2025-10-26,990.0,799,6,,3,374.40000000000003,0.85,,2.1340811965811963,
technical_support,2025-10-27,995.0,1068,0,,3,374.40000000000003,0.85,,2.852564102564102,
technical_support,2025-10-28,1440.0,1121,1,,3,374.40000000000003,0.85,,2.9941239316239314,
technical_support,2025-10-29,1699.0,1797,2,1325.75,4,374.40000000000003,0.85,4.165881096028155,4.799679487179486,-0.6337983911513314
technical_support,2025-10-30,1490.0,1900,3,1451.75,4,374.40000000000003,0.85,4.561808697838109,5.0747863247863245,-0.5129776269482154
technical_support,2025-10-31,1440.0,1128,4,1223.0,4,374.40000000000003,0.85,3.8430115635997986,3.0128205128205123,0.8301910507792862
technical_support,2025-11-01,468.0,749,5,929.25,4,374.40000000000003,0.85,2.9199660633484164,2.000534188034188,0.9194318753142285
technical_support,2025-11-02,896.0,1166,6,847.0,4,374.40000000000003,0.85,2.661513323278029,3.114316239316239,-0.4528029160382099
technical_support,2025-11-03,1327.0,1926,0,1333.5,4,374.40000000000003,0.85,4.190233785822021,5.144230769230769,-0.9539969834087483
technical_support,2025-11-04,1859.0,1433,1,1632.5,4,374.40000000000003,0.85,5.129776269482152,3.8274572649572645,1.3023190045248874
technical_support,2025-11-05,1332.0,1851,2,1473.0,4,374.40000000000003,0.85,4.628582202111613,4.943910256410256,-0.31532805429864297
technical_support,2025-11-06,1405.0,1894,3,1482.25,4,374.40000000000003,0.85,4.657648315736551,5.058760683760683,-0.4011123680241324
technical_support,2025-11-07,1679.0,1461,4,1265.25,4,374.40000000000003,0.85,3.9757730015082955,3.9022435897435894,0.07352941176470607
technical_support,2025-11-08,960.0,725,5,821.75,4,374.40000000000003,0.85,2.5821706887883358,1.9364316239316237,0.6457390648567121
technical_support,2025-11-09,629.0,1831,6,878.5,4,374.40000000000003,0.85,2.760495223730518,4.890491452991452,-2.1299962292609345
technical_support,2025-11-10,1355.0,1475,0,1401.5,4,374.40000000000003,0.85,4.403908999497235,3.9396367521367517,0.464272247360483
technical_support,2025-11-11,1540.0,1551,1,1737.25,4,374.40000000000003,0.85,5.458930367018602,4.142628205128204,1.3163021618903974
technical_support,2025-11-12,1134.0,1090,2,1446.25,4,374.40000000000003,0.85,4.54452614379085,2.911324786324786,1.6332013574660635
technical_support,2025-11-13,937.0,1535,3,1535.25,4,374.40000000000003,0.85,4.824189291101056,4.099893162393162,0.724296128707894
technical_support,2025-11-14,1595.0,1846,4,1320.25,4,374.40000000000003,0.85,4.148598541980895,4.930555555555555,-0.7819570135746607
technical_support,2025-11-15,632.0,773,5,829.5,4,374.40000000000003,0.85,2.606523378582202,2.064636752136752,0.54188662644545
technical_support,2025-11-16,501.0,744,6,876.25,4,374.40000000000003,0.85,2.7534250879839113,1.987179487179487,0.7662456008044243
technical_support,2025-11-17,1023.0,1532,0,1279.25,4,374.40000000000003,0.85,4.019764957264957,4.0918803418803416,-0.07211538461538414
technical_support,2025-11-18,1488.0,1432,1,1683.75,4,374.40000000000003,0.85,5.2908182503770735,3.8247863247863245,1.466031925590749
technical_support,2025-11-19,651.0,2240,2,1298.75,4,374.40000000000003,0.85,4.081039467068878,5.982905982905982,-1.9018665158371038
technical_support,2025-11-20,1406.0,1901,3,1423.0,4,374.40000000000003,0.85,4.471468074409251,5.077457264957265,-0.6059891905480139
technical_support,2025-11-21,1538.0,1856,4,1471.5,4,374.40000000000003,0.85,4.623868778280543,4.9572649572649565,-0.33339617898441354
technical_support,2025-11-22,545.0,735,5,755.0,4,374.40000000000003,0.85,2.3724233283056813,1.9631410256410255,0.4092823026646557
technical_support,2025-11-23,332.0,765,6,754.0,4,374.40000000000003,0.85,2.369281045751634,2.0432692307692304,0.3260118149824036
technical_support,2025-11-24,1319.0,1895,0,1175.0,4,374.40000000000003,0.85,3.69218200100553,5.0614316239316235,-1.3692496229260933
technical_support,2025-11-25,1828.0,1890,1,1581.75,4,374.40000000000003,0.85,4.970305429864253,5.0480769230769225,-0.07777149321266918
technical_support,2025-11-26,1314.0,2133,2,1204.0,4,374.40000000000003,0.85,3.783308195072901,5.697115384615384,-1.9138071895424833
technical_support,2025-11-27,1920.0,1513,3,1309.5,4,374.40000000000003,0.85,4.114819004524887,4.041132478632479,0.0736865258924082
technical_support,2025-11-28,1440.0,1135,4,1563.0,4,374.40000000000003,0.85,4.911387631975867,3.0315170940170937,1.879870537958773
technical_support,2025-11-29,967.0,1852,5,651.25,4,374.40000000000003,0.85,2.046411513323278,4.946581196581196,-2.900169683257918
technical_support,2025-11-30,1077.0,1173,6,589.5,4,374.40000000000003,0.85,1.8523755656108596,3.1330128205128203,-1.2806372549019607
technical_support,2025-12-01,1225.0,2321,0,1256.0,4,374.40000000000003,0.85,3.946706887883358,6.199252136752136,-2.252545248868778
technical_support,2025-12-02,1440.0,1113,1,1678.75,4,374.40000000000003,0.85,5.275106837606837,2.97275641025641,2.302350427350427
technical_support,2025-12-03,1531.0,1928,2,1107.75,4,374.40000000000003,0.85,3.480863499245852,5.149572649572649,-1.668709150326797
technical_support,2025-12-04,2226.0,2284,3,1417.0,4,374.40000000000003,0.85,4.4526143790849675,6.10042735042735,-1.6478129713423826
technical_support,2025-12-05,1545.0,2222,4,1563.0,4,374.40000000000003,0.85,4.911387631975867,5.93482905982906,-1.023441427853193
technical_support,2025-12-06,863.0,763,5,776.0,4,374.40000000000003,0.85,2.4384112619406735,2.03792735042735,0.4004839115133234
technical_support,2025-12-07,691.0,784,6,634.75,4,374.40000000000003,0.85,1.9945638511814983,2.0940170940170937,-0.09945324283559542
technical_support,2025-12-08,1712.0,1410,0,1230.5,4,374.40000000000003,0.85,3.8665786827551534,3.7660256410256405,0.10055304172951285
technical_support,2025-12-09,1724.0,1460,1,1574.0,4,374.40000000000003,0.85,4.945952740070387,3.899572649572649,1.0463800904977383
technical_support,2025-12-10,1846.0,1467,2,1157.5,4,374.40000000000003,0.85,3.6371920563097033,3.9182692307692304,-0.28107717445952707
technical_support,2025-12-11,1249.0,1758,3,1622.25,4,374.40000000000003,0.85,5.097567873303167,4.69551282051282,0.40205505279034703
technical_support,2025-12-12,1194.0,1823,4,1529.5,4,374.40000000000003,0.85,4.806121166415284,4.869123931623931,-0.06300276520864667
technical_support,2025-12-13,1199.0,1511,5,751.75,4,374.40000000000003,0.85,2.3622109100050275,4.035790598290598,-1.6735796882855705
technical_support,2025-12-14,732.0,1493,6,650.25,4,374.40000000000003,0.85,2.043269230769231,3.987713675213675,-1.9444444444444442
technical_support,2025-12-15,929.0,2143,0,1319.75,4,374.40000000000003,0.85,4.147027400703871,5.723824786324786,-1.5767973856209148
technical_support,2025-12-16,753.0,2283,1,1620.0,4,374.40000000000003,0.85,5.090497737556561,6.09775641025641,-1.007258672699849
technical_support,2025-12-17,1086.0,2205,2,1335.5,4,374.40000000000003,0.85,4.196518350930115,5.889423076923077,-1.6929047259929613
technical_support,2025-12-18,1028.0,1573,3,1700.25,4,374.40000000000003,0.85,5.342665912518854,4.201388888888888,1.1412770236299652
technical_support,2025-12-19,1226.0,2136,4,1429.25,4,374.40000000000003,0.85,4.4911073403720465,5.705128205128204,-1.214020864756158
technical_support,2025-12-20,607.0,784,5,893.5,4,374.40000000000003,0.85,2.8076294620412265,2.0940170940170937,0.7136123680241329
technical_support,2025-12-21,430.0,403,6,708.0,4,374.40000000000003,0.85,2.22473604826546,1.0763888888888888,1.1483471593765713
technical_support,2025-12-22,1366.0,2281,0,1296.25,4,374.40000000000003,0.85,4.073183760683761,6.092414529914529,-2.0192307692307683
technical_support,2025-12-23,2524.0,2216,1,1436.25,4,374.40000000000003,0.85,4.513103318250377,5.918803418803418,-1.405700100553041
technical_support,2025-12-24,1653.0,1936,2,1444.25,4,374.40000000000003,0.85,4.538241578682755,5.17094017094017,-0.6326985922574151
technical_support,2025-12-25,1165.0,1527,3,1605.75,4,374.40000000000003,0.85,5.045720211161387,4.0785256410256405,0.9671945701357467
technical_support,2025-12-26,1085.0,1499,4,1351.25,4,374.40000000000003,0.85,4.24600930115636,4.003739316239316,0.2422699849170442
technical_support,2025-12-27,992.0,1118,5,909.0,4,374.40000000000003,0.85,2.8563348416289593,2.9861111111111107,-0.12977626948215137
technical_support,2025-12-28,361.0,1587,6,732.5,4,374.40000000000003,0.85,2.3017219708396177,4.238782051282051,-1.9370600804424334
technical_support,2025-12-29,1288.0,2364,0,1308.0,4,374.40000000000003,0.85,4.110105580693816,6.314102564102564,-2.2039969834087483
technical_support,2025-12-30,1603.0,1816,1,1610.25,4,374.40000000000003,0.85,5.0598604826546,4.85042735042735,0.20943313222725024
technical_support,2025-12-31,1873.0,1509,2,1529.0,4,374.40000000000003,0.85,4.80455002513826,4.030448717948717,0.7741013071895431
technical_support,2026-01-01,1677.0,1819,3,1417.0,4,374.40000000000003,0.85,4.4526143790849675,4.85844017094017,-0.40582579185520284
technical_support,2026-01-02,1344.0,1441,4,1262.5,4,374.40000000000003,0.85,3.9671317244846653,3.848824786324786,0.11830693815987914
technical_support,2026-01-03,1128.0,1466,5,915.25,4,374.40000000000003,0.85,2.8759741075917544,3.9155982905982905,-1.039624183006536
technical_support,2026-01-04,546.0,1528,6,553.5,4,374.40000000000003,0.85,1.7392533936651584,4.081196581196581,-2.3419431875314225
technical_support,2026-01-05,2340.0,1858,0,1323.75,4,374.40000000000003,0.85,4.15959653092006,4.962606837606837,-0.8030103066867769
technical_support,2026-01-06,1761.0,2258,1,1651.0,4,374.40000000000003,0.85,5.187908496732026,6.030982905982905,-0.8430744092508791
technical_support,2026-01-07,1220.0,2160,2,1614.5,4,374.40000000000003,0.85,5.073215183509301,5.769230769230768,-0.6960155857214669
technical_support,2026-01-08,1548.0,1431,3,1279.75,4,374.40000000000003,0.85,4.021336098541981,3.822115384615384,0.19922071392659646
technical_support,2026-01-09,1065.0,1487,4,1212.25,4,374.40000000000003,0.85,3.809232026143791,3.9716880341880336,-0.16245600804424276
technical_support,2026-01-10,489.0,720,5,981.5,4,374.40000000000003,0.85,3.0841503267973853,1.923076923076923,1.1610734037204624
technical_support,2026-01-11,636.0,711,6,517.25,4,374.40000000000003,0.85,1.6253456510809452,1.8990384615384615,-0.27369281045751626
technical_support,2026-01-12,1139.0,2311,0,1480.75,4,374.40000000000003,0.85,4.65293489190548,6.172542735042734,-1.519607843137254
technical_support,2026-01-13,1602.0,2262,1,1660.25,4,374.40000000000003,0.85,5.216974610356963,6.041666666666666,-0.8246920563097033
technical_support,2026-01-14,1175.0,1710,2,1458.0,4,374.40000000000003,0.85,4.581447963800905,4.567307692307692,0.014140271493213064
technical_support,2026-01-15,2090.0,1765,3,1354.5,4,374.40000000000003,0.85,4.256221719457013,4.714209401709401,-0.45798768225238806
technical_support,2026-01-16,1238.0,2319,4,1180.0,4,374.40000000000003,0.85,3.7078934137757664,6.1939102564102555,-2.486016842634489
technical_support,2026-01-17,630.0,1133,5,804.0,4,374.40000000000003,0.85,2.526395173453997,3.0261752136752134,-0.49978004022121647
technical_support,2026-01-18,826.0,765,6,493.25,4,374.40000000000003,0.85,1.549930869783811,2.0432692307692304,-0.4933383609854194
technical_support,2026-01-19,1948.0,1971,0,1533.25,4,374.40000000000003,0.85,4.817904725992961,5.264423076923077,-0.4465183509301154
technical_support,2026-01-20,1127.0,1548,1,1872.5,4,374.40000000000003,0.85,5.883924082453494,4.134615384615384,1.74930869783811
technical_support,2026-01-21,1164.0,2247,2,1480.25,4,374.40000000000003,0.85,4.651363750628456,6.001602564102564,-1.3502388134741077
technical_support,2026-01-22,1900.0,1598,3,1620.0,4,374.40000000000003,0.85,5.090497737556561,4.268162393162393,0.8223353443941681
technical_support,2026-01-23,923.0,1849,4,1183.0,4,374.40000000000003,0.85,3.717320261437908,4.938568376068376,-1.2212481146304675
technical_support,2026-01-24,909.0,1136,5,809.75,4,374.40000000000003,0.85,2.544463298139769,3.034188034188034,-0.4897247360482653
technical_support,2026-01-25,586.0,753,6,592.25,4,374.40000000000003,0.85,1.8610168426344897,2.0112179487179485,-0.1502011060834587
technical_support,2026-01-26,2400.0,1855,0,1678.75,4,374.40000000000003,0.85,5.275106837606837,4.954594017094017,0.32051282051282026
technical_support,2026-01-27,2430.0,1908,1,1523.25,4,374.40000000000003,0.85,4.786481900452489,5.096153846153846,-0.30967194570135703
technical_support,2026-01-28,1822.0,2230,2,1358.0,4,374.40000000000003,0.85,4.267219708396179,5.956196581196581,-1.688976872800402
technical_support,2026-01-29,1663.0,2175,3,1803.75,4,374.40000000000003,0.85,5.667892156862745,5.809294871794871,-0.1414027149321262
technical_support,2026-01-30,1255.0,1104,4,1142.5,4,374.40000000000003,0.85,3.590057817998994,2.9487179487179485,0.6413398692810457
technical_support,2026-01-31,400.0,725,5,789.0,4,374.40000000000003,0.85,2.479260935143288,1.9364316239316237,0.5428293112116644
technical_support,2026-02-01,864.0,1180,6,648.5,4,374.40000000000003,0.85,2.037770236299648,3.1517094017094016,-1.1139391654097537
technical_support,2026-02-02,1213.0,1881,0,1956.75,4,374.40000000000003,0.85,6.148661387631976,5.024038461538461,1.1246229260935152
technical_support,2026-02-03,2123.0,2243,1,1730.0,4,374.40000000000003,0.85,5.43614881850176,5.990918803418803,-0.5547699849170433
technical_support,2026-02-04,2319.0,1883,2,1345.25,4,374.40000000000003,0.85,4.227155605832077,5.0293803418803416,-0.8022247360482648
technical_support,2026-02-05,1564.0,1852,3,1800.25,4,374.40000000000003,0.85,5.656894167923579,4.946581196581196,0.7103129713423835
technical_support,2026-02-06,1409.0,1827,4,1120.25,4,374.40000000000003,0.85,3.5201420311714426,4.879807692307692,-1.359665661136249
technical_support,2026-02-07,763.0,1070,5,607.0,4,374.40000000000003,0.85,1.9073655103066867,2.8579059829059825,-0.9505404725992959
technical_support,2026-02-08,466.0,1110,6,728.0,4,374.40000000000003,0.85,2.287581699346405,2.9647435897435894,-0.6771618903971843
technical_support,2026-02-09,1632.0,1796,0,1675.0,4,374.40000000000003,0.85,5.26332327802916,4.797008547008547,0.4663147310206135
technical_support,2026-02-10,1449.0,2151,1,1820.5,4,374.40000000000003,0.85,5.720525389643036,5.7451923076923075,-0.024666918049271125
technical_support,2026-02-11,895.0,2232,2,1620.0,4,374.40000000000003,0.85,5.090497737556561,5.961538461538461,-0.8710407239819
technical_support,2026-02-12,770.0,2177,3,1804.25,4,374.40000000000003,0.85,5.669463298139768,5.814636752136751,-0.1451734539969829
technical_support,2026-02-13,1485.0,1584,4,1206.25,4,374.40000000000003,0.85,3.7903783308195074,4.23076923076923,-0.4403908999497226
technical_support,2026-02-14,855.0,1082,5,675.5,4,374.40000000000003,0.85,2.122611865258924,2.889957264957265,-0.7673453996983408
technical_support,2026-02-15,1351.0,1096,6,685.5,4,374.40000000000003,0.85,2.1540346907993966,2.927350427350427,-0.7733157365510306
technical_support,2026-02-16,1324.0,1409,0,1798.25,4,374.40000000000003,0.85,5.650609602815485,3.7633547008547006,1.8872549019607843
technical_support,2026-02-17,1137.0,2185,1,1782.25,4,374.40000000000003,0.85,5.600333081950729,5.8360042735042725,-0.23567119155354366
technical_support,2026-02-18,1465.0,2249,2,1550.0,4,374.40000000000003,0.85,4.8705379587732525,6.006944444444444,-1.1364064856711913
technical_support,2026-02-19,1508.0,1887,3,1474.25,4,374.40000000000003,0.85,4.632510055304173,5.040064102564102,-0.4075540472599295
technical_support,2026-02-20,1391.0,2296,4,1268.0,4,374.40000000000003,0.85,3.9844142785319256,6.132478632478632,-2.1480643539467064
technical_support,2026-02-21,1241.0,1461,5,731.75,4,374.40000000000003,0.85,2.2993652589240825,3.9022435897435894,-1.602878330819507
technical_support,2026-02-22,1194.0,1525,6,816.75,4,374.40000000000003,0.85,2.5664592760180995,4.073183760683761,-1.5067244846656611
technical_support,2026-02-23,1428.0,1557,0,1642.25,4,374.40000000000003,0.85,5.160413524384112,4.158653846153846,1.0017596782302665
technical_support,2026-02-24,1449.0,1436,1,1784.75,4,374.40000000000003,0.85,5.608188788335847,3.835470085470085,1.7727187028657623
technical_support,2026-02-25,2128.0,2229,2,1625.25,4,374.40000000000003,0.85,5.106994720965309,5.9535256410256405,-0.8465309200603315
technical_support,2026-02-26,1336.0,1316,3,1376.25,4,374.40000000000003,0.85,4.324566365007541,3.5149572649572645,0.809609100050277
technical_support,2026-02-27,832.0,2176,4,1385.0,4,374.40000000000003,0.85,4.352061337355455,5.811965811965812,-1.459904474610357
technical_support,2026-02-28,718.0,1158,5,814.75,4,374.40000000000003,0.85,2.560174710910005,3.0929487179487176,-0.5327740070387126
technical_support,2026-03-01,878.0,1537,6,968.75,4,374.40000000000003,0.85,3.044086224233283,4.105235042735043,-1.0611488185017595
technical_support,2026-03-02,2168.0,2167,0,1399.25,4,374.40000000000003,0.85,4.396838863750628,5.78792735042735,-1.391088486676722
technical_support,2026-03-03,1932.0,2230,1,1539.5,4,374.40000000000003,0.85,4.837543991955757,5.956196581196581,-1.1186525892408241
technical_support,2026-03-04,1673.0,1930,2,1701.75,4,374.40000000000003,0.85,5.347379336349924,5.15491452991453,0.1924648064353942
technical_support,2026-03-05,1857.0,1808,3,1294.5,4,374.40000000000003,0.85,4.067684766214178,4.829059829059829,-0.7613750628456506
technical_support,2026-03-06,2333.0,1975,4,1279.25,4,374.40000000000003,0.85,4.019764957264957,5.275106837606837,-1.2553418803418799
technical_support,2026-03-07,960.0,761,5,894.25,4,374.40000000000003,0.85,2.809986173956762,2.0325854700854697,0.7774007038712925
technical_support,2026-03-08,604.0,1162,6,972.25,4,374.40000000000003,0.85,3.0550842131724485,3.1036324786324783,-0.04854826546002977
technical_support,2026-03-09,943.0,2147,0,1638.0,4,374.40000000000003,0.85,5.147058823529411,5.734508547008547,-0.5874497234791356
technical_support,2026-03-10,1772.0,1462,1,1491.75,4,374.40000000000003,0.85,4.6875,3.9049145299145294,0.7825854700854706
technical_support,2026-03-11,1920.0,1476,2,1540.25,4,374.40000000000003,0.85,4.839900703871292,3.942307692307692,0.8975930115635999
technical_support,2026-03-12,1941.0,2224,3,1367.75,4,374.40000000000003,0.85,4.297856963298139,5.9401709401709395,-1.6423139768728001
technical_support,2026-03-13,1989.0,2324,4,1510.25,4,374.40000000000003,0.85,4.7456322272498745,6.2072649572649565,-1.461632730015082
technical_support,2026-03-14,1440.0,1124,5,943.5,4,374.40000000000003,0.85,2.96474358974359,3.0021367521367517,-0.037393162393161816
technical_support,2026-03-15,358.0,1163,6,1006.75,4,374.40000000000003,0.85,3.163492961287079,3.1063034188034186,0.05718954248366037
technical_support,2026-03-16,1950.0,1544,0,1465.75,4,374.40000000000003,0.85,4.6058006535947715,4.1239316239316235,0.48186902966314804
technical_support,2026-03-17,1904.0,2167,1,1572.5,4,374.40000000000003,0.85,4.941239316239316,5.78792735042735,-0.8466880341880341
technical_support,2026-03-18,1656.0,1838,2,1796.5,4,374.40000000000003,0.85,5.645110608345902,4.909188034188034,0.7359225741578683
technical_support,2026-03-19,1461.0,1891,3,1660.5,4,374.40000000000003,0.85,5.217760180995475,5.050747863247863,0.16701231774761194
technical_support,2026-03-20,769.0,1962,4,1636.25,4,374.40000000000003,0.85,5.141559829059829,5.240384615384615,-0.0988247863247862
technical_support,2026-03-21,1534.0,1478,5,1089.75,4,374.40000000000003,0.85,3.4243024132730016,3.9476495726495724,-0.5233471593765708
technical_support,2026-03-22,295.0,778,6,758.5,4,374.40000000000003,0.85,2.3834213172448466,2.0779914529914527,0.3054298642533939
technical_support,2026-03-23,1402.0,1888,0,1622.25,4,374.40000000000003,0.85,5.097567873303167,5.042735042735043,0.05483283056812471
technical_support,2026-03-24,834.0,1150,1,1764.25,4,374.40000000000003,0.85,5.543771995977878,3.0715811965811963,2.472190799396682
technical_support,2026-03-25,1492.0,1802,2,1844.25,4,374.40000000000003,0.85,5.795154600301659,4.813034188034187,0.9821204122674718
technical_support,2026-03-26,1742.0,2288,3,1648.75,4,374.40000000000003,0.85,5.18083836098542,6.111111111111111,-0.9302727501256909
technical_support,2026-03-27,754.0,1929,4,1480.75,4,374.40000000000003,0.85,4.65293489190548,5.152243589743589,-0.49930869783810916
technical_support,2026-03-28,455.0,1084,5,1163.0,4,374.40000000000003,0.85,3.654474610356963,2.8952991452991452,0.759175465057818
technical_support,2026-03-29,528.0,1927,6,533.75,4,374.40000000000003,0.85,1.677193313222725,5.146901709401709,-3.4697083961789836
technical_support,2026-03-30,2484.0,2288,0,1615.75,4,374.40000000000003,0.85,5.07714303670186,6.111111111111111,-1.033968074409251
technical_support,2026-03-31,1525.0,2204,1,1610.5,4,374.40000000000003,0.85,5.060646053293112,5.886752136752136,-0.8261060834590239
technical_support,2026-04-01,1440.0,1122,2,1685.25,4,374.40000000000003,0.85,5.295531674208145,2.9967948717948714,2.2987368024132735
technical_support,2026-04-02,2089.0,2265,3,1750.25,4,374.40000000000003,0.85,5.499780040221217,6.049679487179486,-0.5498994469582694
technical_support,2026-04-03,1784.0,1880,4,1461.25,4,374.40000000000003,0.85,4.5916603821015585,5.021367521367521,-0.4297071392659628
technical_support,2026-04-04,186.0,2249,5,1097.25,4,374.40000000000003,0.85,3.447869532428356,6.006944444444444,-2.559074912016088
technical_support,2026-04-05,590.0,744,6,446.25,4,374.40000000000003,0.85,1.4022435897435896,1.987179487179487,-0.5849358974358974
technical_support,2026-04-06,1594.0,2315,0,1694.75,4,374.40000000000003,0.85,5.325383358471593,6.183226495726495,-0.8578431372549016
technical_support,2026-04-07,1173.0,1920,1,1508.75,4,374.40000000000003,0.85,4.740918803418803,5.128205128205128,-0.3872863247863245
technical_support,2026-04-08,1074.0,2222,2,1627.0,4,374.40000000000003,0.85,5.1124937154348915,5.93482905982906,-0.8223353443941681
technical_support,2026-04-09,1243.0,1500,3,1808.25,4,374.40000000000003,0.85,5.682032428355957,4.006410256410256,1.675622171945701
technical_support,2026-04-10,794.0,2080,4,1324.0,4,374.40000000000003,0.85,4.1603821015585725,5.555555555555555,-1.395173453996983
technical_support,2026-04-11,960.0,737,5,903.75,4,374.40000000000003,0.85,2.839837858220211,1.9684829059829059,0.8713549522373052
technical_support,2026-04-12,576.0,795,6,442.75,4,374.40000000000003,0.85,1.3912456008044243,2.1233974358974357,-0.7321518350930114
technical_support,2026-04-13,1226.0,1091,0,1857.5,4,374.40000000000003,0.85,5.8367898441427855,2.913995726495726,2.9227941176470593
technical_support,2026-04-14,1759.0,1879,1,1359.0,4,374.40000000000003,0.85,4.270361990950226,5.018696581196581,-0.7483345902463547
technical_support,2026-04-15,1038.0,2279,2,1415.5,4,374.40000000000003,0.85,4.447900955253896,6.087072649572649,-1.6391716943187529
technical_support,2026-04-16,1890.0,1501,3,1633.75,4,374.40000000000003,0.85,5.133704122674711,4.009081196581196,1.1246229260935152
technical_support,2026-04-17,1221.0,2213,4,1025.25,4,374.40000000000003,0.85,3.221625188536953,5.910790598290598,-2.689165409753645
technical_support,2026-04-18,797.0,1168,5,783.75,4,374.40000000000003,0.85,2.46276395173454,3.1196581196581192,-0.6568941679235794
technical_support,2026-04-19,878.0,731,6,497.25,4,374.40000000000003,0.85,1.5625,1.9524572649572647,-0.3899572649572647
technical_support,2026-04-20,1512.0,2197,0,1676.5,4,374.40000000000003,0.85,5.268036701860231,5.868055555555555,-0.6000188536953246
technical_support,2026-04-21,1820.0,2245,1,1322.75,4,374.40000000000003,0.85,4.156454248366013,5.996260683760683,-1.83980643539467
technical_support,2026-04-22,1315.0,1849,2,1261.0,4,374.40000000000003,0.85,3.9624183006535945,4.938568376068376,-0.9761500754147812
technical_support,2026-04-23,1572.0,1647,3,1741.0,4,374.40000000000003,0.85,5.47071392659628,4.399038461538461,1.0716754650578189
technical_support,2026-04-24,2094.0,2161,4,1138.25,4,374.40000000000003,0.85,3.5767031171442936,5.771901709401709,-2.195198592257415
technical_support,2026-04-25,549.0,1571,5,599.5,4,374.40000000000003,0.85,1.8837983911513323,4.1960470085470085,-2.312248617395676
technical_support,2026-04-26,546.0,1177,6,643.0,4,374.40000000000003,0.85,2.020487682252388,3.143696581196581,-1.1232088989441928
technical_support,2026-04-27,1293.0,1511,0,1704.0,4,374.40000000000003,0.85,5.3544494720965305,4.035790598290598,1.3186588738059326
technical_support,2026-04-28,1906.0,1912,1,1569.25,4,374.40000000000003,0.85,4.931026897938662,5.1068376068376065,-0.17581070889894423
technical_support,2026-04-29,1464.0,2271,2,1216.75,4,374.40000000000003,0.85,3.8233722976370035,6.065705128205128,-2.2423328305681243
technical_support,2026-04-30,1396.0,1547,3,1698.5,4,374.40000000000003,0.85,5.337166918049271,4.131944444444444,1.2052224736048274
technical_support,2026-05-01,1403.0,1511,4,1473.25,4,374.40000000000003,0.85,4.6293677727501255,4.035790598290598,0.5935771744595275
technical_support,2026-05-02,222.0,1474,5,623.0,4,374.40000000000003,0.85,1.9576420311714429,3.9369658119658117,-1.9793237807943689
technical_support,2026-05-03,1005.0,1756,6,647.5,4,374.40000000000003,0.85,2.0346279537456007,4.6901709401709395,-2.655542986425339
technical_support,2026-05-04,1301.0,1871,0,1406.25,4,374.40000000000003,0.85,4.418834841628959,4.99732905982906,-0.5784942182001007
technical_support,2026-05-05,1165.0,1450,1,1664.5,4,374.40000000000003,0.85,5.230329311211664,3.8728632478632474,1.3574660633484164
technical_support,2026-05-06,1467.0,1526,2,1222.75,4,374.40000000000003,0.85,3.842225992961287,4.0758547008547,-0.23362870789341317
technical_support,2026-05-07,476.0,2244,3,1525.25,4,374.40000000000003,0.85,4.792766465560583,5.993589743589743,-1.2008232780291594
technical_support,2026-05-08,1203.0,2350,4,1378.0,4,374.40000000000003,0.85,4.330065359477124,6.276709401709401,-1.9466440422322773
technical_support,2026-05-09,960.0,746,5,632.0,4,374.40000000000003,0.85,1.9859225741578683,1.9925213675213673,-0.006598793363499
technical_support,2026-05-10,1113.0,1054,6,751.25,4,374.40000000000003,0.85,2.360639768728004,2.81517094017094,-0.4545311714429361
technical_support,2026-05-11,2226.0,2232,0,1333.0,4,374.40000000000003,0.85,4.188662644544998,5.961538461538461,-1.772875816993463
technical_support,2026-05-12,1579.0,1479,1,1662.5,4,374.40000000000003,0.85,5.224044746103569,3.9503205128205123,1.273724233283057
technical_support,2026-05-13,2297.0,1880,2,1321.0,4,374.40000000000003,0.85,4.15095525389643,5.021367521367521,-0.8704122674710915
technical_support,2026-05-14,1220.0,2213,3,1333.5,4,374.40000000000003,0.85,4.190233785822021,5.910790598290598,-1.720556812468577
technical_support,2026-05-15,1004.0,2146,4,1480.25,4,374.40000000000003,0.85,4.651363750628456,5.7318376068376065,-1.0804738562091503
technical_support,2026-05-16,1243.0,1154,5,632.0,4,374.40000000000003,0.85,1.9859225741578683,3.082264957264957,-1.0963423831070886
technical_support,2026-05-17,924.0,1097,6,885.5,4,374.40000000000003,0.85,2.7824912016088486,2.930021367521367,-0.14753016591251855
technical_support,2026-05-18,1811.0,1952,0,1583.0,4,374.40000000000003,0.85,4.974233283056813,5.213675213675213,-0.23944193061840036
technical_support,2026-05-19,2550.0,2286,1,1617.5,4,374.40000000000003,0.85,5.082642031171443,6.10576923076923,-1.0231271995977869
technical_support,2026-05-20,1056.0,1545,2,1635.75,4,374.40000000000003,0.85,5.139988687782806,4.126602564102564,1.0133861236802417
technical_support,2026-05-21,1721.0,2234,3,1166.0,4,374.40000000000003,0.85,3.663901458019105,5.9668803418803416,-2.3029788838612366
technical_support,2026-05-22,1061.0,1100,4,1426.0,4,374.40000000000003,0.85,4.480894922071393,2.938034188034188,1.542860734037205
technical_support,2026-05-23,835.0,754,5,743.5,4,374.40000000000003,0.85,2.336287078934138,2.013888888888889,0.32239819004524906
technical_support,2026-05-24,148.0,751,6,897.0,4,374.40000000000003,0.85,2.818627450980392,2.005876068376068,0.8127513826043238
technical_support,2026-05-25,425.0,1826,0,1657.75,4,374.40000000000003,0.85,5.209118903971845,4.877136752136752,0.33198215183509294
technical_support,2026-05-26,1564.0,1498,1,1800.0,4,374.40000000000003,0.85,5.656108597285067,4.001068376068376,1.6550402212166917
technical_support,2026-05-27,1440.0,1163,2,1571.0,4,374.40000000000003,0.85,4.936525892408246,3.1063034188034186,1.830222473604827
technical_support,2026-05-28,1883.0,2304,3,1203.25,4,374.40000000000003,0.85,3.7809514831573656,6.153846153846153,-2.3728946706887877
technical_support,2026-05-29,1316.0,1875,4,1167.75,4,374.40000000000003,0.85,3.669400452488688,5.00801282051282,-1.3386123680241324
technical_support,2026-05-30,472.0,1589,5,815.0,4,374.40000000000003,0.85,2.5609602815485166,4.244123931623931,-1.6831636500754144
technical_support,2026-05-31,1421.0,1804,6,797.5,4,374.40000000000003,0.85,2.5059703368526898,4.818376068376068,-2.3124057315233784
technical_support,2026-06-01,1402.0,1870,0,1440.75,4,374.40000000000003,0.85,4.527243589743589,4.994658119658119,-0.4674145299145298
technical_support,2026-06-02,1255.0,1467,1,1714.5,4,374.40000000000003,0.85,5.387443438914027,3.9182692307692304,1.4691742081447967
technical_support,2026-06-03,1508.0,1518,2,1565.0,4,374.40000000000003,0.85,4.917672197083962,4.054487179487179,0.8631850175967832
technical_support,2026-06-04,1932.0,2126,3,1325.0,4,374.40000000000003,0.85,4.16352438411262,5.678418803418803,-1.5148944193061835
technical_support,2026-06-05,716.0,1895,4,1146.0,4,374.40000000000003,0.85,3.60105580693816,5.0614316239316235,-1.4603758169934635
technical_support,2026-06-06,1099.0,1141,5,877.5,4,374.40000000000003,0.85,2.7573529411764706,3.0475427350427347,-0.2901897938662641
technical_support,2026-06-07,960.0,724,6,901.5,4,374.40000000000003,0.85,2.8327677224736045,1.9337606837606836,0.899007038712921
technical_support,2026-06-08,1920.0,1474,0,1466.0,4,374.40000000000003,0.85,4.606586224233283,3.9369658119658117,0.6696204122674709
technical_support,2026-06-09,2280.0,1784,1,1737.0,4,374.40000000000003,0.85,5.458144796380091,4.764957264957265,0.6931875314228257
technical_support,2026-06-10,949.0,2228,2,1575.25,4,374.40000000000003,0.85,4.949880593262946,5.9508547008547,-1.0009741075917544
technical_support,2026-06-11,1466.0,2118,3,1689.0,4,374.40000000000003,0.85,5.307315233785822,5.657051282051282,-0.3497360482654601
technical_support,2026-06-12,1142.0,2260,4,1024.25,4,374.40000000000003,0.85,3.218482905982906,6.036324786324786,-2.8178418803418803
technical_support,2026-06-13,546.0,1172,5,912.25,4,374.40000000000003,0.85,2.8665472599296127,3.13034188034188,-0.2637946204122672
technical_support,2026-06-14,1461.0,1526,6,863.25,4,374.40000000000003,0.85,2.712575414781297,4.0758547008547,-1.363279286073403
technical_support,2026-06-15,1428.0,2310,0,1389.5,4,374.40000000000003,0.85,4.366201608848668,6.169871794871795,-1.803670186023127
technical_support,2026-06-16,1395.0,2297,1,1912.25,4,374.40000000000003,0.85,6.008829813976873,6.135149572649572,-0.1263197586726994
technical_support,2026-06-17,1470.0,2262,2,1238.25,4,374.40000000000003,0.85,3.8909313725490193,6.041666666666666,-2.1507352941176467
technical_support,2026-06-18,869.0,1820,3,1750.5,4,374.40000000000003,0.85,5.500565610859728,4.861111111111111,0.6394544997486173
technical_support,2026-06-19,1426.0,2252,4,1058.75,4,374.40000000000003,0.85,3.3268916540975364,6.014957264957264,-2.6880656108597276
technical_support,2026-06-20,900.0,1081,5,738.0,4,374.40000000000003,0.85,2.3190045248868776,2.8872863247863245,-0.5682817998994469
technical_support,2026-06-21,783.0,1407,6,997.5,4,374.40000000000003,0.85,3.1344268476621417,3.7580128205128203,-0.6235859728506785
technical_support,2026-06-22,1574.0,2269,0,1293.75,4,374.40000000000003,0.85,4.065328054298642,6.060363247863247,-1.995035193564605
technical_support,2026-06-23,2306.0,1915,1,1623.5,4,374.40000000000003,0.85,5.101495726495727,5.114850427350427,-0.013354700854700141
technical_support,2026-06-24,1395.0,1865,2,1341.75,4,374.40000000000003,0.85,4.216157616892911,4.981303418803418,-0.7651458019105073
technical_support,2026-06-25,1068.0,1821,3,1537.5,4,374.40000000000003,0.85,4.831259426847662,4.863782051282051,-0.0325226244343888
technical_support,2026-06-26,1291.0,1912,4,1150.0,4,374.40000000000003,0.85,3.613624937154349,5.1068376068376065,-1.4932126696832575
technical_support,2026-06-27,856.0,1447,5,754.25,4,374.40000000000003,0.85,2.3700666163901456,3.864850427350427,-1.4947838109602816
technical_support,2026-06-28,324.0,1097,6,1156.25,4,374.40000000000003,0.85,3.633264203117144,2.930021367521367,0.7032428355957769
technical_support,2026-06-29,1161.0,1540,0,1581.0,4,374.40000000000003,0.85,4.967948717948718,4.113247863247863,0.8547008547008552
technical_support,2026-06-30,1440.0,1127,1,1809.0,4,374.40000000000003,0.85,5.6843891402714934,3.0101495726495724,2.674239567621921
technical_support,2026-07-01,2338.0,2274,2,1330.5,4,374.40000000000003,0.85,4.180806938159879,6.073717948717948,-1.8929110105580689
technical_support,2026-07-02,980.0,1500,3,1333.75,4,374.40000000000003,0.85,4.191019356460533,4.006410256410256,0.18460910005027653
technical_support,2026-07-03,934.0,2262,4,1143.75,4,374.40000000000003,0.85,3.5939856711915534,6.041666666666666,-2.4476809954751126
technical_support,2026-07-04,601.0,712,5,850.25,4,374.40000000000003,0.85,2.671725741578683,1.9017094017094016,0.7700163398692812
technical_support,2026-07-05,707.0,1155,6,882.0,4,374.40000000000003,0.85,2.771493212669683,3.0849358974358974,-0.3134426847662142
technical_support,2026-07-06,1470.0,1139,0,1520.75,4,374.40000000000003,0.85,4.77862619406737,3.0422008547008543,1.7364253393665159
technical_support,2026-07-07,1294.0,1868,1,1855.25,4,374.40000000000003,0.85,5.829719708396179,4.9893162393162385,0.8404034690799405
technical_support,2026-07-08,673.0,1727,2,1538.0,4,374.40000000000003,0.85,4.8328305681246855,4.612713675213675,0.2201168929110109
technical_support,2026-07-09,1215.0,1416,3,1095.75,4,374.40000000000003,0.85,3.443156108597285,3.7820512820512815,-0.33889517345399645
technical_support,2026-07-10,1388.0,1861,4,1198.25,4,374.40000000000003,0.85,3.765240070387129,4.970619658119658,-1.2053795877325286
technical_support,2026-07-11,363.0,1513,5,725.75,4,374.40000000000003,0.85,2.280511563599799,4.041132478632479,-1.7606209150326797
technical_support,2026-07-12,534.0,777,6,818.75,4,374.40000000000003,0.85,2.572743841126194,2.0753205128205128,0.49742332830568126
technical_support,2026-07-13,1519.0,1798,0,1408.25,4,374.40000000000003,0.85,4.425119406737053,4.802350427350427,-0.3772310206133733
technical_support,2026-07-14,1540.0,1936,1,1608.75,4,374.40000000000003,0.85,5.055147058823529,5.17094017094017,-0.11579311211664134
technical_support,2026-07-15,1682.0,1874,2,1469.0,4,374.40000000000003,0.85,4.616013071895424,5.00534188034188,-0.38932880844645545
technical_support,2026-07-16,703.0,1852,3,1033.0,4,374.40000000000003,0.85,3.2459778783308195,4.946581196581196,-1.7006033182503764
technical_support,2026-07-17,1250.0,1783,4,1259.75,4,374.40000000000003,0.85,3.9584904474610356,4.7622863247863245,-0.8037958773252889
technical_support,2026-07-18,856.0,1454,5,680.0,4,374.40000000000003,0.85,2.1367521367521367,3.883547008547008,-1.7467948717948714
technical_support,2026-07-19,1755.0,1858,6,587.0,4,374.40000000000003,0.85,1.8445198592257415,4.962606837606837,-3.118086978381096
technical_support,2026-07-20,1207.0,2410,0,1431.0,4,374.40000000000003,0.85,4.496606334841629,6.436965811965812,-1.9403594771241828
technical_support,2026-07-21,2165.0,1761,1,1645.0,4,374.40000000000003,0.85,5.169054801407743,4.7035256410256405,0.46552916038210235
technical_support,2026-07-22,1439.0,1764,2,1522.0,4,374.40000000000003,0.85,4.7825540472599295,4.711538461538461,0.07101558572146871
technical_support,2026-07-23,1945.0,1831,3,991.5,4,374.40000000000003,0.85,3.1155731523378583,4.890491452991452,-1.774918300653594
technical_support,2026-07-24,2400.0,1918,4,1215.75,4,374.40000000000003,0.85,3.8202300150829562,5.122863247863247,-1.3026332327802908
technical_support,2026-07-25,857.0,1537,5,669.0,4,374.40000000000003,0.85,2.102187028657617,4.105235042735043,-2.0030480140774256
technical_support,2026-07-26,810.0,1124,6,830.0,4,374.40000000000003,0.85,2.608094519859226,3.0021367521367517,-0.3940422322775259
technical_support,2026-07-27,1807.0,1856,0,1339.25,4,374.40000000000003,0.85,4.208301910507792,4.9572649572649565,-0.7489630467571642
technical_support,2026-07-28,1740.0,1318,1,1609.75,4,374.40000000000003,0.85,5.058289341377576,3.520299145299145,1.5379901960784315
technical_support,2026-07-29,1726.0,1584,2,1533.0,4,374.40000000000003,0.85,4.817119155354449,4.23076923076923,0.5863499245852193
technical_support,2026-07-30,1567.0,2273,3,1210.75,4,374.40000000000003,0.85,3.80451860231272,6.071047008547008,-2.2665284062342876
technical_support,2026-07-31,1500.0,1515,4,1493.0,4,374.40000000000003,0.85,4.691427853192559,4.046474358974359,0.6449534942182007
technical_support,2026-08-01,687.0,767,5,669.25,4,374.40000000000003,0.85,2.1029725992961286,2.0486111111111107,0.05436148818501785
technical_support,2026-08-02,707.0,756,6,951.5,4,374.40000000000003,0.85,2.989881850175968,2.019230769230769,0.9706510809451987
technical_support,2026-08-03,944.0,1488,0,1500.75,4,374.40000000000003,0.85,4.715780542986425,3.974358974358974,0.7414215686274512
technical_support,2026-08-04,1052.0,2263,1,1684.75,4,374.40000000000003,0.85,5.293960532931121,6.0443376068376065,-0.7503770739064857
technical_support,2026-08-05,1212.0,1155,2,1380.0,4,374.40000000000003,0.85,4.336349924585218,3.0849358974358974,1.251414027149321
technical_support,2026-08-06,1091.0,2137,3,1357.5,4,374.40000000000003,0.85,4.265648567119155,5.707799145299145,-1.44215057817999
technical_support,2026-08-07,1404.0,1485,4,1634.5,4,374.40000000000003,0.85,5.136060834590246,3.9663461538461533,1.169714680744093
technical_support,2026-08-08,932.0,734,5,690.75,4,374.40000000000003,0.85,2.170531674208145,1.9604700854700854,0.21006158873805947
technical_support,2026-08-09,567.0,1858,6,951.5,4,374.40000000000003,0.85,2.989881850175968,4.962606837606837,-1.9727249874308694
technical_support,2026-08-10,1967.0,1890,0,1369.25,4,374.40000000000003,0.85,4.302570387129211,5.0480769230769225,-0.7455065359477118
technical_support,2026-08-11,507.0,2076,1,1624.25,4,374.40000000000003,0.85,5.103852438411262,5.544871794871795,-0.4410193564605329
technical_support,2026-08-12,1394.0,1468,2,1514.75,4,374.40000000000003,0.85,4.759772498743087,3.9209401709401708,0.838832327802916
technical_support,2026-08-13,1508.0,1754,3,1326.5,4,374.40000000000003,0.85,4.16823780794369,4.68482905982906,-0.5165912518853695
technical_support,2026-08-14,1552.0,2252,4,1638.5,4,374.40000000000003,0.85,5.148629964806435,6.014957264957264,-0.8663273001508287
technical_support,2026-08-15,857.0,1473,5,833.0,4,374.40000000000003,0.85,2.6175213675213675,3.9342948717948714,-1.3167735042735038
technical_support,2026-08-16,743.0,1110,6,959.75,4,374.40000000000003,0.85,3.0158056812468574,2.9647435897435894,0.051062091503268014
technical_support,2026-08-17,1890.0,1468,0,1481.25,4,374.40000000000003,0.85,4.654506033182503,3.9209401709401708,0.7335658622423327
technical_support,2026-08-18,1590.0,1883,1,1366.0,4,374.40000000000003,0.85,4.292357968828557,5.0293803418803416,-0.7370223730517846
technical_support,2026-08-19,2038.0,2182,2,1442.75,4,374.40000000000003,0.85,4.533528154851684,5.827991452991452,-1.2944632981397683
technical_support,2026-08-20,1610.0,1868,3,1527.75,4,374.40000000000003,0.85,4.800622171945701,4.9893162393162385,-0.1886940673705375
technical_support,2026-08-21,781.0,1872,4,1714.0,4,374.40000000000003,0.85,5.385872297637003,4.999999999999999,0.3858722976370039
technical_support,2026-08-22,1024.0,1440,5,833.25,4,374.40000000000003,0.85,2.618306938159879,3.846153846153846,-1.2278469079939667
technical_support,2026-08-23,930.0,726,6,706.75,4,374.40000000000003,0.85,2.220808195072901,1.9391025641025639,0.28170563097033696
technical_support,2026-08-24,1344.0,2179,0,1652.0,4,374.40000000000003,0.85,5.191050779286074,5.819978632478632,-0.6289278531925584
technical_support,2026-08-25,1453.0,1861,1,1222.25,4,374.40000000000003,0.85,3.8406548516842633,4.970619658119658,-1.1299648064353942
technical_support,2026-08-26,662.0,1438,2,1592.5,4,374.40000000000003,0.85,5.004084967320261,3.8408119658119655,1.1632730015082955
technical_support,2026-08-27,1305.0,2287,3,1444.0,4,374.40000000000003,0.85,4.537456008044243,6.10844017094017,-1.5709841628959271
technical_support,2026-08-28,1285.0,2312,4,1309.25,4,374.40000000000003,0.85,4.114033433886375,6.175213675213675,-2.0611802413272997
technical_support,2026-08-29,537.0,740,5,875.0,4,374.40000000000003,0.85,2.7494972347913524,1.9764957264957264,0.7730015082956261
technical_support,2026-08-30,960.0,812,6,736.75,4,374.40000000000003,0.85,2.3150766716943187,2.1688034188034186,0.1462732528909001
technical_support,2026-08-31,1530.0,2179,0,1536.25,4,374.40000000000003,0.85,4.827331573655103,5.819978632478632,-0.992647058823529
technical_support,2026-09-01,1198.0,1783,1,1150.5,4,374.40000000000003,0.85,3.6151960784313726,4.7622863247863245,-1.147090246354952
technical_support,2026-09-02,1878.0,1508,2,1326.5,4,374.40000000000003,0.85,4.16823780794369,4.027777777777778,0.14046003016591246
technical_support,2026-09-03,1992.0,2242,3,1378.5,4,374.40000000000003,0.85,4.331636500754148,5.988247863247863,-1.6566113624937149
technical_support,2026-09-04,1067.0,1537,4,1255.5,4,374.40000000000003,0.85,3.9451357466063346,4.105235042735043,-0.160099296128708
technical_support,2026-09-05,1350.0,1285,5,837.5,4,374.40000000000003,0.85,2.63166163901458,3.4321581196581192,-0.8004964806435391
technical_support,2026-09-06,611.0,751,6,800.0,4,374.40000000000003,0.85,2.513826043237808,2.005876068376068,0.5079499748617398
technical_support,2026-09-07,1383.0,1516,0,1682.75,4,374.40000000000003,0.85,5.287675967823026,4.049145299145299,1.2385306686777273
technical_support,2026-09-08,849.0,2200,1,1187.0,4,374.40000000000003,0.85,3.7298893916540976,5.876068376068376,-2.146178984414278
technical_support,2026-09-09,1716.0,1738,2,1493.0,4,374.40000000000003,0.85,4.691427853192559,4.642094017094017,0.04933383609854225
technical_support,2026-09-10,2400.0,1861,3,1603.75,4,374.40000000000003,0.85,5.039435646053293,4.970619658119658,0.06881598793363519
technical_support,2026-09-11,1222.0,1783,4,1171.25,4,374.40000000000003,0.85,3.680398441427853,4.7622863247863245,-1.0818878833584713
technical_support,2026-09-12,500.0,1925,5,942.0,4,374.40000000000003,0.85,2.9600301659125186,5.141559829059829,-2.1815296631473102
technical_support,2026-09-13,932.0,1596,6,811.0,4,374.40000000000003,0.85,2.5483911513323276,4.262820512820513,-1.7144293614881851
technical_support,2026-09-14,1272.0,1522,0,1536.75,4,374.40000000000003,0.85,4.828902714932126,4.0651709401709395,0.7637317747611867
technical_support,2026-09-15,2131.0,1888,1,1272.5,4,374.40000000000003,0.85,3.9985545500251383,5.042735042735043,-1.0441804927099043
technical_support,2026-09-16,2099.0,1824,2,1573.5,4,374.40000000000003,0.85,4.944381598793363,4.871794871794871,0.07258672699849189
technical_support,2026-09-17,512.0,1715,3,1826.75,4,374.40000000000003,0.85,5.740164655605832,4.580662393162393,1.1595022624434392
technical_support,2026-09-18,951.0,1874,4,1088.75,4,374.40000000000003,0.85,3.4211601307189543,5.00534188034188,-1.5841817496229256
technical_support,2026-09-19,904.0,1134,5,852.75,4,374.40000000000003,0.85,2.679581447963801,3.0288461538461537,-0.3492647058823528
technical_support,2026-09-20,1154.0,1504,6,858.25,4,374.40000000000003,0.85,2.696864002011061,4.017094017094017,-1.3202300150829562
technical_support,2026-09-21,1272.0,1112,0,1382.25,4,374.40000000000003,0.85,4.343420060331825,2.9700854700854697,1.3733345902463552
technical_support,2026-09-22,1503.0,1833,1,1407.75,4,374.40000000000003,0.85,4.42354826546003,4.895833333333333,-0.4722850678733028
technical_support,2026-09-23,1316.0,1711,2,1588.75,4,374.40000000000003,0.85,4.992301407742584,4.569978632478632,0.422322775263952
technical_support,2026-09-24,2370.0,1847,3,1552.25,4,374.40000000000003,0.85,4.877608094519859,4.933226495726495,-0.05561840120663586
technical_support,2026-09-25,1440.0,1128,4,1131.25,4,374.40000000000003,0.85,3.554707139265963,3.0128205128205123,0.5418866264454505
technical_support,2026-09-26,645.0,1156,5,822.75,4,374.40000000000003,0.85,2.585312971342383,3.0876068376068373,-0.5022938662644543
technical_support,2026-09-27,960.0,783,6,914.25,4,374.40000000000003,0.85,2.872831825037707,2.0913461538461537,0.7814856711915534
technical_support,2026-09-28,1828.0,1878,0,1364.25,4,374.40000000000003,0.85,4.2868589743589745,5.0160256410256405,-0.7291666666666661
technical_support,2026-09-29,1730.0,1873,1,1420.25,4,374.40000000000003,0.85,4.46282679738562,5.0026709401709395,-0.5398441427853191
technical_support,2026-09-30,1052.0,1941,2,1752.25,4,374.40000000000003,0.85,5.506064605329311,5.184294871794871,0.32176973353444005
